"DIC 1s","1s","#fad2ba"
"DIC 2s","2s","#f6ccc2"
"DIC 3s","3s","#f0c4d7"
"DIC 4s*","4s","#ffaeb0"
"DIC 5s*","5s","#ffc1ae"
"DIC 6s*","6s","#ffb594"
"DIC 7s","7s","#fdc594"
"DIC 8s","8s","#fad499"
"DIC 9s","9s","#f6e293"
"DIC 10s","10s","#dae894"
"DIC 11s*","11s","#cbe591"
"DIC 12s*","12s","#c1df8c"
"DIC 13s*","13s","#addc99"
"DIC 14s*","14s","#9bd79a"
"DIC 15s*","15s","#6cdab9"
"DIC 16s*","16s","#74d9ce"
"DIC 17s*","17s","#8bdbd9"
"DIC 18s*","18s","#72d5d6"
"DIC 19s*","19s","#8ed2da"
"DIC 20s","20s","#96d0de"
"DIC 21s","21s","#b6d0e4"
"DIC 22s","22s","#ccd6e5"
"DIC 23s","23s","#e1bdd3"
"DIC 24s","24s","#f1b8d3"
"DIC 25s","25s","#f99dba"
"DIC 26s*","26s","#fda4ba"
"DIC 27s","27s","#f683ae"
"DIC 28s","28s","#ff8ba2"
"DIC 29s*","29s","#ff91a2"
"DIC 30s*","30s","#ffa88d"
"DIC 31s*","31s","#ffba88"
"DIC 32s*","32s","#fdd08a"
"DIC 33s","33s","#f9e165"
"DIC 34s","34s","#dde15d"
"DIC 35s*","35s","#c2de79"
"DIC 36s*","36s","#95db7b"
"DIC 37s*","37s","#90dc98"
"DIC 38s*","38s","#55d4a5"
"DIC 39s*","39s","#43d4b3"
"DIC 40s*","40s","#00cfbb"
"DIC 41s*","41s","#40ceca"
"DIC 42s*","42s","#4acbd5"
"DIC 43s","43s","#82b8c4"
"DIC 44s*","44s","#a0bcdd"
"DIC 45s","45s","#bfb9da"
"DIC 46s","46s","#d091c3"
"DIC 47s*","47s","#de7cbb"
"DIC 48s*","48s","#e26cb4"
"DIC 49s*","49s","#f270a8"
"DIC 50s*","50s","#fa7499"
"DIC 51s*","51s","#ff7385"
"DIC 52s*","52s","#ff8570"
"DIC 53s","53s","#ff9673"
"DIC 54s*","54s","#ff9b6b"
"DIC 55s*","55s","#ffb970"
"DIC 56s","56s","#ffc266"
"DIC 57s","57s","#fbd957"
"DIC 58s","58s","#e1e57d"
"DIC 59s","59s","#c4dd69"
"DIC 60s*","60s","#aed766"
"DIC 61s*","61s","#8ed06c"
"DIC 62s*","62s","#74d68f"
"DIC 63s*","63s","#00cfa9"
"DIC 64s*","64s","#00cfb6"
"DIC 65s*","65s","#00cbbb"
"DIC 66s*","66s","#2ac5d0"
"DIC 67s*","67s","#34bedc"
"DIC 68s","68s","#30bede"
"DIC 69s","69s","#64add5"
"DIC 70s","70s","#6c96cb"
"DIC 71s*","71s","#c4a5e1"
"DIC 72s*","72s","#c28bd6"
"DIC 73s","73s","#db74bd"
"DIC 74s*","74s","#ed6ab0"
"DIC 75s*","75s","#f9789f"
"DIC 76s*","76s","#fa5f82"
"DIC 77s*","77s","#ff6474"
"DIC 78s*","78s","#ff5d64"
"DIC 79s*","79s","#ff6466"
"DIC 80s","80s","#ff7155"
"DIC 81s*","81s","#ff7d54"
"DIC 82s*","82s","#ff9251"
"DIC 83s*","83s","#ff9b46"
"DIC 84s*","84s","#ffb049"
"DIC 85s","85s","#ffb441"
"DIC 86s","86s","#ffc338"
"DIC 87s","87s","#fae540"
"DIC 88s","88s","#dde04b"
"DIC 89s*","89s","#bfe059"
"DIC 90s*","90s","#aad352"
"DIC 91s*","91s","#75c65a"
"DIC 92s*","92s","#09c66e"
"DIC 93s*","93s","#00c699"
"DIC 94s*","94s","#00c9ad"
"DIC 95s*","95s","#00c4ab"
"DIC 96s*","96s","#00c0c8"
"DIC 97s*","97s","#00bfcb"
"DIC 98s*","98s","#00bbd2"
"DIC 99s","99s","#00b2dc"
"DIC 100s","100s","#249ec9"
"DIC 101s","101s","#659fdd"
"DIC 102s","102s","#6fa0de"
"DIC 103s*","103s","#839cde"
"DIC 104s*","104s","#878fdb"
"DIC 105s*","105s","#9786d8"
"DIC 106s*","106s","#b285d9"
"DIC 107s*","107s","#c36cc8"
"DIC 108s*","108s","#b955a8"
"DIC 109s*","109s","#d560c3"
"DIC 110s*","110s","#d550a5"
"DIC 111s","111s","#e74d9c"
"DIC 112s","112s","#e84a99"
"DIC 113s","113s","#ef528a"
"DIC 114s","114s","#f14872"
"DIC 115s","115s","#fb586c"
"DIC 116s","116s","#fe5b5e"
"DIC 117s*","117s","#ff5b55"
"DIC 118s*","118s","#ff645a"
"DIC 119s*","119s","#ff754a"
"DIC 120s*","120s","#ff8c46"
"DIC 121s*","121s","#ff9846"
"DIC 122s*","122s","#ffa83f"
"DIC 123s*","123s","#ffb136"
"DIC 124s","124s","#ffbe3c"
"DIC 125s","125s","#ffd03a"
"DIC 126s","126s","#fbe215"
"DIC 127s","127s","#d8e13a"
"DIC 128s*","128s","#b5da40"
"DIC 129s*","129s","#64ce65"
"DIC 130s*","130s","#3fc75a"
"DIC 131s*","131s","#00c16c"
"DIC 132s*","132s","#00c18a"
"DIC 133s*","133s","#00c1ab"
"DIC 134s*","134s","#00b8b3"
"DIC 135s*","135s","#00b3be"
"DIC 136s","136s","#00b2c7"
"DIC 137s","137s","#00adcf"
"DIC 138s","138s","#00a4d6"
"DIC 139s","139s","#009dd6"
"DIC 140s","140s","#0098d9"
"DIC 141s","141s","#478fd8"
"DIC 142s*","142s","#6c8ed9"
"DIC 143s*","143s","#6373c2"
"DIC 144s*","144s","#746ecf"
"DIC 145s*","145s","#7669cd"
"DIC 146s*","146s","#a957ca"
"DIC 147s*","147s","#8f4aa3"
"DIC 148s","148s","#85438b"
"DIC 149s*","149s","#ae38b2"
"DIC 150s*","150s","#a630b2"
"DIC 151s*","151s","#c441a3"
"DIC 152s","152s","#cf3a9e"
"DIC 153s","153s","#de4297"
"DIC 154s","154s","#df3077"
"DIC 155s*","155s","#e12d6e"
"DIC 156s","156s","#f1464e"
"DIC 157s","157s","#f8514d"
"DIC 158s","158s","#fd594e"
"DIC 159s*","159s","#ff5d46"
"DIC 160s*","160s","#ff6c3f"
"DIC 161s*","161s","#ff823f"
"DIC 162s*","162s","#ff903e"
"DIC 163s*","163s","#ffa039"
"DIC 164s*","164s","#ffa930"
"DIC 165s","165s","#ffbd2f"
"DIC 166s","166s","#ffcd20"
"DIC 167s","167s","#fce000"
"DIC 168s","168s","#e1dd1d"
"DIC 169s","169s","#ccd51e"
"DIC 170s*","170s","#b1d238"
"DIC 171s*","171s","#6fc250"
"DIC 172s*","172s","#33b35e"
"DIC 173s","173s","#00af78"
"DIC 174s","174s","#00b681"
"DIC 175s*","175s","#00b19c"
"DIC 176s","176s","#00ada7"
"DIC 177s","177s","#00a9b9"
"DIC 178s","178s","#00a5c5"
"DIC 179s","179s","#009ad7"
"DIC 180s","180s","#0099cc"
"DIC 181s","181s","#008ac9"
"DIC 182s","182s","#007bd0"
"DIC 183s*","183s","#397ecf"
"DIC 184s","184s","#3c5e92"
"DIC 185s*","185s","#5957c4"
"DIC 186s*","186s","#6943b8"
"DIC 187s*","187s","#7444bb"
"DIC 188s*","188s","#703e9b"
"DIC 189s*","189s","#923fb9"
"DIC 190s*","190s","#a139b8"
"DIC 191s*","191s","#a03aa0"
"DIC 192s","192s","#a13c8b"
"DIC 193s","193s","#af3971"
"DIC 194s","194s","#d1307e"
"DIC 195s","195s","#c03770"
"DIC 196s","196s","#b24550"
"DIC 197s","197s","#c44a4e"
"DIC 198s","198s","#dc5547"
"DIC 199s","199s","#cf5b4b"
"DIC 200s","200s","#d66549"
"DIC 201s","201s","#d57845"
"DIC 202s","202s","#d0783d"
"DIC 203s","203s","#cc7c3b"
"DIC 204s*","204s","#f28e46"
"DIC 205s*","205s","#f4a739"
"DIC 206s*","206s","#f6b740"
"DIC 207s","207s","#ca9d3d"
"DIC 208s","208s","#d2b836"
"DIC 209s","209s","#c4ba38"
"DIC 210s*","210s","#a9b83e"
"DIC 211s*","211s","#85b251"
"DIC 212s","212s","#6aa34f"
"DIC 213s","213s","#4f9258"
"DIC 214s","214s","#4c9367"
"DIC 215s","215s","#00a07e"
"DIC 216s","216s","#00a085"
"DIC 217s","217s","#00959e"
"DIC 218s","218s","#007f92"
"DIC 219s","219s","#007991"
"DIC 220s","220s","#336698"
"DIC 221s","221s","#3672b7"
"DIC 222s","222s","#485bb3"
"DIC 223s*","223s","#5a58ab"
"DIC 224s","224s","#584a8d"
"DIC 225s","225s","#5d488a"
"DIC 226s","226s","#684588"
"DIC 227s","227s","#80497c"
"DIC 228s","228s","#75466a"
"DIC 229s","229s","#824672"
"DIC 230s","230s","#92435c"
"DIC 231s","231s","#944062"
"DIC 232s*","232s","#a6485e"
"DIC 233s","233s","#a7515e"
"DIC 234s","234s","#b64b56"
"DIC 235s","235s","#ba4d4c"
"DIC 236s*","236s","#b85548"
"DIC 237s*","237s","#cc614a"
"DIC 238s","238s","#b96b45"
"DIC 239s","239s","#b47543"
"DIC 240s","240s","#b28446"
"DIC 241s","241s","#bb8b43"
"DIC 242s","242s","#b79642"
"DIC 243s","243s","#958342"
"DIC 244s","244s","#a49838"
"DIC 245s","245s","#9e953e"
"DIC 246s","246s","#7b8f48"
"DIC 247s","247s","#6e8a47"
"DIC 248s*","248s","#62874f"
"DIC 249s*","249s","#548851"
"DIC 250s*","250s","#44916a"
"DIC 251s","251s","#2b6460"
"DIC 252s","252s","#00798c"
"DIC 253s","253s","#007891"
"DIC 254s","254s","#2d6792"
"DIC 255s","255s","#3f5686"
"DIC 256s","256s","#4e4e76"
"DIC 257s","257s","#634a72"
"DIC 258s","258s","#e9a9b3"
"DIC 259s","259s","#f1b7ba"
"DIC 260s","260s","#e2a1ad"
"DIC 261s*","261s","#f590a8"
"DIC 262s","262s","#d975a4"
"DIC 263s","263s","#c96e89"
"DIC 264s","264s","#c16689"
"DIC 265s","265s","#c36e8a"
"DIC 266s","266s","#e181a4"
"DIC 267s","267s","#d86b97"
"DIC 268s","268s","#e3659d"
"DIC 269s","269s","#d65f8e"
"DIC 270s","270s","#de6795"
"DIC 271s","271s","#b54177"
"DIC 272s","272s","#bb6582"
"DIC 273s","273s","#a1485e"
"DIC 274s*","274s","#ef7993"
"DIC 275s","275s","#ef869e"
"DIC 276s","276s","#e26597"
"DIC 277s","277s","#d55d82"
"DIC 278s","278s","#c85e7d"
"DIC 279s","279s","#c65780"
"DIC 280s","280s","#cf5988"
"DIC 281s","281s","#c04869"
"DIC 282s","282s","#b8547a"
"DIC 283s","283s","#a44859"
"DIC 284s*","284s","#db6983"
"DIC 285s","285s","#d15261"
"DIC 286s","286s","#ac516b"
"DIC 287s*","287s","#f4ab9c"
"DIC 288s*","288s","#f2938b"
"DIC 289s*","289s","#d97f85"
"DIC 290s","290s","#d28785"
"DIC 291s","291s","#c78e8a"
"DIC 292s","292s","#b16f70"
"DIC 293s","293s","#a7575d"
"DIC 294s*","294s","#e67074"
"DIC 295s","295s","#d3546a"
"DIC 296s","296s","#b4645b"
"DIC 297s*","297s","#c35d61"
"DIC 298s*","298s","#ba5b59"
"DIC 299s","299s","#b9535c"
"DIC 300s*","300s","#a0504f"
"DIC 301s","301s","#c17056"
"DIC 302s","302s","#b8664c"
"DIC 303s*","303s","#8f5d48"
"DIC 304s*","304s","#8b5147"
"DIC 305s*","305s","#9f4b4e"
"DIC 306s","306s","#a35f42"
"DIC 307s","307s","#8c5d4a"
"DIC 308s","308s","#7f5e4c"
"DIC 309s","309s","#845b4b"
"DIC 310s","310s","#6f5348"
"DIC 311s","311s","#675146"
"DIC 312s","312s","#6a5246"
"DIC 313s","313s","#c8995a"
"DIC 314s","314s","#c28b4d"
"DIC 315s*","315s","#c78461"
"DIC 316s*","316s","#d09a73"
"DIC 317s","317s","#ba7455"
"DIC 318s*","318s","#d39770"
"DIC 319s","319s","#ca7d5b"
"DIC 320s","320s","#c37459"
"DIC 321s","321s","#aa7452"
"DIC 322s","322s","#8f5f45"
"DIC 323s","323s","#936c4b"
"DIC 324s*","324s","#af815f"
"DIC 325s*","325s","#a26f50"
"DIC 326s*","326s","#9d624a"
"DIC 327s*","327s","#8e5547"
"DIC 328s","328s","#80584a"
"DIC 329s*","329s","#7c5943"
"DIC 330s*","330s","#6d5549"
"DIC 331s","331s","#6e594a"
"DIC 332s*","332s","#645147"
"DIC 333s*","333s","#665045"
"DIC 334s","334s","#c7ac7b"
"DIC 335s","335s","#d2ad6d"
"DIC 336s","336s","#c89c59"
"DIC 337s","337s","#b49058"
"DIC 338s","338s","#9e7541"
"DIC 339s","339s","#947247"
"DIC 340s","340s","#92714b"
"DIC 341s","341s","#8c6844"
"DIC 342s*","342s","#7a654b"
"DIC 343s","343s","#79674a"
"DIC 344s*","344s","#7a614c"
"DIC 345s*","345s","#855c4b"
"DIC 346s","346s","#806b51"
"DIC 347s*","347s","#6b604a"
"DIC 348s","348s","#a59e6a"
"DIC 349s","349s","#8d865b"
"DIC 350s","350s","#8c7e58"
"DIC 351s","351s","#73734e"
"DIC 352s","352s","#6b7252"
"DIC 353s","353s","#726f4a"
"DIC 354s","354s","#84724d"
"DIC 355s","355s","#757157"
"DIC 356s","356s","#6c644c"
"DIC 357s","357s","#abab71"
"DIC 358s*","358s","#b1bc78"
"DIC 359s*","359s","#aec475"
"DIC 360s*","360s","#b1c654"
"DIC 361s*","361s","#a2b444"
"DIC 362s","362s","#8ea146"
"DIC 363s","363s","#98b56a"
"DIC 364s*","364s","#90b97b"
"DIC 365s*","365s","#84ae60"
"DIC 366s","366s","#79a26f"
"DIC 367s","367s","#70a165"
"DIC 368s","368s","#708f4d"
"DIC 369s","369s","#788856"
"DIC 370s","370s","#878f54"
"DIC 371s","371s","#9e8e3e"
"DIC 372s","372s","#8c8e43"
"DIC 373s","373s","#777b43"
"DIC 374s","374s","#6d7747"
"DIC 375s*","375s","#637e50"
"DIC 376s","376s","#4d7b54"
"DIC 377s","377s","#4b7456"
"DIC 378s","378s","#456b55"
"DIC 379s","379s","#40594f"
"DIC 380s","380s","#405d53"
"DIC 381s*","381s","#78ac7e"
"DIC 382s","382s","#78a97b"
"DIC 383s*","383s","#648e69"
"DIC 384s*","384s","#68a275"
"DIC 385s*","385s","#5c835d"
"DIC 386s*","386s","#588362"
"DIC 387s*","387s","#45775e"
"DIC 388s*","388s","#397c5f"
"DIC 389s","389s","#336657"
"DIC 390s","390s","#9bb698"
"DIC 391s*","391s","#7a8f79"
"DIC 392s*","392s","#68866c"
"DIC 393s","393s","#52735e"
"DIC 394s*","394s","#63a088"
"DIC 395s","395s","#50967b"
"DIC 396s","396s","#3a7b66"
"DIC 397s","397s","#71ae9f"
"DIC 398s","398s","#74bb9f"
"DIC 399s","399s","#84b39b"
"DIC 400s","400s","#57a493"
"DIC 401s","401s","#548a88"
"DIC 402s","402s","#46908b"
"DIC 403s*","403s","#60a08d"
"DIC 404s*","404s","#73b0a1"
"DIC 405s*","405s","#559591"
"DIC 406s","406s","#4a7d85"
"DIC 407s","407s","#3e737b"
"DIC 408s","408s","#1a6d77"
"DIC 409s","409s","#2f5b6e"
"DIC 410s","410s","#35596f"
"DIC 411s","411s","#365a76"
"DIC 412s*","412s","#68b0ad"
"DIC 413s","413s","#5da0a2"
"DIC 414s","414s","#55939b"
"DIC 415s","415s","#9eccc1"
"DIC 416s","416s","#82c1bf"
"DIC 417s","417s","#77adaf"
"DIC 418s*","418s","#6aaeb5"
"DIC 419s","419s","#59a4ae"
"DIC 420s","420s","#5e9fb0"
"DIC 421s","421s","#588ea9"
"DIC 422s","422s","#5a8ca5"
"DIC 423s","423s","#5582a3"
"DIC 424s*","424s","#52779f"
"DIC 425s*","425s","#55698b"
"DIC 426s*","426s","#536378"
"DIC 427s","427s","#8cafb6"
"DIC 428s","428s","#80a7b1"
"DIC 429s","429s","#82a3ad"
"DIC 430s","430s","#6a97a6"
"DIC 431s*","431s","#6f91a2"
"DIC 432s","432s","#597a94"
"DIC 433s","433s","#425478"
"DIC 434s","434s","#455877"
"DIC 435s*","435s","#4a4f6a"
"DIC 436s","436s","#8792bb"
"DIC 437s","437s","#7d7eb2"
"DIC 438s","438s","#7c7eb4"
"DIC 439s","439s","#6c78ab"
"DIC 440s","440s","#6e75a9"
"DIC 441s","441s","#bdc5b5"
"DIC 442s","442s","#a3afb2"
"DIC 443s","443s","#96a4aa"
"DIC 444s*","444s","#8694a1"
"DIC 445s","445s","#7c879b"
"DIC 446s","446s","#6d758c"
"DIC 447s","447s","#636a7f"
"DIC 448s","448s","#5e6373"
"DIC 449s*","449s","#565472"
"DIC 450s*","450s","#8991b5"
"DIC 451s","451s","#b09cb3"
"DIC 452s","452s","#a297b9"
"DIC 453s","453s","#aa8cbe"
"DIC 454s","454s","#a492c3"
"DIC 455s*","455s","#8372b4"
"DIC 456s*","456s","#7e6d9a"
"DIC 457s","457s","#8772aa"
"DIC 458s","458s","#a895a9"
"DIC 459s","459s","#9b8b99"
"DIC 460s","460s","#997d97"
"DIC 461s","461s","#807482"
"DIC 462s","462s","#7f6a8f"
"DIC 463s","463s","#6c5e7f"
"DIC 464s","464s","#686170"
"DIC 465s*","465s","#685b71"
"DIC 466s*","466s","#6a5e71"
"DIC 467s","467s","#c4aa9e"
"DIC 468s","468s","#e9b9a7"
"DIC 469s","469s","#d0a79c"
"DIC 470s","470s","#d6969a"
"DIC 471s*","471s","#b69998"
"DIC 472s","472s","#c1919d"
"DIC 473s","473s","#ab7e8a"
"DIC 474s","474s","#977481"
"DIC 475s","475s","#a3707c"
"DIC 476s","476s","#b7848c"
"DIC 477s","477s","#eebdb1"
"DIC 478s","478s","#d99ca8"
"DIC 479s","479s","#b96f94"
"DIC 480s","480s","#d48399"
"DIC 481s","481s","#c27e8e"
"DIC 482s","482s","#a9627f"
"DIC 483s","483s","#a95f9a"
"DIC 484s","484s","#aa607c"
"DIC 485s","485s","#a05d81"
"DIC 486s","486s","#a65c90"
"DIC 487s*","487s","#af6a79"
"DIC 488s*","488s","#9f6d71"
"DIC 489s*","489s","#9b6e74"
"DIC 490s","490s","#9a5a7b"
"DIC 491s","491s","#8f5467"
"DIC 492s","492s","#7f5366"
"DIC 493s","493s","#986c78"
"DIC 494s*","494s","#a46d73"
"DIC 495s*","495s","#7a5662"
"DIC 496s*","496s","#7a5e68"
"DIC 497s","497s","#7a4e68"
"DIC 498s","498s","#826063"
"DIC 499s*","499s","#724b4d"
"DIC 500s","500s","#78465d"
"DIC 501s","501s","#6a465d"
"DIC 502s*","502s","#8a7c6d"
"DIC 503s*","503s","#776c60"
"DIC 504s","504s","#635d59"
"DIC 505s","505s","#af9f84"
"DIC 506s","506s","#cbbb8e"
"DIC 507s","507s","#817a66"
"DIC 508s","508s","#8d8071"
"DIC 509s","509s","#837d6c"
"DIC 510s*","510s","#63695e"
"DIC 511s*","511s","#5b6061"
"DIC 512s*","512s","#849085"
"DIC 513s","513s","#919c8e"
"DIC 514s","514s","#656565"
"DIC 515s*","515s","#6b6d6d"
"DIC 516s*","516s","#5e5959"
"DIC 517s","517s","#bbb097"
"DIC 518s","518s","#afa095"
"DIC 519s","519s","#95867f"
"DIC 520s*","520s","#685e5b"
"DIC 521s","521s","#5d5755"
"DIC 522s","522s","#d7c0a3"
"DIC 523s","523s","#af9f8f"
"DIC 524s*","524s","#81756d"
"DIC 525s","525s","#685e5b"
"DIC 526s*","526s","#5d5754"
"DIC 527s","527s","#aba384"
"DIC 528s","528s","#817c68"
"DIC 529s*","529s","#767565"
"DIC 530s*","530s","#747264"
"DIC 531s","531s","#6a675b"
"DIC 532s","532s","#989b83"
"DIC 533s","533s","#777e6d"
"DIC 534s*","534s","#6d7265"
"DIC 535s*","535s","#64675c"
"DIC 536s*","536s","#5b6059"
"DIC 537s*","537s","#929684"
"DIC 538s","538s","#767b6f"
"DIC 539s","539s","#656a69"
"DIC 540s","540s","#636867"
"DIC 541s","541s","#5a5b5c"
"DIC 542s","542s","#929188"
"DIC 543s","543s","#94948e"
"DIC 544s*","544s","#6f6d6e"
"DIC 545s*","545s","#6d6e6f"
"DIC 546s*","546s","#676869"
"DIC 546-1-2s","546-1-2s","#dad7c8"
"DIC 547s","547s","#cac5b8"
"DIC 548s","548s","#bebab1"
"DIC 549s*","549s","#a2a099"
"DIC 549-1-2s*","549-1-2s","#8e8b84"
"DIC 550s*","550s","#87847d"
"DIC 551s*","551s","#7b7974"
"DIC 552s*","552s","#7a7771"
"DIC 553s*","553s","#6c6b66"
"DIC 554s*","554s","#65635e"
"DIC 555s*","555s","#615f5a"
"DIC 556s*","556s","#5d5b57"
"DIC 557s","557s","#c53494"
"DIC 558s","558s","#da3691"
"DIC 559s","559s","#cf2d7b"
"DIC 561s","561s","#e22d6a"
"DIC 563s","563s","#e2365d"
"DIC 564s*","564s","#e8404c"
"DIC 565s*","565s","#fd5a3d"
"DIC 566s*","566s","#ff802c"
"DIC 567s*","567s","#ffca00"
"DIC 568s","568s","#fbe400"
"DIC 569s","569s","#fde100"
"DIC 570s","570s","#fde100"
"DIC 571s","571s","#f7e741"
"DIC 572s*","572s","#00a755"
"DIC 574s","574s","#0099c0"
"DIC 576s","576s","#009bd3"
"DIC 577s","577s","#0099d6"
"DIC 578s*","578s","#0076a4"
"DIC 579s","579s","#0068b3"
"DIC 580s","580s","#613682"
"DIC 581s*","581s","#613282"
"DIC 582s","582s","#4f4a46"
"DIC 583s","583s","#efebe8"
"DIC 584s***","584s","#ff70c5"
"DIC 584Bs***","584bs","#ff64ca"
"DIC 585s***","585s","#ff75ac"
"DIC 586s***","586s","#ff799a"
"DIC 587s***","587s","#ff9b88"
"DIC 588s***","588s","#ffb981"
"DIC 589s***","589s","#ffd373"
"DIC 590s***","590s","#f4f860"
"DIC 591s***","591s","#5fd45e"
"DIC 592s***","592s","#de318a"
"DIC 593s***","593s","#ff5954"
"DIC 594s***","594s","#ff6457"
"DIC 595s***","595s","#ffbe38"
"DIC 596s***","596s","#ffc81c"
"DIC 597s***","597s","#f4ee4e"
"DIC 598s***","598s","#1bbe61"
"DIC 599s***","599s","#bb90ac"
"DIC 600s***","600s","#bca8b5"
"DIC 601s***","601s","#baa2b0"
"DIC 602s***","602s","#c2a7a9"
"DIC 603s***","603s","#baa7a8"
"DIC 604s***","604s","#b6a7a4"
"DIC 605s***","605s","#b6b8a4"
"DIC 606s***","606s","#b7b798"
"DIC 607s***","607s","#b9baae"
"DIC 608s***","608s","#a8b3a5"
"DIC 609s***","609s","#aeb9ad"
"DIC 610s***","610s","#9db7b0"
"DIC 611s***","611s","#9bbab2"
"DIC 612s***","612s","#9eb9b6"
"DIC 613s***","613s","#9fb7b9"
"DIC 614s***","614s","#a3b9c0"
"DIC 615s***","615s","#9fb4bc"
"DIC 616s***","616s","#a3aaba"
"DIC 617s***","617s","#ababb7"
"DIC 618s***","618s","#afb3b6"
"DIC 619s***","619s","#cda67f"
"DIC 620s***","620s","#bda576"
"DIC 621s***","621s","#c9ccce"
"DIC 632s","632s","#ba4295"
"DIC 633s","633s","#e03b80"
"DIC 634s*","634s","#d92f66"
"DIC 635s*","635s","#fd5d44"
"DIC 636s*","636s","#ff892f"
"DIC 637s*","637s","#ffd600"
"DIC 638s*","638s","#00a45c"
"DIC 639s*","639s","#0098d0"
"DIC 640s","640s","#008fd1"
"DIC 641s*","641s","#185aa5"
"DIC 642s*","642s","#58bc4a"
"DIC 643s","643s","#009d73"
"DIC 644s*","644s","#006866"
"DIC 645s*","645s","#b05a3c"
"DIC 646s*","646s","#985145"
"DIC 647s*","647s","#5d4943"
"DIC 648s","648s","#d32b92"
"DIC 649s*","649s","#00b391"
"DIC 650s","650s","#b6b8b5"
"DIC 651s","651s","#9fa2a1"
"DIC 652s*","652s","#979a9c"
"DIC 653s*","653s","#7c7d81"
"DIC 654s*","654s","#737578"
"DIC 2001s","2001s","#ed7a97"
"DIC 2002s*","2002s","#f792ac"
"DIC 2003s*","2003s","#f6a5bc"
"DIC 2004s*","2004s","#f5b0c3"
"DIC 2005s*","2005s","#f2bcce"
"DIC 2006s*","2006s","#fd9aab"
"DIC 2007s","2007s","#fa8397"
"DIC 2008s*","2008s","#f297a1"
"DIC 2009s*","2009s","#f9b9bc"
"DIC 2010s*","2010s","#fbbec4"
"DIC 2011s*","2011s","#fac6c7"
"DIC 2012s*","2012s","#f6d0d0"
"DIC 2013s*","2013s","#f0cdd1"
"DIC 2014s*","2014s","#f3d4d2"
"DIC 2015s","2015s","#f4ded8"
"DIC 2016s","2016s","#f1dfdc"
"DIC 2017s*","2017s","#edd8de"
"DIC 2018s","2018s","#f3ddd7"
"DIC 2019s","2019s","#f4dfd2"
"DIC 2020s","2020s","#f0e4d9"
"DIC 2021s*","2021s","#f5d7c7"
"DIC 2022s","2022s","#f5d5c8"
"DIC 2023s","2023s","#f4d7cb"
"DIC 2024s*","2024s","#e7ccc6"
"DIC 2025s*","2025s","#f9cfc7"
"DIC 2026s*","2026s","#fac3b7"
"DIC 2027s*","2027s","#ffb7a9"
"DIC 2028s*","2028s","#fdbdb2"
"DIC 2029s*","2029s","#feb5b2"
"DIC 2030s*","2030s","#ffb0a9"
"DIC 2031s*","2031s","#ffa79d"
"DIC 2032s*","2032s","#ffa09b"
"DIC 2033s*","2033s","#ff978b"
"DIC 2034s*","2034s","#ff9077"
"DIC 2035s*","2035s","#ff9d84"
"DIC 2036s*","2036s","#fead99"
"DIC 2037s*","2037s","#ffb69d"
"DIC 2038s*","2038s","#ebd9c6"
"DIC 2039s*","2039s","#ebd8bf"
"DIC 2040s*","2040s","#f0d7c8"
"DIC 2041s*","2041s","#f5d9c8"
"DIC 2042s","2042s","#f3dcca"
"DIC 2043s","2043s","#f2e1cf"
"DIC 2044s*","2044s","#f2e2c9"
"DIC 2045s","2045s","#f3ddc4"
"DIC 2046s*","2046s","#f6d5b9"
"DIC 2047s*","2047s","#ffc99d"
"DIC 2048s*","2048s","#ffbd8e"
"DIC 2049s*","2049s","#ffb483"
"DIC 2050s*","2050s","#ffad74"
"DIC 2051s*","2051s","#fdc086"
"DIC 2052s*","2052s","#ffd996"
"DIC 2053s*","2053s","#ffde99"
"DIC 2054s","2054s","#f3e2c0"
"DIC 2055s","2055s","#f0e8cc"
"DIC 2056s","2056s","#efeacd"
"DIC 2057s*","2057s","#efe8c3"
"DIC 2058s*","2058s","#f0e9bc"
"DIC 2059s*","2059s","#f2e5b3"
"DIC 2060s*","2060s","#f8ebbb"
"DIC 2061s*","2061s","#fdebae"
"DIC 2062s","2062s","#f4eb8e"
"DIC 2063s","2063s","#f5e877"
"DIC 2064s","2064s","#f8de77"
"DIC 2065s*","2065s","#fee48c"
"DIC 2066s*","2066s","#ffe2a5"
"DIC 2067s*","2067s","#ffe39a"
"DIC 2068s*","2068s","#fbd682"
"DIC 2069s","2069s","#f8dc7b"
"DIC 2070s","2070s","#fecc68"
"DIC 2071s*","2071s","#edb861"
"DIC 2072s","2072s","#ddb755"
"DIC 2073s","2073s","#e6bc43"
"DIC 2074s","2074s","#e8c955"
"DIC 2075s","2075s","#e9c96a"
"DIC 2076s","2076s","#e5d37d"
"DIC 2077s","2077s","#e3d263"
"DIC 2078s","2078s","#d7c452"
"DIC 2079s","2079s","#d4c05c"
"DIC 2080s","2080s","#d4cd70"
"DIC 2081s","2081s","#d2cf90"
"DIC 2082s","2082s","#dfdcb0"
"DIC 2083s","2083s","#e9e7cb"
"DIC 2084s","2084s","#eae8d4"
"DIC 2085s","2085s","#eae8d2"
"DIC 2086s","2086s","#e6ebd1"
"DIC 2087s*","2087s","#eeedbe"
"DIC 2088s*","2088s","#ebeaa9"
"DIC 2089s*","2089s","#f2ec81"
"DIC 2090s*","2090s","#f5eca0"
"DIC 2091s*","2091s","#f1ebad"
"DIC 2092s*","2092s","#ecef91"
"DIC 2093s","2093s","#d2d579"
"DIC 2094s","2094s","#bcc85f"
"DIC 2095s","2095s","#b1ba3d"
"DIC 2096s","2096s","#cad377"
"DIC 2097s*","2097s","#e1e692"
"DIC 2098s*","2098s","#d8ea95"
"DIC 2099s*","2099s","#dceb86"
"DIC 2100s*","2100s","#cae680"
"DIC 2101s","2101s","#bed792"
"DIC 2102s*","2102s","#b6cb7a"
"DIC 2103s*","2103s","#b5d692"
"DIC 2104s*","2104s","#98d287"
"DIC 2105s*","2105s","#6dd686"
"DIC 2106s*","2106s","#a4dfa3"
"DIC 2107s*","2107s","#b5e2a9"
"DIC 2108s*","2108s","#b7e4a9"
"DIC 2109s*","2109s","#cce7c4"
"DIC 2110s","2110s","#e1e3c2"
"DIC 2111s","2111s","#d9dbc2"
"DIC 2112s","2112s","#dae8d8"
"DIC 2113s*","2113s","#d3e1c7"
"DIC 2114s*","2114s","#d9e8ca"
"DIC 2115s*","2115s","#d4e7ce"
"DIC 2116s*","2116s","#c8e4d3"
"DIC 2117s*","2117s","#bbe2cf"
"DIC 2118s*","2118s","#abd8b5"
"DIC 2119s*","2119s","#b2dcac"
"DIC 2120s*","2120s","#a6d8ae"
"DIC 2121s*","2121s","#94d09b"
"DIC 2122s*","2122s","#8bd1a7"
"DIC 2123s*","2123s","#94d3b3"
"DIC 2124s*","2124s","#7ccaa0"
"DIC 2125s*","2125s","#68ba9b"
"DIC 2126s*","2126s","#48c8aa"
"DIC 2127s*","2127s","#1ebc96"
"DIC 2128s*","2128s","#1fbfa0"
"DIC 2129s*","2129s","#50bda5"
"DIC 2130s*","2130s","#00bba7"
"DIC 2131s*","2131s","#00c8bd"
"DIC 2132s*","2132s","#33cebc"
"DIC 2133s*","2133s","#5accbc"
"DIC 2134s*","2134s","#80cbb6"
"DIC 2135s*","2135s","#68d6c5"
"DIC 2136s*","2136s","#7ed9cb"
"DIC 2137s*","2137s","#aee2d6"
"DIC 2138s*","2138s","#c0e4da"
"DIC 2139s","2139s","#d6e7df"
"DIC 2140s*","2140s","#cce5dd"
"DIC 2141s*","2141s","#c5e4db"
"DIC 2142s*","2142s","#86d9d0"
"DIC 2143s*","2143s","#6fd6cc"
"DIC 2144s*","2144s","#66d4ca"
"DIC 2145s","2145s","#7dc4b3"
"DIC 2146s","2146s","#74c4b2"
"DIC 2147s","2147s","#84c2bb"
"DIC 2148s","2148s","#6ab7b2"
"DIC 2149s","2149s","#94c5c2"
"DIC 2150s","2150s","#62c1c3"
"DIC 2151s*","2151s","#3fbabd"
"DIC 2152s*","2152s","#7bcccf"
"DIC 2153s*","2153s","#94d4d5"
"DIC 2154s*","2154s","#aacfcc"
"DIC 2155s","2155s","#bed4d1"
"DIC 2156s","2156s","#cde2dd"
"DIC 2157s*","2157s","#c8e2e0"
"DIC 2158s*","2158s","#b8dede"
"DIC 2159s*","2159s","#a5d5d6"
"DIC 2160s","2160s","#77c3cf"
"DIC 2161s*","2161s","#7ccfda"
"DIC 2162s*","2162s","#68c5cf"
"DIC 2163s*","2163s","#40b5c8"
"DIC 2164s","2164s","#32afca"
"DIC 2165s","2165s","#5bc3d8"
"DIC 2166s*","2166s","#84c6d4"
"DIC 2167s*","2167s","#94d0db"
"DIC 2168s","2168s","#b4d3d8"
"DIC 2169s","2169s","#d9e3e0"
"DIC 2170s","2170s","#dee5e1"
"DIC 2171s","2171s","#cbdbdf"
"DIC 2172s","2172s","#91bbca"
"DIC 2173s*","2173s","#87bfce"
"DIC 2174s*","2174s","#7fc6db"
"DIC 2175s","2175s","#46bbe1"
"DIC 2176s","2176s","#35afd8"
"DIC 2177s","2177s","#40acdc"
"DIC 2178s","2178s","#52b2e0"
"DIC 2179s","2179s","#68bbdf"
"DIC 2180s*","2180s","#71bbde"
"DIC 2181s*","2181s","#8cc3e1"
"DIC 2182s*","2182s","#9ac2d9"
"DIC 2183s*","2183s","#84bae0"
"DIC 2184s","2184s","#7fbbe0"
"DIC 2185s*","2185s","#75b4e0"
"DIC 2186s","2186s","#61acdc"
"DIC 2187s*","2187s","#69a8dc"
"DIC 2188s*","2188s","#6e97d8"
"DIC 2189s*","2189s","#749dda"
"DIC 2190s*","2190s","#6ba5dc"
"DIC 2191s*","2191s","#89b4de"
"DIC 2192s*","2192s","#92b8df"
"DIC 2193s","2193s","#c6d5e3"
"DIC 2194s","2194s","#cdd5e4"
"DIC 2195s","2195s","#d6e0e4"
"DIC 2196s","2196s","#d6dce3"
"DIC 2197s","2197s","#d7d9e2"
"DIC 2198s","2198s","#c6cee3"
"DIC 2199s","2199s","#cdcfe3"
"DIC 2200s","2200s","#a4adce"
"DIC 2201s","2201s","#94a1c5"
"DIC 2202s*","2202s","#a4a8d0"
"DIC 2203s","2203s","#a9a5cf"
"DIC 2204s*","2204s","#b4a5dc"
"DIC 2205s*","2205s","#b098d5"
"DIC 2206s*","2206s","#a993d1"
"DIC 2207s*","2207s","#a689c9"
"DIC 2208s*","2208s","#bd7db5"
"DIC 2209s*","2209s","#cf86bf"
"DIC 2210s*","2210s","#ba8bbf"
"DIC 2211s*","2211s","#c6a0cc"
"DIC 2212s*","2212s","#c6aed8"
"DIC 2213s*","2213s","#c5b1d8"
"DIC 2214s*","2214s","#d1c6db"
"DIC 2215s*","2215s","#dccbe1"
"DIC 2216s","2216s","#d4c9e0"
"DIC 2217s*","2217s","#cfc4e1"
"DIC 2218s*","2218s","#ccbedf"
"DIC 2219s*","2219s","#c6b5dd"
"DIC 2220s","2220s","#d5bad7"
"DIC 2221s","2221s","#c1a6c5"
"DIC 2222s","2222s","#c6a7c9"
"DIC 2223s*","2223s","#c29ec7"
"DIC 2224s","2224s","#cca6c2"
"DIC 2225s","2225s","#d0bdc6"
"DIC 2226s","2226s","#ede1e0"
"DIC 2227s","2227s","#e1dade"
"DIC 2228s","2228s","#dcd6e1"
"DIC 2229s","2229s","#e0d2da"
"DIC 2230s","2230s","#d3b7ca"
"DIC 2231s","2231s","#daaec4"
"DIC 2232s","2232s","#d29aba"
"DIC 2233s*","2233s","#d796a8"
"DIC 2234s*","2234s","#e389a8"
"DIC 2235s","2235s","#e96ea8"
"DIC 2236s","2236s","#f98fbc"
"DIC 2237s","2237s","#f7a6d1"
"DIC 2238s*","2238s","#f8b1d0"
"DIC 2239s*","2239s","#f2a3c1"
"DIC 2240s*","2240s","#f899b3"
"DIC 2241s*","2241s","#77585c"
"DIC 2242s","2242s","#7f5356"
"DIC 2243s*","2243s","#824e48"
"DIC 2244s*","2244s","#9b5248"
"DIC 2245s*","2245s","#a15659"
"DIC 2246s*","2246s","#9b6a6d"
"DIC 2247s*","2247s","#aa676e"
"DIC 2248s*","2248s","#93575e"
"DIC 2249s*","2249s","#92565c"
"DIC 2250s","2250s","#8c535d"
"DIC 2251s","2251s","#714d4f"
"DIC 2252s","2252s","#644848"
"DIC 2253s*","2253s","#6a4d46"
"DIC 2254s*","2254s","#835763"
"DIC 2255s*","2255s","#8c5a61"
"DIC 2256s","2256s","#904f5c"
"DIC 2257s","2257s","#a45256"
"DIC 2258s","2258s","#ab5756"
"DIC 2259s","2259s","#8b554c"
"DIC 2260s","2260s","#90564b"
"DIC 2261s*","2261s","#ae5549"
"DIC 2262s","2262s","#ba675f"
"DIC 2263s","2263s","#ae6c6d"
"DIC 2264s","2264s","#d08e84"
"DIC 2265s","2265s","#ce9279"
"DIC 2266s","2266s","#cc987f"
"DIC 2267s","2267s","#c1866d"
"DIC 2268s","2268s","#bc8269"
"DIC 2269s*","2269s","#a3705b"
"DIC 2270s","2270s","#7d5850"
"DIC 2271s","2271s","#74564f"
"DIC 2272s","2272s","#8a695a"
"DIC 2273s","2273s","#8a6557"
"DIC 2274s","2274s","#826858"
"DIC 2275s","2275s","#77645d"
"DIC 2276s","2276s","#968174"
"DIC 2277s*","2277s","#bd8675"
"DIC 2278s","2278s","#b78986"
"DIC 2279s*","2279s","#bf867d"
"DIC 2280s","2280s","#be7b73"
"DIC 2281s*","2281s","#ce7769"
"DIC 2282s*","2282s","#aa6459"
"DIC 2283s","2283s","#ac5a4e"
"DIC 2284s*","2284s","#ad5846"
"DIC 2285s*","2285s","#ba6453"
"DIC 2286s","2286s","#c36a48"
"DIC 2287s*","2287s","#b26a4b"
"DIC 2288s","2288s","#98694e"
"DIC 2289s","2289s","#aa7454"
"DIC 2290s","2290s","#a77950"
"DIC 2291s","2291s","#ac7f4f"
"DIC 2292s","2292s","#c48046"
"DIC 2293s","2293s","#b88f53"
"DIC 2294s","2294s","#8a765d"
"DIC 2295s","2295s","#8e7873"
"DIC 2296s","2296s","#99857e"
"DIC 2297s","2297s","#a18373"
"DIC 2298s*","2298s","#ad8f7f"
"DIC 2299s","2299s","#bf9b8b"
"DIC 2301s","2301s","#bea190"
"DIC 2302s","2302s","#aa927e"
"DIC 2303s","2303s","#b7a38d"
"DIC 2304s","2304s","#c9b495"
"DIC 2305s","2305s","#b39a79"
"DIC 2306s","2306s","#b7a47f"
"DIC 2307s","2307s","#a8967d"
"DIC 2308s","2308s","#a78966"
"DIC 2309s","2309s","#948452"
"DIC 2310s*","2310s","#9d8c6b"
"DIC 2311s","2311s","#a8a080"
"DIC 2312s","2312s","#a79d85"
"DIC 2313s*","2313s","#958a78"
"DIC 2314s","2314s","#8c8571"
"DIC 2315s","2315s","#c7bc85"
"DIC 2316s","2316s","#cab66a"
"DIC 2317s","2317s","#b9b05e"
"DIC 2318s*","2318s","#a4a977"
"DIC 2319s*","2319s","#859e74"
"DIC 2320s*","2320s","#738d58"
"DIC 2321s","2321s","#6a8659"
"DIC 2322s","2322s","#658260"
"DIC 2323s","2323s","#728164"
"DIC 2324s","2324s","#6a7c60"
"DIC 2325s","2325s","#576d5a"
"DIC 2326s","2326s","#627863"
"DIC 2327s*","2327s","#6f7c6a"
"DIC 2328s*","2328s","#828572"
"DIC 2329s*","2329s","#807d6d"
"DIC 2330s*","2330s","#a5aa8c"
"DIC 2331s*","2331s","#93977d"
"DIC 2332s*","2332s","#919d81"
"DIC 2333s*","2333s","#868c71"
"DIC 2334s*","2334s","#7d876e"
"DIC 2335s","2335s","#737f68"
"DIC 2336s","2336s","#647561"
"DIC 2337s","2337s","#6a745f"
"DIC 2338s*","2338s","#545f56"
"DIC 2339s","2339s","#6f755c"
"DIC 2340s","2340s","#75715e"
"DIC 2341s","2341s","#78715d"
"DIC 2342s","2342s","#6b695b"
"DIC 2343s","2343s","#848371"
"DIC 2344s","2344s","#747c68"
"DIC 2345s*","2345s","#9db8a0"
"DIC 2346s*","2346s","#87a996"
"DIC 2347s","2347s","#789380"
"DIC 2348s*","2348s","#5e8a70"
"DIC 2349s","2349s","#5b7c61"
"DIC 2350s","2350s","#517361"
"DIC 2351s*","2351s","#476556"
"DIC 2352s*","2352s","#447065"
"DIC 2353s*","2353s","#507063"
"DIC 2354s*","2354s","#596f61"
"DIC 2355s*","2355s","#4c5f57"
"DIC 2356s*","2356s","#4f695e"
"DIC 2357s*","2357s","#4b6e6e"
"DIC 2358s*","2358s","#3f7174"
"DIC 2359s*","2359s","#557a77"
"DIC 2360s*","2360s","#4a6363"
"DIC 2361s*","2361s","#4c5f65"
"DIC 2362s*","2362s","#4e5e5f"
"DIC 2363s*","2363s","#485253"
"DIC 2364s","2364s","#425255"
"DIC 2365s","2365s","#4a575e"
"DIC 2366s*","2366s","#5a5d5e"
"DIC 2367s","2367s","#525756"
"DIC 2368s","2368s","#4e5354"
"DIC 2369s*","2369s","#484f52"
"DIC 2370s*","2370s","#5b6b72"
"DIC 2371s","2371s","#58777f"
"DIC 2372s*","2372s","#537b7d"
"DIC 2373s","2373s","#7fa2a0"
"DIC 2374s*","2374s","#71a398"
"DIC 2375s*","2375s","#60a2a2"
"DIC 2376s*","2376s","#4b8487"
"DIC 2377s","2377s","#007183"
"DIC 2378s","2378s","#53839b"
"DIC 2379s*","2379s","#5989a1"
"DIC 2380s*","2380s","#6796ac"
"DIC 2381s*","2381s","#8ea8b5"
"DIC 2382s","2382s","#7c99ad"
"DIC 2383s*","2383s","#718ca2"
"DIC 2384s","2384s","#66829a"
"DIC 2385s*","2385s","#5c8094"
"DIC 2386s*","2386s","#5181a6"
"DIC 2387s*","2387s","#4f7698"
"DIC 2388s*","2388s","#577082"
"DIC 2389s*","2389s","#435e7c"
"DIC 2390s*","2390s","#566b88"
"DIC 2391s*","2391s","#627eb0"
"DIC 2392s*","2392s","#4f668a"
"DIC 2393s*","2393s","#484f64"
"DIC 2394s*","2394s","#4c4d57"
"DIC 2395s*","2395s","#494f5d"
"DIC 2396s*","2396s","#4f525d"
"DIC 2397s*","2397s","#4c5072"
"DIC 2398s*","2398s","#565b70"
"DIC 2399s","2399s","#55647d"
"DIC 2400s","2400s","#737c95"
"DIC 2401s","2401s","#7d82a1"
"DIC 2402s","2402s","#767895"
"DIC 2403s","2403s","#666379"
"DIC 2404s*","2404s","#595363"
"DIC 2405s*","2405s","#615a63"
"DIC 2406s*","2406s","#5d5f69"
"DIC 2407s*","2407s","#5e6293"
"DIC 2408s*","2408s","#616ea4"
"DIC 2409s*","2409s","#7881ac"
"DIC 2410s","2410s","#6c75ac"
"DIC 2411s*","2411s","#5c5a76"
"DIC 2412s*","2412s","#5b5079"
"DIC 2413s","2413s","#594464"
"DIC 2414s","2414s","#604e7e"
"DIC 2415s*","2415s","#6d549c"
"DIC 2416s","2416s","#7477aa"
"DIC 2417s","2417s","#8786b0"
"DIC 2418s","2418s","#9186ab"
"DIC 2419s","2419s","#8a7289"
"DIC 2420s*","2420s","#7a6b7a"
"DIC 2421s","2421s","#856888"
"DIC 2422s","2422s","#9277aa"
"DIC 2423s*","2423s","#8b7ab3"
"DIC 2424s","2424s","#866eae"
"DIC 2425s","2425s","#785c99"
"DIC 2426s","2426s","#7f588b"
"DIC 2427s*","2427s","#665b76"
"DIC 2428s*","2428s","#5d535e"
"DIC 2429s*","2429s","#5d4d53"
"DIC 2430s*","2430s","#5a4550"
"DIC 2431s*","2431s","#724867"
"DIC 2432s","2432s","#7e4e84"
"DIC 2433s","2433s","#774c87"
"DIC 2434s","2434s","#8f659e"
"DIC 2435s","2435s","#9e6ead"
"DIC 2436s","2436s","#b5799b"
"DIC 2437s","2437s","#a0698e"
"DIC 2438s","2438s","#946590"
"DIC 2439s","2439s","#ac82ac"
"DIC 2440s","2440s","#86617e"
"DIC 2441s","2441s","#926979"
"DIC 2442s*","2442s","#917582"
"DIC 2443s*","2443s","#79677a"
"DIC 2444s*","2444s","#746274"
"DIC 2445s","2445s","#766270"
"DIC 2446s","2446s","#756678"
"DIC 2447s","2447s","#7d6378"
"DIC 2448s","2448s","#917888"
"DIC 2449s","2449s","#9c8a9e"
"DIC 2450s","2450s","#907498"
"DIC 2451s","2451s","#ad9fba"
"DIC 2452s","2452s","#b5a2b4"
"DIC 2453s","2453s","#ae9894"
"DIC 2454s","2454s","#9c8584"
"DIC 2455s*","2455s","#997f7f"
"DIC 2456s","2456s","#b4919d"
"DIC 2457s","2457s","#c397a8"
"DIC 2458s","2458s","#a87b94"
"DIC 2459s","2459s","#c887a7"
"DIC 2460s","2460s","#c392aa"
"DIC 2461s","2461s","#cd97ab"
"DIC 2462s","2462s","#d3929d"
"DIC 2463s","2463s","#b46d82"
"DIC 2464s","2464s","#cf627e"
"DIC 2465s","2465s","#e67f9a"
"DIC 2466s","2466s","#cd6789"
"DIC 2467s*","2467s","#d06d86"
"DIC 2468s*","2468s","#e5798a"
"DIC 2469s*","2469s","#e07371"
"DIC 2470s*","2470s","#e69188"
"DIC 2471s","2471s","#d5b1ad"
"DIC 2472s","2472s","#b8908b"
"DIC 2473s","2473s","#b08788"
"DIC 2474s","2474s","#947781"
"DIC 2475s","2475s","#8d6b77"
"DIC 2476s","2476s","#a8777b"
"DIC 2477s","2477s","#95676e"
"DIC 2478s*","2478s","#875364"
"DIC 2479s","2479s","#8a5463"
"DIC 2480s","2480s","#6e505b"
"DIC 2481s","2481s","#6f585b"
"DIC 2482s","2482s","#bb4950"
"DIC 2483s","2483s","#c2474c"
"DIC 2484s","2484s","#cc4a53"
"DIC 2485s","2485s","#b44b42"
"DIC 2486s","2486s","#a14742"
"DIC 2487s","2487s","#9b4a3f"
"DIC 2488s*","2488s","#b04a41"
"DIC 2489s*","2489s","#b64d43"
"DIC 2490s","2490s","#c84c45"
"DIC 2491s*","2491s","#be4e49"
"DIC 2492s*","2492s","#d04b55"
"DIC 2493s","2493s","#cb4f46"
"DIC 2494s","2494s","#be4c43"
"DIC 2495s","2495s","#d04e47"
"DIC 2496s","2496s","#d54b46"
"DIC 2497s*","2497s","#da4e42"
"DIC 2498s*","2498s","#d24b4c"
"DIC 2499s","2499s","#da5f5c"
"DIC 2500s","2500s","#df5650"
"DIC 2501s","2501s","#df5858"
"DIC 2502s*","2502s","#de5a51"
"DIC 2503s","2503s","#dc5b51"
"DIC 2504s","2504s","#e15a47"
"DIC 2505s*","2505s","#e65e4e"
"DIC 2506s*","2506s","#f86959"
"DIC 2507s*","2507s","#ff584b"
"DIC 2508s*","2508s","#ff6447"
"DIC 2509s*","2509s","#ff694f"
"DIC 2510s*","2510s","#ff6b50"
"DIC 2511s*","2511s","#ff6c46"
"DIC 2512s*","2512s","#ff844a"
"DIC 2513s*","2513s","#ff7d4e"
"DIC 2514s*","2514s","#ff715d"
"DIC 2515s*","2515s","#fe7d69"
"DIC 2516s*","2516s","#fd7961"
"DIC 2517s*","2517s","#f87757"
"DIC 2518s*","2518s","#ee774f"
"DIC 2519s*","2519s","#fc814d"
"DIC 2520s*","2520s","#ff8859"
"DIC 2521s*","2521s","#ff8a52"
"DIC 2522s*","2522s","#ff9046"
"DIC 2523s*","2523s","#ff963f"
"DIC 2524s","2524s","#e48a3e"
"DIC 2525s*","2525s","#d98543"
"DIC 2526s","2526s","#d4704d"
"DIC 2527s*","2527s","#ea8236"
"DIC 2528s*","2528s","#ff982e"
"DIC 2529s*","2529s","#ffa233"
"DIC 2530s*","2530s","#ffb13b"
"DIC 2531s*","2531s","#ffae40"
"DIC 2532s*","2532s","#ffb134"
"DIC 2533s*","2533s","#ffb843"
"DIC 2534s*","2534s","#f9bc49"
"DIC 2535s*","2535s","#ffc732"
"DIC 2536s*","2536s","#ffc433"
"DIC 2537s*","2537s","#ffbf44"
"DIC 2538s*","2538s","#ffd31c"
"DIC 2539s","2539s","#f7df00"
"DIC 2540s","2540s","#f6e840"
"DIC 2541s","2541s","#e7d018"
"DIC 2542s","2542s","#cece26"
"DIC 2543s*","2543s","#afda51"
"DIC 2544s*","2544s","#94cf50"
"DIC 2545s*","2545s","#83c857"
"DIC 2546s*","2546s","#84b857"
"DIC 2547s","2547s","#7ead49"
"DIC 2548s","2548s","#95ac42"
"DIC 2549s*","2549s","#65b352"
"DIC 2550s*","2550s","#67b161"
"DIC 2551s*","2551s","#58af5a"
"DIC 2552s*","2552s","#62a453"
"DIC 2553s","2553s","#4f9d55"
"DIC 2554s*","2554s","#449855"
"DIC 2555s","2555s","#109c4d"
"DIC 2556s*","2556s","#32b25d"
"DIC 2557s*","2557s","#36c272"
"DIC 2558s*","2558s","#00b364"
"DIC 2559s*","2559s","#00ad5a"
"DIC 2560s","2560s","#009754"
"DIC 2561s","2561s","#009359"
"DIC 2562s","2562s","#0d7d71"
"DIC 2563s","2563s","#1f9884"
"DIC 2564s","2564s","#009c7b"
"DIC 2565s","2565s","#009d74"
"DIC 2566s*","2566s","#21b486"
"DIC 2567s*","2567s","#2ea87a"
"DIC 2568s","2568s","#00936c"
"DIC 2569s","2569s","#25a280"
"DIC 2570s","2570s","#009f88"
"DIC 2571s*","2571s","#37ac95"
"DIC 2572s*","2572s","#3ab392"
"DIC 2573s*","2573s","#35bba6"
"DIC 2574s*","2574s","#35bcb0"
"DIC 2575s*","2575s","#18b0a4"
"DIC 2576s*","2576s","#00a99c"
"DIC 2577s","2577s","#009c8c"
"DIC 2578s","2578s","#2b9f9b"
"DIC 2579s","2579s","#2a969a"
"DIC 2580s","2580s","#30b0c1"
"DIC 2581s*","2581s","#169ebb"
"DIC 2582s","2582s","#3194b5"
"DIC 2583s","2583s","#038ca3"
"DIC 2584s","2584s","#0086a9"
"DIC 2585s","2585s","#0094c0"
"DIC 2586s*","2586s","#009eda"
"DIC 2587s*","2587s","#3498cc"
"DIC 2588s*","2588s","#0f9cd8"
"DIC 2589s","2589s","#2aa3d6"
"DIC 2590s","2590s","#0d89c6"
"DIC 2591s","2591s","#0f77bb"
"DIC 2592s","2592s","#3f93c9"
"DIC 2593s*","2593s","#4281c5"
"DIC 2594s*","2594s","#316ea1"
"DIC 2595s","2595s","#4372a0"
"DIC 2596s","2596s","#396d9e"
"DIC 2597s","2597s","#3065a2"
"DIC 2598s*","2598s","#5987d2"
"DIC 2599s*","2599s","#507dcf"
"DIC 2600s*","2600s","#4e78ce"
"DIC 2601s*","2601s","#4358a4"
"DIC 2602s*","2602s","#5759bb"
"DIC 2603s*","2603s","#5e5ab1"
"DIC 2604s*","2604s","#6159ab"
"DIC 2605s*","2605s","#5b519f"
"DIC 2606s","2606s","#5d4c9e"
"DIC 2607s*","2607s","#654ba8"
"DIC 2608s","2608s","#615082"
"DIC 2609s","2609s","#6f4aa5"
"DIC 2610s","2610s","#705199"
"DIC 2611s*","2611s","#764299"
"DIC 2612s*","2612s","#893c9a"
"DIC 2613s*","2613s","#923699"
"DIC 2614s","2614s","#90457f"
"DIC 2615s","2615s","#a1426b"
"DIC 2616s*","2616s","#ae378e"
"DIC 2617s*","2617s","#bb3694"
"DIC 2618s","2618s","#a64887"
"DIC 2619s","2619s","#9f4f9e"
"DIC 2620s","2620s","#b0509c"
"DIC 2621s","2621s","#c64b9d"
"DIC 2622s*","2622s","#c559ab"
"DIC 2623s*","2623s","#d668b4"
"DIC 2624s*","2624s","#f171b9"
"DIC 2625s*","2625s","#ff6ab9"
"DIC 2626s*","2626s","#e356a3"
"DIC 2627s","2627s","#cb3c84"
"DIC 2628s","2628s","#e04087"
"DIC 2629s","2629s","#d8407f"
"DIC 2630s","2630s","#e44688"
"DIC 2631s","2631s","#da447b"
"DIC 2632s*","2632s","#e3366b"
"DIC 2633s","2633s","#e65578"
"DIC 2634s*","2634s","#f07e84"
"DIC 2635s","2635s","#d54a6b"
"DIC 2636s","2636s","#cc4e64"
"DIC 2637s*","2637s","#c44958"
"DIC 2638s","2638s","#b54a55"