"Putnam Plum","DEA100","#8d4362"
"Fiery Fuchsia","DEA101","#b7386e"
"Crimson Strawberry","DEA102","#9f2d47"
"Striking Red","DEA103","#c03543"
"Red Icon","DEA104","#c93543"
"Cherry Bomb","DEA105","#b73d3f"
"Red Contrast","DEA106","#b33234"
"Hot Jazz","DEA107","#bc3033"
"Red Power","DEA108","#d63d3b"
"Bonfire Flame","DEA109","#ce4e35"
"Untamed Orange","DEA110","#de5730"
"Burning Tomato","DEA111","#eb5030"
"Exhuberant Orange","DEA112","#f0622f"
"Orange Burst","DEA113","#ff6e3a"
"Instant Orange","DEA114","#ff8d28"
"Orange Jewel","DEA115","#ff9731"
"Flash of Orange","DEA116","#ffaa00"
"Confident Yellow","DEA117","#ffcc13"
"Yellow Summer","DEA118","#f9b500"
"Electric Glow","DEA119","#ffd100"
"Goldenrod","DEA120","#fdcb18"
"Golden Lock","DEA121","#f5bc1d"
"Brassy","DEA122","#d5ab2c"
"Chartreuse","DEA123","#dad000"
"Lime Twist","DEA124","#c6d624"
"In the Tropics","DEA125","#a3bc3a"
"Leprechaun","DEA126","#6cb037"
"Wild Forest","DEA127","#38914a"
"Spring Juniper","DEA128","#4a754a"
"Charmed Green","DEA129","#007f3a"
"Lucky Clover","DEA130","#006940"
"Teal Waters","DEA131","#007765"
"Ocean Oasis","DEA132","#006c68"
"Rare Turquoise","DEA133","#00748e"
"Aquatic","DEA134","#006477"
"Deep Ocean","DEA135","#2a4b5f"
"Beautiful Blue","DEA136","#186db6"
"Deep Sapphire","DEA137","#1d4e8f"
"Indigo Night","DEA138","#324680"
"Nautical","DEA139","#2e4a7d"
"Cobalt","DEA140","#3c4378"
"Grand Purple","DEA141","#534778"
"Violet Majesty","DEA142","#644982"
"Purple Odyssey","DEA143","#643e65"
"Passionate Plum","DEA144","#753a58"
"Wine Stain","DEA145","#69444f"
"Scarlet Apple","DEA146","#922e4a"
"Garnet Evening","DEA147","#763b42"
"Sunken Ship","DEA148","#6b443d"
"Spiced Berry","DEA149","#85443f"
"Scarlet Past","DEA150","#a53b3d"
"Red Ink","DEA151","#ac3235"
"Deep Crimson","DEA152","#8f423d"
"Glitzy Red","DEA153","#af413b"
"Red Revival","DEA154","#a8453b"
"Arabian Red","DEA155","#a14c3f"
"Cherry Cola","DEA156","#894c3b"
"Cellar Door","DEA157","#7c503f"
"Northern Territory","DEA158","#5e463c"
"Rich Mocha","DEA159","#745342"
"Hope Chest","DEA160","#875942"
"Wild Mustang","DEA161","#695649"
"Log Cabin","DEA162","#705a46"
"Rodeo","DEA163","#7f5e46"
"Autumn Bark","DEA164","#9d6f46"
"Hearth Gold","DEA165","#a17135"
"Tavern Creek","DEA166","#957046"
"Antique Penny","DEA167","#957747"
"Pirate's Gold","DEA168","#b08f42"
"Peppered Moss","DEA169","#807548"
"Sea Turtle","DEA170","#818a40"
"Bay Leaf","DEA171","#86793d"
"Camouflage","DEA172","#7e7150"
"Frond","DEA173","#7b7f56"
"Olive Court","DEA174","#5f5d48"
"Black Forest","DEA175","#5e6354"
"Iron River","DEA176","#4d504b"
"Holly Bush","DEA177","#355d51"
"Billiard Table","DEA178","#155843"
"Enchanting Ivy","DEA179","#315955"
"Deep Pine","DEA180","#254a47"
"Refined Green","DEA181","#384543"
"Encore Teal","DEA182","#30525b"
"Dark Shadows","DEA183","#455559"
"Parisian Night","DEA184","#3f4855"
"Old Mill","DEA185","#343b4e"
"Black Pearl","DEA186","#4a4f5a"
"Black","DEA187","#3b3a3a"
"Black Bay","DEA188","#474a4e"
"Black River Falls","DEA189","#343e54"
"Blue Suede Shoes","DEA190","#484b62"
"Magic Night","DEA191","#3a3b5b"
"Violet Shadow","DEA192","#4d4860"
"Preserve","DEA193","#4a3c50"
"Mulberry","DEA194","#593c50"
"Primitive Plum","DEA195","#663c55"
"Icy Lilac","DE5903","#e6e9f9"
"Flax Bloom","DE5904","#d2d8f4"
"Larkspur Bud","DE5905","#b7c0ea"
"Periwinkle","DE5906","#97a3da"
"Twilight Twinkle","DE5907","#7b85c6"
"Bellflower","DE5908","#5d66aa"
"Beaded Blue","DE5909","#494d8b"
"Whisper Blue","DE5910","#e5e8f2"
"Chill in the Air","DE5911","#d1d5e7"
"Hazy Sky","DE5912","#b7bdd6"
"Midnight Blush","DE5913","#979fbf"
"Bossa Nova Blue","DE5914","#767c9e"
"Champion Blue","DE5915","#606788"
"Intergalactic","DE5916","#4d516c"
"Frosty Fog","DE5917","#dee1e9"
"Pale Shale","DE5918","#cacfdc"
"Spacious Sky","DE5919","#aeb5c7"
"London Fog","DE5920","#8d95aa"
"Your Shadow","DE5921","#787e93"
"Pencil Lead","DE5922","#5c6274"
"Deep Mystery","DE5923","#494c59"
"Icy Lavender","DE5924","#e2e2ed"
"Hailstorm","DE5925","#d0d1e1"
"Madder Blue","DE5926","#b5b6ce"
"Charcoal Dust","DE5927","#9497b3"
"Blue Intrigue","DE5928","#7f809c"
"Purple Daze","DE5929","#63647e"
"Legendary Purple","DE5930","#4e4e63"
"Cool Frost","DE5931","#e7e6ed"
"Tranquil Sea","DE5932","#d2d2df"
"Winter Dusk","DE5933","#b8b8cb"
"Bay Fog","DE5934","#9899b0"
"Soft Charcoal","DE5935","#838298"
"Graphite","DE5936","#656579"
"Night Night","DE5937","#4f4f5e"
"Dusk","DE5938","#eee9f9"
"Lavender Sky","DE5939","#dbd7f2"
"Violet Gems","DE5940","#c4c0e9"
"Simply Violet","DE5941","#a6a1d7"
"Faraway Sky","DE5942","#8980c1"
"Mardi Gras","DE5943","#665d9e"
"Fresh Eggplant","DE5944","#4f467e"
"Modest Violet","DE5945","#e9e4ef"
"Violet Crush","DE5946","#d8d3e6"
"Playful Purple ","DE5947","#bfb9d5"
"Grape Gatsby","DE5948","#a19abd"
"Grape Jam","DE5949","#7f779a"
"Purple Gumball","DE5950","#6a6283"
"Exotic Evening","DE5951","#58516e"
"Tranquil Eve","DE5952","#ece7f2"
"Alpine Moon","DE5953","#ded3e6"
"Soft Purple","DE5954","#c8bad4"
"Purple Springs","DE5955","#ab9bbc"
"Pale Eggplant","DE5956","#8a779a"
"Princely Violet","DE5957","#6d5c7b"
"Purple Potion","DE5958","#5c4f6a"
"Lingering Lilac","DE5959","#e6def0"
"Shimmering Sky","DE5960","#dbd1e8"
"Tinted Iris","DE5961","#c4b7d8"
"Ode to Purple","DE5962","#a798c2"
"Smashed Grape","DE5963","#8775a1"
"Concord Jam","DE5964","#695a82"
"Roman Purple","DE5965","#524765"
"Perfume Haze","DE5966","#f3e9f7"
"Pouty Purple","DE5967","#e7d7ef"
"York Plum","DE5968","#d3bfe5"
"Purple Premiere","DE5969","#b9a0d2"
"Lush Lilac","DE5970","#9d7eb7"
"Jubilee","DE5971","#7e6099"
"Royal Robe","DE5972","#614a7b"
"Snow Plum","DE5973","#f4eaf0"
"Soft Lilac","DE5974","#e2d4df"
"Antique Heather","DE5975","#cdbacb"
"Veiled Violet","DE5976","#b19bb0"
"Muted Berry","DE5977","#91788c"
"Plum Wine","DE5978","#745e6f"
"Purple Trinket","DE5979","#665261"
"Sheer Lavender","DE5980","#efe2f2"
"First Lilac","DE5981","#e7d6ed"
"Plum Point","DE5982","#d4bddf"
"Purple Prophet","DE5983","#bb9eca"
"Cloudy Plum","DE5984","#9d7aac"
"Plum Power","DE5985","#7e5e8d"
"Your Majesty","DE5986","#61496e"
"Soft Lavender","DE5987","#f6e5f6"
"Lavender Princess","DE5988","#e9d2ef"
"Pretty Petunia","DE5989","#d6b7e2"
"Amethyst Show","DE5990","#bd97cf"
"Purple Pride","DE5991","#a274b5"
"Cabaret","DE5992","#845998"
"Palace Purple","DE5993","#68457a"
"Partial Pink","DE5994","#ffedf8"
"Grape Taffy","DE5995","#f4daf1"
"Prom Corsage","DE5996","#e7c3e7"
"Favorite Lavender","DE5997","#d3a5d6"
"Lavender Sweater","DE5998","#bd83be"
"Royal Pretender","DE5999","#a063a1"
"Vibrant Orchid","DE6000","#804b81"
"Cherry Blossoms","DE6001","#f9e7f4"
"Infatuation","DE6002","#f0d5ea"
"Sweetie Pie","DE6003","#e1bbdb"
"Prize Winning Orchid","DE6004","#cc9dc6"
"Victorian Violet","DE6005","#b079a7"
"Plum Perfect","DE6006","#915d88"
"Old-Fashioned Purple","DE6007","#73486b"
"Teatime Mauve","DEC700","#c8a89e"
"Revival Rose","DEC701","#c09084"
"Antique Rose","DEC702","#997165"
"Retro Peach","DEC703","#e7c0ad"
"Moenkopi Tan","DEC704","#c8a692"
"Burnt Crimson","DEC705","#784d4c"
"Rosewood","DEC706","#9b6957"
"Foxtail","DEC707","#bc896e"
"Sunset Cove","DEC708","#dcb397"
"Adobe South","DEC709","#e5c1a7"
"Peach","DEC710","#fadfc7"
"Cliff Brown","DEC711","#d0ab8c"
"Briar","DEC712","#745443"
"Roman Brick","DEC713","#ab7f5b"
"Friar Tuck","DEC714","#ddb994"
"Sandal","DEC715","#c8ae96"
"Stonish Beige","DEC716","#ccb49a"
"Baked Potato","DEC717","#b69e87"
"Mesa Tan","DEC718","#a78b71"
"Coral Clay","DEC719","#c2b1a1"
"Cliff's View","DEC720","#ddc5aa"
"Slopes","DEC721","#d2b698"
"Baja White","DEC722","#f4e1c5"
"Champagne","DEC723","#f3debc"
"Spanish White","DEC724","#ffe8c7"
"Weathered Coral","DEC725","#ead0a9"
"Adobe","DEC726","#d1b791"
"Valley Flower","DEC727","#ffdd9d"
"Madera","DEC728","#eed09d"
"Medallion","DEC729","#c3a679"
"Alluring Umber","DEC730","#977b4d"
"Highlight Gold","DEC731","#dfc16d"
"Aspen Yellow","DEC732","#f6df9f"
"Solar Wind ","DEC733","#fce9b9"
"Jasmine","DEC734","#fff4bb"
"Flaxen","DEC735","#fbecc9"
"Flaxseed","DEC736","#f7e6c6"
"Jakarta","DEC737","#efddc3"
"Travertine","DEC738","#dfc6aa"
"Golden Gate","DEC739","#d9c09c"
"Sandcastle","DEC740","#e5d7c4"
"Bone White","DEC741","#ebdecc"
"Cameo","DEC742","#f2debc"
"High Noon","DEC743","#cfb999"
"Celtic Linen","DEC744","#f5e5ce"
"Chaparral","DEC745","#e5d0b0"
"Apache Tan","DEC746","#d5bfa5"
"Sahara","DEC747","#d5c3ad"
"Oyster","DEC748","#e3d3bf"
"Linen White","DEC749","#e9dcd1"
"Bison Beige","DEC750","#9f9180"
"Ash Gray","DEC751","#c1b5a9"
"Birchwood","DEC752","#ccbeac"
"Almond","DEC753","#eddcc8"
"Quicksand","DEC754","#e2d0b9"
"Cocoa","DEC755","#736354"
"Weathered Brown","DEC756","#59504c"
"Rincon Cove","DEC757","#c7b39e"
"Cashmere","DEC758","#ebdbca"
"Hickory ","DEC759","#b7a28e"
"Desert Gray","DEC760","#b8a487"
"Cochise","DEC761","#ddcdb3"
"Milkweed","DEC762","#f9ecd1"
"Oatmeal Cookie","DEC763","#f6ebd3"
"Inside Passage","DEC764","#e0cfb5"
"Bone","DEC765","#eadfce"
"Steveareno Beige","DEC766","#c5b5a4"
"Riverbed","DEC767","#d2c5ae"
"Winter Lite","DEC768","#efe0c9"
"Ranier White","DEC769","#f7ecd8"
"Drifting","DEC770","#beb4a8"
"Shaggy Barked","DEC771","#b3ab98"
"Navajo White","DEC772","#ebe1c9"
"Heather","DEC773","#d6cfbf"
"Shady","DEC774","#dbd6cb"
"Sea Glass","DEC775","#c7c4a5"
"Courtyard Green","DEC776","#978d71"
"Meadowood","DEC777","#9da28e"
"Boxwood","DEC778","#707b71"
"Woodlawn Green","DEC779","#405b50"
"Tickled Crow","DEC780","#b6baa4"
"Sycamore Stand","DEC781","#959e8f"
"Belize Green","DEC782","#b9c3b3"
"Opaline","DEC783","#c1d1c4"
"Green Mirror","DEC784","#d7e2d5"
"Whisper Gray","DEC785","#e9e5da"
"Miner's Dust","DEC786","#d3cec5"
"Mythical Blue","DEC787","#93a8a7"
"Dark Lagoon","DEC788","#6a7f7d"
"Light Gray","DEC789","#979d9a"
"Ice Gray","DEC790","#cac7c4"
"Cloud","DEC791","#d8d7d3"
"Cape Cod Blue","DEC792","#91a2a6"
"Chalky","DEC793","#e9e9e1"
"Salina Springs","DEC794","#cad2d4"
"Gray Pearl","DEC795","#c3c0bb"
"Irogon Blue","DEC796","#9dacb5"
"Battleship Gray","DEC797","#6f7476"
"Taliesin Blue","DEC798","#707e84"
"Wharf View","DEC799","#65737e"
"Antique Paper","DE6218","#f4f0e8"
"Crystal Haze","DE6219","#e7e2d6"
"Porous Stone","DE6220","#d4cebf"
"Flintstone","DE6221","#bbb3a2"
"Weather Board","DE6222","#9f947d"
"Mission Trail","DE6223","#857a64"
"Treasure Chest","DE6224","#726854"
"Fossil","DE6225","#f4f1eb"
"Foggy Day","DE6226","#e7e3db"
"Muslin","DE6227","#d4d0c5"
"Play on Gray","DE6228","#bab6a9"
"Calico Rock","DE6229","#9c9584"
"Center Ridge","DE6230","#817a69"
"Shaker Gray","DE6231","#6c6556"
"Abstract White","DE6232","#ede9dd"
"Limestone","DE6233","#dcd8c7"
"Serene Thought","DE6234","#c5c0ac"
"Northgate Green","DE6235","#aaa388"
"Wilderness","DE6236","#8f886c"
"Denali Green","DE6237","#7d775d"
"Spruce Woods","DE6238","#6f6a52"
"Latte Froth","DE6239","#f3f0e8"
"Watermist","DE6240","#e6e3d8"
"Lunar Landing","DE6241","#d2cfc1"
"Wells Gray","DE6242","#b9b5a4"
"Union Springs","DE6243","#9c9680"
"Smoky Forest","DE6244","#817d68"
"Aged Jade","DE6245","#6c6956"
"Moonlight","DE6246","#f2f1e6"
"Garden Pebble","DE6247","#e4e4d5"
"Spooky","DE6248","#d1d2bf"
"Trinity Islands","DE6249","#b9b79b"
"Fairbank Green","DE6250","#9d9c7e"
"Green Scene","DE6251","#858365"
"Secret Path","DE6252","#737054"
"Cotton Field","DE6253","#f2f0e8"
"Light Sprinkle","DE6254","#e3e3d7"
"Wishing Well","DE6255","#d0d1c1"
"Turtle Trail","DE6256","#b6b5a0"
"Battle Harbor","DE6257","#9c9c82"
"Ivy Garden","DE6258","#818068"
"Secluded Green","DE6259","#6f6d56"
"Wishful White","DE6260","#f4f1e8"
"Ice Palace","DE6261","#e2e4d7"
"Glass Tile","DE6262","#cdd0c0"
"Pistachio Shell","DE6263","#b1b6a3"
"Fair Spring","DE6264","#93977f"
"Moss Covered","DE6265","#7a7e66"
"Bijoux Green","DE6266","#676b55"
"Dove's Wing","DE6267","#f4f2ea"
"Pearly Star","DE6268","#e4e4da"
"Particular Mint","DE6269","#d0d2c5"
"Antique Coin","DE6270","#b5b8a8"
"Elemental Green","DE6271","#969783"
"Dried Chive","DE6272","#7b7d69"
"Green Gate","DE6273","#676957"
"Frostbite","DE6274","#ecebe5"
"Silver Creek","DE6275","#d9dad2"
"Silhouette","DE6276","#cbcdc4"
"Pebble Walk","DE6277","#afb2a7"
"Stone Creek","DE6278","#8f9183"
"Armored Steel","DE6279","#747769"
"English Forest","DE6280","#606256"
"Shadow White","DE6281","#eef1ea"
"Distant Haze","DE6282","#dfe4da"
"Granite","DE6283","#c8d1c4"
"Graceful Green","DE6284","#acb7a8"
"Linden Spear","DE6285","#8e9985"
"Greenland","DE6286","#737d6a"
"Italian Basil","DE6287","#5f6957"
"Windy Sky","DE6288","#e8ebe7"
"Silver Fox","DE6289","#d5dbd5"
"Ashwood","DE6290","#bcc4bd"
"Casting Shadow","DE6291","#9da7a0"
"Stone Craft","DE6292","#7d867c"
"Velvet Clover","DE6293","#656d63"
"Midnight Spruce","DE6294","#555b53"
"Lightning Bolt","DE6295","#e5ebe6"
"Sculptural Silver","DE6296","#d1dad5"
"Patina Creek","DE6297","#b6c4bd"
"Agate Green","DE6298","#96a69f"
"Limerick","DE6299","#76857b"
"Windrock","DE6300","#5e6c62"
"Hidden Forest","DE6301","#4f5a51"
"Mist Spirit","DE6302","#e4ebe7"
"Sky Glass","DE6303","#d0dbd7"
"Blustery Wind","DE6304","#b6c5c1"
"Galway Bay","DE6305","#95a7a4"
"Armor ","DE6306","#74857f"
"Artistic Stone","DE6307","#5c6b65"
"Black Spruce","DE6308","#4c5752"
"Gray Wonder","DE6309","#e5e8e6"
"Rainy Season","DE6310","#d1d8d6"
"Haze Blue","DE6311","#b7c0be"
"Dusty Dream","DE6312","#97a2a0"
"Enchanted Eve","DE6313","#79837f"
"Dark Pewter","DE6314","#606865"
"Black Pool","DE6315","#4f5552"
"Cold Water","DE6316","#d9dfe0"
"Mount Sterling","DE6317","#cad3d4"
"Lake Placid","DE6318","#aeb9bc"
"Gray Flannel","DE6319","#8d9a9e"
"Pike Lake","DE6320","#6c7779"
"Soot","DE6321","#555e5f"
"Black Lead","DE6322","#474c4d"
"White Lake","DE6323","#e2e7e7"
"Veiled Spotlight","DE6324","#cfd5d7"
"Crestline","DE6325","#b4bcbf"
"Soft Pumice","DE6326","#949ea2"
"Rhinoceros","DE6327","#727a7c"
"Anchor Gray","DE6328","#596062"
"Cover of Night","DE6329","#494e4f"
"Waterloo","DE6330","#d9dfe3"
"Bay of Hope","DE6331","#bfc9d0"
"Glen Falls","DE6332","#acb8c1"
"Hamilton Blue","DE6333","#8a99a4"
"Long Lake","DE6334","#68757e"
"Novelty Navy","DE6335","#515b62"
"Stargazing","DE6336","#414549"
"Silver City","DE6337","#e3e5e8"
"Shiny Nickel","DE6338","#ccd3d8"
"Adirondack","DE6339","#b0b9c1"
"Canadian Lake","DE6340","#8f9aa4"
"Vulcan","DE6341","#6c757d"
"Blue Steel","DE6342","#535a61"
"Salem Black","DE6343","#45494d"
"Wisp of Smoke","DE6344","#e5e7e9"
"Sparkling Frost","DE6345","#d2d5da"
"Silver Springs","DE6346","#b7bdc4"
"Shining Knight","DE6347","#989ea7"
"Draw Your Sword","DE6348","#6c7179"
"Edge of Black","DE6349","#54585e"
"Dark Engine","DE6350","#3e3f41"
"Cold Wind","DE6351","#e1e3e4"
"December Sky","DE6352","#d5d7d9"
"Silver Lined","DE6353","#bbbfc3"
"Gray Wolf","DE6354","#9ca0a6"
"Tarnished Silver","DE6355","#797b80"
"Sheet Metal","DE6356","#5e6063"
"Black Tie","DE6357","#464647"
"Vapor","DE6358","#eaeaea"
"Silver Setting","DE6359","#d8dadb"
"Foil","DE6360","#c0c3c4"
"Baby Seal","DE6361","#a1a5a8"
"Storm Cloud","DE6362","#808283"
"Pointed Rock","DE6363","#646767"
"Cavernous","DE6364","#515252"
"Cold Morning","DE6365","#e6e5e4"
"Silver Spoon","DE6366","#d3d3d2"
"Covered in Platinum","DE6367","#b9baba"
"Walrus","DE6368","#999b9b"
"Legendary Gray","DE6369","#787976"
"Charcoal Smudge","DE6370","#60605e"
"Black Jack","DE6371","#51504d"
"Lace Veil","DE6372","#ecebea"
"Porpoise","DE6373","#dbdbda"
"Silver Polish","DE6374","#c6c6c6"
"Castlerock","DE6375","#a9aaab"
"Looking Glass","DE6376","#888786"
"Boat Anchor","DE6377","#6c6b6a"
"Jet","DE6378","#575654"
"Silver Lake","DE6379","#dedddd"
"Clouded Vision","DE6380","#d1d0d1"
"Silver Bullet","DE6381","#b6b5b8"
"Formal Gray","DE6382","#97969a"
"Bank Vault","DE6383","#757374"
"Iron Fixture","DE6384","#5d5b5b"
"Black Bean","DE6385","#4e4b4a"
"Snow Peak","DE6386","#e0dcdb"
"Dangerous Robot","DE6387","#cbc5c6"
"Smoky Mountain","DE6388","#afa8a9"
"Fallen Rock","DE6389","#8e8583"
"Chocolate Pudding","DE6390","#6f6665"
"Black Russian","DE6391","#5c5451"
"Mink","DE6392","#524a46"
"Mountain Air","DE6393","#e6e0e0"
"Eagle's View","DE6394","#d4cbcc"
"Antique Mauve","DE6395","#bbb0b1"
"Ashen Plum","DE6396","#9b9092"
"Hickory Cliff","DE6397","#7c6e6d"
"Louisiana Mud","DE6398","#655856"
"Molasses","DE6399","#574a47"
"Silent Breath","DE5714","#e9f1ec"
"Fizzle","DE5715","#d8e4de"
"Rolling Waves","DE5716","#bfd1c9"
"Pistachio Ice Cream","DE5717","#a0b7ad"
"Mother Earth","DE5718","#849c8d"
"Ecological","DE5719","#677f70"
"Deep in the Jungle","DE5720","#53665a"
"Air of Mint","DE5721","#d8f2ee"
"Tropical Waterfall","DE5722","#bee7e2"
"Fountain City","DE5723","#9cd4cf"
"Polished Aqua","DE5724","#77bcb6"
"Dragon Bay","DE5725","#5da99f"
"Royal Palm","DE5726","#418d84"
"Imperial Dynasty","DE5727","#33746b"
"Tinted Ice","DE5728","#cff6f4"
"Spearmint","DE5729","#b1eae8"
"Island Oasis","DE5730","#88d9d8"
"Port Hope","DE5731","#54c3c1"
"Teal Me No Lies","DE5732","#0daca7"
"Reef Encounter","DE5733","#00968f"
"Emperor Jade","DE5734","#007b75"
"Morning Calm","DE5735","#ceeeef"
"Soaring Sky","DE5736","#b9e5e8"
"Aqua Bloom","DE5737","#96d3d8"
"Castaway","DE5738","#6dbac0"
"Montego Bay","DE5739","#4ba4a9"
"Deep Lagoon","DE5740","#2b888d"
"Peacock Plume","DE5741","#206d71"
"Thawed Out","DE5742","#e1eeec"
"Silver Spruce","DE5743","#cadfdd"
"Seaport","DE5744","#aecac8"
"Barrier Reef","DE5745","#8caeac"
"Aspen Hush","DE5746","#6a8d88"
"Stone Bridge","DE5747","#52706c"
"Loch Ness","DE5748","#445956"
"Windswept","DE5749","#d1f1f5"
"Winter Escape","DE5750","#b4e5ec"
"Plunging Waterfall","DE5751","#8cd4df"
"Faded Jeans","DE5752","#5dbdcb"
"Riviera","DE5753","#189fac"
"Tropical Teal","DE5754","#008794"
"Carnival Night","DE5755","#006e7a"
"Let it Snow","DE5756","#d8f1f4"
"Across the Bay","DE5757","#b3e1e8"
"Winter Chill","DE5758","#8eced8"
"Gulf Stream","DE5759","#62b4c0"
"Caribbean Cruise","DE5760","#3f9da9"
"River Fountain","DE5761","#248591"
"Teal Fury","DE5762","#1a6c76"
"Sparkling River","DE5763","#d6edf1"
"Blue Moon","DE5764","#bbdee5"
"Surfside","DE5765","#9acad3"
"Watson Lake","DE5766","#74aeba"
"Star City","DE5767","#5796a1"
"Mysterious Blue","DE5768","#3e7a85"
"After the Storm","DE5769","#33616a"
"Smoke and Mirrors","DE5770","#d9e6e8"
"Shark","DE5771","#cadcde"
"Blue Spruce","DE5772","#adc5c9"
"Stone Silver","DE5773","#8ba8ae"
"Thundercloud","DE5774","#698589"
"Iron Creek","DE5775","#50676b"
"Lunar Eclipse","DE5776","#415053"
"Frostproof","DE5777","#d1f0f6"
"Crystal River","DE5778","#b1e2ee"
"Bayshore","DE5779","#89cee0"
"Water Baby","DE5780","#5ab5cb"
"Tropical Lagoon","DE5781","#1e98ae"
"By the Bayou","DE5782","#007b90"
"Nocturnal Sea","DE5783","#0e6071"
"Ice Cold","DE5784","#d2eaf1"
"Glacier Point","DE5785","#b3d8e5"
"Eastern Sky","DE5786","#8fc1d2"
"Pacific Palisade","DE5787","#69a4b9"
"Aegean Sea","DE5788","#508fa2"
"English River","DE5789","#3c768a"
"Atlantis","DE5790","#336172"
"Sidewalk Chalk","DE5791","#dbe9ed"
"Falling Tears","DE5792","#c2d7df"
"Frozen Tundra","DE5793","#a3bfcb"
"Lake Winnipeg","DE5794","#80a1b0"
"Spirit Mountain","DE5795","#6a8b98"
"Before the Storm","DE5796","#4d6a77"
"Slate Wall","DE5797","#40535d"
"Polar Ice","DE5798","#dde8ed"
"Snow Lodge","DE5799","#c7d7e0"
"Peace River","DE5800","#a8bfcc"
"Silver Skate","DE5801","#87a1b1"
"China Clay","DE5802","#718b9a"
"Turbulent Sea","DE5803","#536a79"
"Nightfall","DE5804","#43535e"
"Pale Frost","DE5805","#cfe5f0"
"Dockside","DE5806","#b1d3e3"
"Bonnie Blue","DE5807","#8dbbd1"
"Lake Lucerne","DE5808","#689db7"
"Raging Tide","DE5809","#5187a0"
"Crashing Waves","DE5810","#3e6f87"
"Summer Night","DE5811","#36576a"
"Dreamy Blue","DE5812","#d7e6ee"
"Two Harbors","DE5813","#bed3e1"
"Anchors Away","DE5814","#9ebbcd"
"Frozen Lake","DE5815","#7b9cb3"
"Seal Pup","DE5816","#65869b"
"Stormy Sea","DE5817","#4a657a"
"Midnight Haze","DE5818","#3e505f"
"Pearl City","DE5819","#dce4e9"
"Polished Silver","DE5820","#c5d1da"
"Overcast Sky","DE5821","#a7b8c4"
"Silver Storm","DE5822","#8599a8"
"Mica Creek","DE5823","#70828f"
"Outer Space","DE5824","#53626e"
"Deepest Sea","DE5825","#444d56"
"Frosty Day","DE5826","#ccebf5"
"Spring Shower","DE5827","#abdcee"
"Winter Chime","DE5828","#83c7df"
"Frozen Wave","DE5829","#56acca"
"Mediterranean Sea","DE5830","#1e8cab"
"Teal Tune","DE5831","#02708c"
"Navy Teal","DE5832","#20576e"
"Teardrops","DE5833","#d0eefb"
"Azure Sky","DE5834","#b0e0f6"
"Below Zero","DE5835","#87cded"
"Sail Away","DE5836","#55b4de"
"Pool Party","DE5837","#0098c8"
"Summer Lake","DE5838","#0077a7"
"Ink Blotch","DE5839","#00608b"
"Ice Castle","DE5840","#d5edfb"
"Arctic Paradise","DE5841","#b8dff8"
"Light Azure","DE5842","#92cbf1"
"Sanctuary Spa","DE5843","#66b2e4"
"Splish Splash","DE5844","#3194ce"
"Americana ","DE5845","#0477b4"
"Lapis","DE5846","#165d95"
"Ice Fishing","DE5847","#dcecf5"
"Island View","DE5848","#c3ddee"
"January Frost","DE5849","#99c1dc"
"Wandering River","DE5850","#73a4c6"
"Blueberry Muffin","DE5851","#5588ab"
"Rainy Lake","DE5852","#3f6c8f"
"Blue Earth","DE5853","#375673"
"Fresh Water","DE5854","#c6e3f7"
"Wild Blue Yonder","DE5855","#b3d9f3"
"Astral","DE5856","#8ec2e7"
"Marina","DE5857","#65a5d5"
"Walker Lake","DE5858","#3d87bb"
"The Blues","DE5859","#296a9d"
"Slumber","DE5860","#2d517c"
"Cloudless","DE5861","#d6eafc"
"Oh Boy!","DE5862","#bbdaf8"
"Sail to the Sea","DE5863","#99c3f0"
"Cornflower","DE5864","#72a7e1"
"Safe Harbor","DE5865","#4a87cb"
"Dover Straits","DE5866","#326ab1"
"Blue Chip","DE5867","#1d5699"
"Winter Solstice","DE5868","#e2eaf0"
"Oceana Drive","DE5869","#c2d2e0"
"Northern Pond","DE5870","#a3b9cd"
"Downpour","DE5871","#819ab1"
"Lakeville","DE5872","#6c849b"
"Periscope","DE5873","#52677b"
"Deep Reservoir","DE5874","#424f5f"
"Clear Vision","DE5875","#e7f0f7"
"Alaskan Skies","DE5876","#cddced"
"Afternoon Sky","DE5877","#b0c6df"
"Bachelor Blue","DE5878","#8faaca"
"Ocean City","DE5879","#7896ba"
"Clean Slate","DE5880","#577396"
"Newbury Port","DE5881","#445a79"
"Harbor Afternoon","DE5882","#e0e9f3"
"Drenched Rain","DE5883","#c1d1e2"
"Misted Eve","DE5884","#a2b7cf"
"Denim Tradition","DE5885","#7f97b5"
"Bay View","DE5886","#6a819e"
"Admiral Blue","DE5887","#50647f"
"Luna Pier","DE5888","#414d62"
"Rainy Day","DE5889","#e0ebfa"
"Fly a Kite","DE5890","#c8daf5"
"Sky High","DE5891","#a7c2eb"
"Blue Cue","DE5892","#84a5dc"
"Bodega Bay","DE5893","#5e81c1"
"Starstruck","DE5894","#4664a5"
"Dive In","DE5895","#3c4d85"
"Crystal Falls","DE5896","#e1e6f2"
"Snowy Shadow","DE5897","#d3dbec"
"Prim Blue","DE5898","#b9c4de"
"Sapphire Fog","DE5899","#99a8c9"
"Enchanting Sky","DE5900","#7886aa"
"Ocean Night","DE5901","#637195"
"Blue Review","DE5902","#4e5878"
"Summer Pear","DE5504","#f5f0d1"
"Natural Light","DE5505","#f1ebc8"
"Olive Oil","DE5506","#e2dcab"
"Sour Apple","DE5507","#d2c785"
"Palm Leaf","DE5508","#bdb268"
"Organic Matter","DE5509","#a99e54"
"Cider Mill","DE5510","#938a43"
"Ice Glow","DE5511","#ffffe9"
"Hint of Spring","DE5512","#fffddd"
"Lemon Lime","DE5513","#fcf9bd"
"Leaf Bud","DE5514","#eff19d"
"Ripe Pear","DE5515","#e1e36e"
"Limelight","DE5516","#d0d34d"
"Fluorescent Lime","DE5517","#bdc233"
"Lime Blossom","DE5518","#f4f2d3"
"Perfect Pear","DE5519","#e9e8bb"
"Crocodile Tears","DE5520","#d6d69b"
"Grass Root","DE5521","#c3c175"
"Palm Frond","DE5522","#aead5b"
"Lazy Lizard","DE5523","#9c9c4b"
"Vegetable Garden","DE5524","#8b8c40"
"Pale View","DE5525","#f3f2e1"
"Dusky Moon","DE5526","#edecd7"
"Woven Reed","DE5527","#dddcbf"
"Watercress","DE5528","#c7c7a1"
"Stuffed Olive","DE5529","#adac7c"
"Military Green","DE5530","#969565"
"Dark Cavern","DE5531","#838254"
"Applemint","DE5532","#f3f5e9"
"Whispering Rain","DE5533","#ececda"
"Pine Mist","DE5534","#d5d8bc"
"Light Pine","DE5535","#bcc09e"
"Dill Grass","DE5536","#a2a57b"
"Woodland Walk","DE5537","#8b8d63"
"Bonsai","DE5538","#787b54"
"Fragile Fern","DE5539","#eff2db"
"Tinted Mint","DE5540","#e3e7c4"
"Trailing Vine","DE5541","#cfd5a7"
"Early Harvest","DE5542","#b9be82"
"Spanish Olive","DE5543","#a1a867"
"Topiary","DE5544","#8e9655"
"Fresh Artichoke","DE5545","#7c8447"
"Lemon Juice","DE5546","#ffffec"
"Pale Morning","DE5547","#fcfcda"
"Fresh Grown","DE5548","#f0f7c4"
"Wedge of Lime","DE5549","#e1eca5"
"Lime Sorbet","DE5550","#cfdd7b"
"Asparagus Fern","DE5551","#b9cb5a"
"Clipped Grass","DE5552","#a1b841"
"Springtime Dew","DE5553","#ffffef"
"Apple Martini","DE5554","#f9fdd9"
"Kiwi Kiss","DE5555","#eef9c1"
"Mint Julep","DE5556","#def0a3"
"Celery","DE5557","#cae277"
"Citrus Leaf","DE5558","#b3d157"
"Chive ","DE5559","#98be3c"
"Hazy Grove","DE5560","#f2f1dc"
"Lazy Caterpillar","DE5561","#e2e5c7"
"Olive Martini","DE5562","#ced2ab"
"Aloe Plant","DE5563","#b8ba87"
"Cocktail Olive","DE5564","#9fa36c"
"Crocodile Smile","DE5565","#898e58"
"Tara's Drapes","DE5566","#767a49"
"Snowy Evergreen","DE5567","#edf2e0"
"Misty Hillside","DE5568","#dce5cc"
"Hidden Hills","DE5569","#c5d2b1"
"Gardening","DE5570","#acba8d"
"Ivy Enchantment","DE5571","#93a272"
"Sage Leaves","DE5572","#7b8b5d"
"Dill Pickle","DE5573","#67744a"
"Herbal","DE5574","#f9fee9"
"Pastoral","DE5575","#edfad9"
"Envious Pastel","DE5576","#ddf3c2"
"Field Day","DE5577","#c5e6a4"
"Wasabi","DE5578","#afd77f"
"Cabbage Patch","DE5579","#93c460"
"Parakeet","DE5580","#78ae48"
"Morning Frost","DE5581","#ebf4df"
"Flower Bulb","DE5582","#d9e8c9"
"Jade Bracelet","DE5583","#c2d7ad"
"Shrubbery","DE5584","#a9c08a"
"Kale","DE5585","#90a96e"
"Peas in a Pod","DE5586","#7b9459"
"Shaded Spruce","DE5587","#688049"
"Herb Garden","DE5588","#e9f3e1"
"Greenhouse Glass","DE5589","#d7e7cd"
"Nature","DE5590","#bfd5b3"
"Praying Mantis","DE5591","#a5be8f"
"Salad","DE5592","#8ba673"
"Four Leaf Clover","DE5593","#738f5d"
"Jolly Green","DE5594","#5e774a"
"Cr√®me de Menthe","DE5595","#f1fde9"
"Frosted Garden","DE5596","#e2f7d9"
"Margarita","DE5597","#cceec2"
"Jealousy","DE5598","#b0dfa4"
"Fresh Cut Grass","DE5599","#91cb7d"
"Palm Tree","DE5600","#74b560"
"Golf Course","DE5601","#5a9e4b"
"Winter Oasis","DE5602","#f2faed"
"Mojito","DE5603","#e4f3e0"
"Butter Lettuce","DE5604","#cfe7cb"
"Flower Stem","DE5605","#b5d5b0"
"Rolling Hills","DE5606","#9abf8d"
"Garden of Eden","DE5607","#7fa771"
"Irish Charm","DE5608","#69905b"
"Distant Landscape","DE5609","#e1efdd"
"Soft Moss","DE5610","#cce1c7"
"Spinach Dip","DE5611","#b1cdac"
"Foliage","DE5612","#95b388"
"Money","DE5613","#7b9a6d"
"Tee Off","DE5614","#68855a"
"Climbing Ivy","DE5615","#58714a"
"Garden Dawn","DE5616","#f1f8ec"
"Winter Shamrock","DE5617","#e3efdd"
"Endive","DE5618","#cee1c8"
"Spring Fields","DE5619","#b3cdac"
"Mistletoe Kiss","DE5620","#98b489"
"Wild Thyme","DE5621","#7e9c6f"
"Thicket","DE5622","#69865b"
"After Dinner Mint","DE5623","#e3f5e5"
"Garden Shed","DE5624","#d6efda"
"Mother Nature","DE5625","#bde1c4"
"Potted Plant","DE5626","#9ecca7"
"Verde","DE5627","#7fb383"
"Leafy","DE5628","#679b6a"
"Emerald Ring","DE5629","#578758"
"Lime Slice","DE5630","#f0fded"
"Misty Lawn","DE5631","#dffae1"
"Creamy Mint","DE5632","#c8f3cd"
"Weekend Gardener","DE5633","#9fe4aa"
"Snow Pea","DE5634","#6ccc7b"
"Artificial Turf","DE5635","#41b45c"
"Get Up and Go","DE5636","#1a9d49"
"Glacier Ivy","DE5637","#eaf3e6"
"Cottage Green","DE5638","#dcecdc"
"Misty Afternoon","DE5639","#c6dcc7"
"Spring Leaves","DE5640","#a8c3aa"
"Mermaid's Cove","DE5641","#8aa786"
"Forest Path","DE5642","#708d6c"
"Seaweed","DE5643","#5d7759"
"Stone Path","DE5644","#e4efe5"
"Toadstool","DE5645","#d7e7da"
"Garden Statue","DE5646","#bfd4c4"
"Reeds","DE5647","#a0bca7"
"Vineyard","DE5648","#819e84"
"English Holly","DE5649","#68846a"
"Green Bayou","DE5650","#566e57"
"Trellis","DE5651","#eaefe5"
"December Forest","DE5652","#e0e8db"
"Green Lane","DE5653","#cad6c4"
"Fresh Thyme","DE5654","#aebda8"
"Fresh Sod","DE5655","#91a085"
"Wreath","DE5656","#76856a"
"Midnight Garden","DE5657","#637057"
"Winter Mist","DE5658","#e7fbec"
"Key Lime Pie","DE5659","#d2f4dd"
"Mint-o-licious","DE5660","#b6e9c8"
"Peaceful Pastures","DE5661","#94d8ac"
"Clover Mist","DE5662","#6fc288"
"Parsley","DE5663","#4faa6c"
"Shamrock Field","DE5664","#358d52"
"Peaceful Rain","DE5665","#f1fbf1"
"Aloe Mist","DE5666","#dcf2e3"
"Mint Smoothie","DE5667","#c5e6d1"
"Glenwood Green","DE5668","#a7d3b7"
"Forest Frolic","DE5669","#88bb95"
"Growth","DE5670","#6ca178"
"Spring Garden","DE5671","#558961"
"Mint Chiffon","DE5672","#e6fdf1"
"Pale Cactus","DE5673","#d0f7e4"
"Faint Clover","DE5674","#b2eed3"
"Sprig of Mint","DE5675","#8be0ba"
"Vegetation","DE5676","#5ccd97"
"Jungle","DE5677","#00a466"
"Later Gator","DE5678","#008a51"
"Mint Condition","DE5679","#dffbf3"
"Shallow End","DE5680","#c5f5e8"
"Pale Jade","DE5681","#a2ebd8"
"Star Grass","DE5682","#75dbc1"
"Jadeite","DE5683","#38c6a1"
"Rain Forest","DE5684","#009a70"
"Irish Beauty","DE5685","#007f59"
"Soft Mint","DE5686","#e6f9f1"
"Minty Fresh","DE5687","#d2f2e7"
"Ode to Green","DE5688","#b6e5d6"
"Wintermint","DE5689","#94d2bf"
"Arboretum","DE5690","#70ba9f"
"Inspiration Peak","DE5691","#4fa183"
"Fern Gully","DE5692","#398467"
"Midspring Morning","DE5693","#cff7ef"
"East Cape","DE5694","#b0eee2"
"Seafoam","DE5695","#87e0cf"
"Sweet Garden","DE5696","#5fd1ba"
"Jade Mountain","DE5697","#34c2a7"
"Tropical Kelp","DE5698","#009d7d"
"Emerald Pool","DE5699","#007a5e"
"Frosty Mint","DE5700","#e2f7f1"
"Whisper of Grass","DE5701","#cbede5"
"Jaded Clouds","DE5702","#aeddd3"
"Tranquil Teal","DE5703","#8ac7bb"
"Turtle Lake","DE5704","#73b7a5"
"Crisp Lettuce","DE5705","#4f9785"
"Pine Needle","DE5706","#3a7968"
"Mist of Green","DE5707","#e3f1eb"
"Dew Not Disturb","DE5708","#cee3dc"
"Steamy Spring","DE5709","#b1cfc7"
"Treetop","DE5710","#91b6ac"
"Up North","DE5711","#6f9587"
"Stately Stems","DE5712","#577a6c"
"Pine Haven","DE5713","#486358"
"Bashful","DE5000","#fee8f5"
"Spring Lilac","DE5001","#f9d7ee"
"Light Lavender","DE5002","#f1bfe2"
"Exotic Violet","DE5003","#e1a0cf"
"Peruvian Lily","DE5004","#cd7db5"
"Brandywine","DE5005","#b35e97"
"Plum Passion","DE5006","#9b4b80"
"Pale Blossom","DE5007","#fde1f0"
"Pink Lily","DE5008","#f8d0e7"
"Soft Cashmere","DE5009","#efb6d8"
"Gumdrop","DE5010","#de96c1"
"Deep Carnation","DE5011","#c973a2"
"Vivid Violet","DE5012","#ae5883"
"Deep Magenta","DE5013","#96466a"
"Spun Sugar","DE5014","#fae2ed"
"Minimal Rose","DE5015","#f2cfe0"
"Muddy Mauve","DE5016","#e4b3cc"
"Exotic Lilac","DE5017","#d198b5"
"First Plum","DE5018","#b87592"
"Rosewine","DE5019","#9d5c75"
"Mahogany Cherry","DE5020","#82495a"
"Bunny Tail","DE5021","#ffe3f4"
"Sweet Sachet","DE5022","#ffd8f0"
"Pretty in Pink","DE5023","#fabfe4"
"Violet Kiss","DE5024","#f0a0d1"
"Fuchsia Blush","DE5025","#e47cb8"
"Crushed Berries","DE5026","#d15b9b"
"Razzle Dazzle","DE5027","#ba417b"
"Fairy Wings","DE5028","#ffebf2"
"Berry Frost","DE5029","#fbdae8"
"Sweetheart","DE5030","#f3c3d8"
"Think Pink","DE5031","#e5a5c1"
"Heirloom Rose","DE5032","#d182a0"
"Raspberry Parfait","DE5033","#b96482"
"Cherry Berry","DE5034","#9f4d65"
"Fairy Dust","DE5035","#ffe8f4"
"Ballerina","DE5036","#fed5e9"
"Flamingo Feather","DE5037","#f8bdd9"
"Be My Valentine","DE5038","#ec9dc3"
"Real Raspberry","DE5039","#dd79a2"
"Lipstick","DE5040","#c95b83"
"Sangria","DE5041","#b14566"
"Cherubic","DE5042","#ffe6f1"
"Rose Glow","DE5043","#ffdbeb"
"Sweet Romance","DE5044","#ffc4dd"
"Taffy Pink","DE5045","#fea6c8"
"Carnation","DE5046","#f485ac"
"Love Letter","DE5047","#e4658e"
"Pink Punch","DE5048","#d04a70"
"Early Blossom","DE5049","#ffe5ed"
"Creamy Strawberry","DE5050","#fcd2df"
"Berries 'n' Cream","DE5051","#f2b8ca"
"Love Potion","DE5052","#e398af"
"First Love","DE5053","#cf758a"
"Candied Apple","DE5054","#b95b6d"
"Merlot","DE5055","#a44a56"
"Sweetly","DE5056","#ffe5ef"
"Ballet Slipper","DE5057","#ffdae8"
"Cherry Blush","DE5058","#ffc9dd"
"Heartfelt","DE5059","#ffadc9"
"Rock 'n' Rose","DE5060","#fc8aaa"
"Cupid's Arrow","DE5061","#ee6b8b"
"Rosy Cheeks","DE5062","#dc506e"
"Powder Puff","DE5063","#ffeff3"
"Pink Perfume","DE5064","#ffdbe5"
"Sweet Serenade","DE5065","#ffc5d5"
"Tutu","DE5066","#fea7bd"
"Posy Petal","DE5067","#f3879c"
"Slice of Watermelon","DE5068","#e1697c"
"Cherry Hill","DE5069","#cc5160"
"Nosegay","DE5070","#ffe6ec"
"Baby Girl","DE5071","#ffdfe8"
"Bubblegum","DE5072","#ffc9d7"
"Baby's Blanket","DE5073","#ffaec1"
"Charming Cherry","DE5074","#ff90a2"
"Fiery Flamingo","DE5075","#f96d7b"
"Strawberry Jam","DE5076","#e34b50"
"Rose Water","DE5077","#ffe9ed"
"Pink Pleasure","DE5078","#ffdfe5"
"Sweet Sixteen","DE5079","#ffc9d3"
"Poodle Skirt","DE5080","#ffaebb"
"Strawberry Shortcake","DE5081","#fa8e99"
"Redstone","DE5082","#e46b71"
"Deep Hibiscus","DE5083","#cb5251"
"Pink Sparkle","DE5084","#ffe9eb"
"Satin Ribbon","DE5085","#ffd8dc"
"Piglet","DE5086","#ffc0c6"
"Simple Pink","DE5087","#f9a3aa"
"Apple Valley","DE5088","#ea8386"
"Geranium Red","DE5089","#d76968"
"Pomegranate","DE5090","#c35550"
"Just Pink Enough","DE5091","#ffebee"
"First Crush","DE5092","#fcd8dc"
"Rose Reminder","DE5093","#f4c0c6"
"Berry Riche","DE5094","#e5a2ab"
"Victorian Rouge","DE5095","#d28085"
"Terra Rosa","DE5096","#bb6569"
"Red Rock","DE5097","#a65052"
"Glimpse of Pink","DE5098","#fff3f4"
"Camellia","DE5099","#ffe7eb"
"No Need to Blush","DE5100","#ffd6dd"
"Love Affair","DE5101","#ffbec8"
"Strawberry Frappe","DE5102","#ffa2aa"
"Pink Glamour","DE5103","#ff787b"
"Amour","DE5104","#ee5851"
"Baby's Bottom","DE5105","#fff1f1"
"Pink Lemonade","DE5106","#ffeaeb"
"Strawberry Blonde","DE5107","#ffdadc"
"Pink and Sleek","DE5108","#ffc3c6"
"Salmon Upstream","DE5109","#ffa8a6"
"Prime Pink","DE5110","#ff8d86"
"Rose Fusion","DE5111","#f96653"
"Buttermilk","DE5308","#fffee4"
"Cheesecake","DE5309","#fffcda"
"Spring Buttercup","DE5310","#fff6c2"
"Baby Chick","DE5311","#ffeda2"
"Summer Daffodil","DE5312","#ffe078"
"Melted Butter","DE5313","#ffcf53"
"Vibrant Honey","DE5314","#ffbd31"
"Daystar","DE5315","#fff8da"
"Rich Ivory","DE5316","#fff0c4"
"Precious Nectar","DE5317","#ffde9c"
"Golden Retriever","DE5318","#f7c66b"
"Lion's Mane","DE5319","#e8af49"
"Copper Cove","DE5320","#da9e38"
"Jackpot","DE5321","#d19431"
"Pale Pearl","DE5322","#fff2de"
"Quiet Splendor","DE5323","#fae6ca"
"Fine Sand","DE5324","#f1d5ae"
"Regency Cream","DE5325","#e1bb87"
"Root Beer Float","DE5326","#cfa46b"
"Ghost Town","DE5327","#bb8e55"
"Driftwood","DE5328","#a67a45"
"Parchment Paper","DE5329","#fff7df"
"Biscuit","DE5330","#feedca"
"Pasta","DE5331","#f7dfaf"
"Burmese Tan","DE5332","#eecb88"
"Burst of Gold","DE5333","#deb368"
"Gingerbread House","DE5334","#ca994e"
"Golden Slumber","DE5335","#b98841"
"Lemon Ice","DE5336","#fffee6"
"Lit","DE5337","#fffed8"
"Twinkling Lights","DE5338","#fffac1"
"Firefly Glow","DE5339","#fff3a1"
"Banana Peel","DE5340","#ffe774"
"Tuscan Sun","DE5341","#ffd84d"
"Bumblebee","DE5342","#ffc82a"
"Sheer Sunlight","DE5343","#fffedf"
"Creamed Butter","DE5344","#fffcd3"
"Afterglow","DE5345","#fff6b9"
"Quack Quack","DE5346","#ffe989"
"Golden Nectar","DE5347","#ffda68"
"Corn Harvest","DE5348","#ffc946"
"Hot Sun","DE5349","#f9b82b"
"Pale Rays","DE5350","#fff8d5"
"Aztec Aura","DE5351","#ffefbc"
"Sun Kissed","DE5352","#ffe29b"
"Golden Crest","DE5353","#f6ca69"
"Honey Glow","DE5354","#e8b447"
"Fortune Cookie","DE5355","#daa436"
"Roman Gold","DE5356","#d19b2f"
"Cream Puff","DE5357","#fff1d8"
"Ivory Oats","DE5358","#f9e4c1"
"Crossroads","DE5359","#edd2a3"
"Wheat Bread","DE5360","#dfbb7e"
"Caribou Herd","DE5361","#cda563"
"Maple Syrup","DE5362","#bb9351"
"Walnut Shell","DE5363","#aa8344"
"Coffee Cream","DE5364","#fff2d7"
"Burnished Cream","DE5365","#fce5bf"
"Midland Tan","DE5366","#f3d5a1"
"Deserted Path","DE5367","#e7bf7b"
"Brown Wood","DE5368","#d7aa60"
"Laredo Road","DE5369","#c7994f"
"Bread Crust","DE5370","#b78b43"
"White Beach","DE5371","#fff6d9"
"Sheepskin","DE5372","#ffecc2"
"Clay Dust","DE5373","#f8dca3"
"Almond Cookie","DE5374","#eec87c"
"Santa Fe Tan","DE5375","#dfb45f"
"Chipmunk","DE5376","#cfa14a"
"Trading Post","DE5377","#bb8d3b"
"Cotton Tail","DE5378","#fff9d8"
"Crown Point Cream","DE5379","#fff0c1"
"Durango Dust","DE5380","#fbe3a1"
"Summertime","DE5381","#f2d178"
"Golden Appeal","DE5382","#e6be59"
"Honey Grove","DE5383","#dcb149"
"Spicy Mustard","DE5384","#cfa33b"
"Bright Star","DE5385","#ffffea"
"Rice Paper","DE5386","#fffcdb"
"Lemon Chiffon Pie","DE5387","#fff7c4"
"Sour Lemon","DE5388","#ffeea5"
"Ripe Pineapple","DE5389","#ffe07b"
"Rubber Ducky","DE5390","#facf58"
"Sunflower","DE5391","#f0be3a"
"Lamb's Wool","DE5392","#ffffe3"
"Poetic Yellow","DE5393","#fffed7"
"Break of Day","DE5394","#fffabd"
"Banana Cream","DE5395","#fff49c"
"Fuzzy Duckling","DE5396","#ffea70"
"Radiant Sunrise","DE5397","#ffdd49"
"Lemon Punch","DE5398","#fecf24"
"Candlelight","DE5399","#ffffe8"
"Parmesan","DE5400","#ffffdd"
"Golden Wash","DE5401","#fffec6"
"Lemon Slice","DE5402","#fffba8"
"Chickadee","DE5403","#fff47c"
"Highlighter","DE5404","#ffe536"
"Summer Sun","DE5405","#ffdc00"
"La Luna","DE5406","#ffffe5"
"Pumpkin Seed","DE5407","#fffdd8"
"Lemon Sorbet","DE5408","#fffac0"
"Sun Surprise","DE5409","#fff2a0"
"Golden Glitter","DE5410","#fbe573"
"Fresh Pineapple","DE5411","#f3d64f"
"Lemon Zest","DE5412","#e7c630"
"Cotton Puff","DE5413","#ffffe7"
"Sun City","DE5414","#fffed9"
"Iced Lemon","DE5415","#fffbc1"
"Candle Flame","DE5416","#fff4a1"
"Dandelion","DE5417","#fce974"
"Gilded","DE5418","#f4db4f"
"Soleil","DE5419","#e9cb2e"
"Country Summer","DE5420","#fffbd7"
"Gentle Yellow","DE5421","#fff5be"
"Egg Nog","DE5422","#fdea9f"
"Golden Rays","DE5423","#f6da74"
"Yellow Brick Road","DE5424","#eac853"
"Woven Gold","DE5425","#dcb639"
"Mustard Seed","DE5426","#c69f26"
"Bavarian Cream","DE5427","#fff9dd"
"Silent Ivory","DE5428","#fef2c7"
"Gold Sand","DE5429","#f7e5a9"
"Beach House","DE5430","#edd481"
"Candelabra","DE5431","#e1c161"
"Haystacks","DE5432","#cfac47"
"Golden History","DE5433","#bb993a"
"Desert Lily","DE5434","#fef5db"
"Cookie Dough","DE5435","#f9ebc5"
"Tortilla","DE5436","#efdba7"
"Biscotti","DE5437","#e2c681"
"Filtered Rays","DE5438","#d0b064"
"Brown Rum","DE5439","#bc9b4e"
"Arrow Rock","DE5440","#a28440"
"Natural Wool","DE5441","#fff6d7"
"Candle in the Wind","DE5442","#f9ebbf"
"Hazy Moon","DE5443","#f0dca0"
"Waffle Cone","DE5444","#e2c779"
"Tanami Desert","DE5445","#d0b25c"
"Underbrush","DE5446","#be9e48"
"Peanut Brittle","DE5447","#a6893a"
"Supernova","DE5448","#fff8d9"
"Moonstruck","DE5449","#fcf0c2"
"Sugar Cookie","DE5450","#f2e2a4"
"Dijon Mustard","DE5451","#e2ca73"
"Gold Gleam","DE5452","#cfb352"
"Tiki Torch","DE5453","#bb9e3f"
"Sullen Gold","DE5454","#a58b34"
"Cotton Cloth","DE5455","#faf4d4"
"Sandy Shore","DE5456","#f2e9bb"
"Bamboo Mat","DE5457","#e5da9f"
"Marsh Field","DE5458","#d4c477"
"Mack Creek","DE5459","#bfae5b"
"18th Century Green","DE5460","#a59344"
"Eden Prairie","DE5461","#95863c"
"Sweet Butter","DE5462","#fffcd7"
"Yellow Yarn","DE5463","#fef6be"
"Lemon Gelato","DE5464","#f8ec9e"
"Lightning Bug","DE5465","#efde74"
"Citrus Spice","DE5466","#e2cd52"
"Yellow Stone","DE5467","#ceb736"
"Pickle Juice","DE5468","#bba528"
"Focus on Light","DE5469","#fef9d3"
"Fine Linen","DE5470","#faf5c3"
"Shaded Sun","DE5471","#f3eba5"
"Lustrous Yellow","DE5472","#e6da78"
"Citron","DE5473","#d5c757"
"Pesto","DE5474","#c1b23e"
"Martian","DE5475","#aea132"
"Light Mist","DE5476","#fcf7db"
"Fresh Honeydew","DE5477","#f6efc5"
"Breath of Spring","DE5478","#e9e1a7"
"Hay Day","DE5479","#dacd81"
"Baby Frog","DE5480","#c8ba63"
"Moss Stone","DE5481","#b4a54b"
"Gecko","DE5482","#9d913c"
"Light of the Moon","DE5483","#fdf5d7"
"Limesicle","DE5484","#f2eabf"
"Russet Green","DE5485","#e3d9a0"
"Tropical Moss","DE5486","#d2c478"
"Spring Marsh","DE5487","#c0b05d"
"Queen Palm","DE5488","#ad9e4b"
"Jalapeno","DE5489","#9a8d3f"
"Antique China","DE5490","#fdf6e7"
"Glisten Green","DE5491","#f2efdc"
"Silver Fern","DE5492","#e1ddbf"
"Floating Lily Pad","DE5493","#ccc7a1"
"Even Growth","DE5494","#b2aa7a"
"Grape Leaves","DE5495","#9c9463"
"Aged Eucalyptus","DE5496","#898253"
"Tapering Light","DE5497","#f7f2dd"
"Calla Lily","DE5498","#ece6c8"
"Dull Sage","DE5499","#dbd4ab"
"Olive Hint","DE5500","#c9bd88"
"Twine","DE5501","#b7a86d"
"Serpentine","DE5502","#9b8e54"
"Shaded Glen","DE5503","#8e824a"
"Sheer Rosebud","DE5112","#ffe8e5"
"Fairytale Dream","DE5113","#facfcc"
"Mesa Rose","DE5114","#eeb5af"
"Dusty Cedar","DE5115","#dd9592"
"Rouge","DE5116","#c8756d"
"Redwood City","DE5117","#b45f56"
"BBQ","DE5118","#a35046"
"Pink Theory","DE5119","#ffe6e4"
"Forgotten Pink","DE5120","#ffd9d6"
"Ladylike","DE5121","#ffc3bf"
"Roseberry","DE5122","#f4a6a1"
"Cultured Rose","DE5123","#e5867b"
"Southwestern Clay","DE5124","#cc6758"
"Red River","DE5125","#b95543"
"Soft Peach Mist","DE5126","#fff3f0"
"Rose Frost","DE5127","#ffece9"
"Peachy Keen","DE5128","#ffdeda"
"Peachtree","DE5129","#ffc9c4"
"Amber Tide","DE5130","#ffafa3"
"Orange Aura","DE5131","#ff9682"
"Often Orange","DE5132","#ff714e"
"Polished Pink","DE5133","#fff2ef"
"First Kiss","DE5134","#ffe6e2"
"Girlie","DE5135","#ffd3cf"
"Cherry Chip","DE5136","#ffbbb4"
"Adobe Avenue","DE5137","#fb9587"
"Orangeville","DE5138","#e57059"
"Spicy Tomato","DE5139","#c75433"
"Peach Breeze","DE5140","#ffece5"
"Soft Orange Bloom","DE5141","#ffdcd2"
"Peach Fuzz","DE5142","#ffc7b9"
"Discreet Orange","DE5143","#ffad98"
"Pouring Copper","DE5144","#fb9b82"
"Orange Daylily","DE5145","#eb7d5d"
"Campfire","DE5146","#ce5f38"
"Translucent Silk","DE5147","#ffe9e1"
"Pale Jasper","DE5148","#fed6cc"
"Rustique","DE5149","#f5bfb2"
"Rose Dusk","DE5150","#e5a192"
"Cinnamon Stick","DE5151","#d2806c"
"Cedar Grove","DE5152","#bf6955"
"Iron Ore","DE5153","#af5b46"
"Pale Nectar","DE5154","#fff7ed"
"Soft Coral","DE5155","#ffeee0"
"Autumn Bloom","DE5156","#ffe0cb"
"Tender Peach","DE5157","#ffcdaf"
"Dreamsicle","DE5158","#ffb48a"
"Fresh Cantaloupe","DE5159","#ff9c68"
"Tangerine Dream","DE5160","#ff8449"
"Apricot Ice","DE5161","#fff6e9"
"Desert Dawn","DE5162","#fff0df"
"Pale Apricot","DE5163","#ffe3cb"
"Papaya Whip","DE5164","#ffd1af"
"Savannah Sun","DE5165","#ffb989"
"Nectarine","DE5166","#ffa168"
"Valley of Fire","DE5167","#ff8a4a"
"Pink Glow","DE5168","#ffece0"
"Glazed Sugar","DE5169","#ffdccc"
"Antique Coral","DE5170","#ffc7b0"
"October Haze","DE5171","#f8ac8c"
"La Terra","DE5172","#ea936e"
"Deep Coral","DE5173","#da7c55"
"Clay Pot","DE5174","#c3663f"
"Organic Fiber","DE5175","#ffece0"
"Peaceful Peach","DE5176","#ffddcd"
"Coral Bisque","DE5177","#f7c6b1"
"Aloha Sunset","DE5178","#e9aa91"
"Bronzed Orange","DE5179","#d78a6c"
"Spanish Peanut","DE5180","#c57556"
"Georgia Clay","DE5181","#b06144"
"Rosy Cloud","DE5182","#fee6dc"
"Light Carob","DE5183","#f9dbcf"
"Brilliant Beige","DE5184","#efc5b5"
"Cedarville","DE5185","#dda896"
"Secluded Canyon","DE5186","#c6876f"
"Weathered Saddle","DE5187","#b5745c"
"Ruddy Oak","DE5188","#a5654e"
"Sweet Frosting","DE5189","#fff8e4"
"Malibu Sun","DE5190","#fff2d9"
"Candle Glow","DE5191","#ffe8c3"
"Fresh Apricot","DE5192","#ffd7a5"
"Spiced Nectarine","DE5193","#ffbb72"
"Tangerine Tango","DE5194","#ff9e4b"
"Bright Mango","DE5195","#ff8830"
"Flickering Light","DE5196","#fff1dc"
"Satin Blush","DE5197","#ffe4c6"
"Opalescent Coral","DE5198","#ffd2a9"
"Market Melon","DE5199","#fbb377"
"Yams","DE5200","#eb9552"
"Sweet Potato","DE5201","#d87c3b"
"Desert Spice","DE5202","#c66b30"
"Doeskin","DE5203","#fff2e4"
"Mood Lighting","DE5204","#ffe7d5"
"Prairie Dune","DE5205","#fbd5bd"
"Tan Temptation","DE5206","#f0bd9e"
"Pecan Veneer","DE5207","#e09f78"
"Harvest Time","DE5208","#cf875f"
"Cinnabar","DE5209","#b9714a"
"Ambrosia Ivory","DE5210","#fff4eb"
"Guiding Star","DE5211","#fee9da"
"Natural Tan","DE5212","#f7d8c4"
"Seasonal Beige","DE5213","#e6b99f"
"Tawny Amber","DE5214","#d19776"
"Caramel Apple","DE5215","#b87a59"
"Autumn Umber","DE5216","#ae704f"
"Blended Light","DE5217","#fffbe8"
"Beaming Sun","DE5218","#fff8df"
"Golden Impression","DE5219","#ffefcb"
"Organza","DE5220","#ffdea6"
"Orange Glass","DE5221","#ffca7d"
"Orange Marmalade","DE5222","#ffae52"
"Energy Orange","DE5223","#ff9532"
"Radiant Glow","DE5224","#ffeed2"
"Neutral Peach","DE5225","#ffe6c3"
"Nevada Morning","DE5226","#ffd5a7"
"Rich Honey","DE5227","#f9bc7d"
"Pumpkin Pie","DE5228","#e99e56"
"Clay Terrace","DE5229","#d4823c"
"Carrot Cake","DE5230","#bf6f31"
"Stellar Light","DE5231","#fff4dd"
"Barely Peach","DE5232","#ffe9c7"
"Peach Cider","DE5233","#ffd9aa"
"Apricot Appeal","DE5234","#fec382"
"Blazing Autumn","DE5235","#f3ad63"
"Colorado Peach","DE5236","#e6994c"
"Flame","DE5237","#d28239"
"Tofu","DE5238","#fff5e4"
"Delightful Peach","DE5239","#ffebd1"
"Tahitian Tan","DE5240","#ffdcb7"
"Sicilian Villa","DE5241","#fcc792"
"Beeswax","DE5242","#f0b073"
"Brushed Clay","DE5243","#db9351"
"Melted Copper","DE5244","#ce8544"
"Delicate Seashell","DE5245","#ffefdd"
"Wild Maple","DE5246","#ffe2c7"
"Allspice","DE5247","#f8cdaa"
"Rusty Orange","DE5248","#edb384"
"Coyote","DE5249","#dc9b68"
"Caramel Bar","DE5250","#cc8654"
"Spice Cake","DE5251","#b87243"
"Sugar Glaze","DE5252","#fff0e1"
"Macaroon Cream","DE5253","#fee8d6"
"Fresh Baked Bread","DE5254","#f8d7be"
"Madrid Beige","DE5255","#ecbf9f"
"Soft Leather","DE5256","#d9a077"
"Fall Foliage","DE5257","#c28359"
"Burnt Almond","DE5258","#b0724a"
"Blanched Almond","DE5259","#fff0e3"
"Sandy Beach","DE5260","#f9e2d0"
"Cashew Nut","DE5261","#edccb3"
"Field of Wheat","DE5262","#deb699"
"Sonora Shade","DE5263","#c89672"
"Saddle Brown","DE5264","#af7b57"
"Brown Eyes","DE5265","#9e6b4a"
"Crushed Cashew","DE5266","#ffedd5"
"Almondine","DE5267","#fedebc"
"Sundown","DE5268","#f5c99e"
"Yucatan","DE5269","#e9af78"
"Apple Cider","DE5270","#da995f"
"Ginger Spice","DE5271","#ca884e"
"Sedona at Sunset","DE5272","#bf7c45"
"Down Feathers","DE5273","#fff9e7"
"Candlestick Point","DE5274","#fff1d5"
"Peach Smoothie","DE5275","#ffe5bd"
"Dreams of Peach","DE5276","#ffd29d"
"Amber Dawn","DE5277","#f6bc77"
"Roasted Squash","DE5278","#e6a255"
"Suede Vest","DE5279","#d79043"
"Still Morning","DE5280","#fff8e1"
"Hazelwood","DE5281","#fff3d5"
"Creamy Apricot","DE5282","#ffe8bd"
"August Morning","DE5283","#ffd79d"
"Just Peachy","DE5284","#f8c275"
"Antique Brass","DE5285","#ecae58"
"Pavilion Peach","DE5286","#df9c45"
"Alluring Light","DE5287","#fff7d8"
"Summer Hue","DE5288","#ffefc2"
"Midday Sun","DE5289","#ffe1a3"
"Apricot Glow","DE5290","#ffce79"
"Marigold","DE5291","#f9bb59"
"Acorn Squash","DE5292","#eda740"
"Persimmon","DE5293","#e59b34"
"Blank Canvas","DE5294","#ffefd6"
"Sandstorm","DE5295","#fee2be"
"Granola","DE5296","#f5ce9f"
"Paloma Tan","DE5297","#e9b679"
"Butterscotch Syrup","DE5298","#d9a05f"
"Slightly Golden","DE5299","#cb904e"
"Burmese Gold","DE5300","#bc8143"
"Tatami Mat","DE5301","#fffce4"
"Warm Light","DE5302","#fff9d8"
"Creamy Corn","DE5303","#fff2c2"
"Sun Drenched","DE5304","#ffe7a3"
"Yuma Gold","DE5305","#ffd678"
"Orange Delight","DE5306","#ffc355"
"Ripe Pumpkin","DE5307","#ffaf37"
"Crystal Clear","DE6008","#f4e9ea"
"Billowing Clouds","DE6009","#e7d9db"
"Elusive Violet","DE6010","#d4c0c5"
"Magical Mauve","DE6011","#baa3a9"
"Plumville","DE6012","#9e8185"
"Amazing Amethyst","DE6013","#806568"
"Dark Chocolate","DE6014","#5f4947"
"First Impression","DE6015","#f4e5e7"
"Desert Mauve","DE6016","#e8d2d6"
"Melting Violet","DE6017","#d4b8bf"
"Playful Plum","DE6018","#ba99a2"
"Bohemian Jazz","DE6019","#9d777c"
"Ripe Plum","DE6020","#825e61"
"Outer Boundary","DE6021","#654846"
"Marshmallow Rose","DE6022","#f7e5e6"
"Short and Sweet","DE6023","#edd1d3"
"Pencil Eraser","DE6024","#dbb7bb"
"Rose Meadow","DE6025","#c4989e"
"Handmade Red","DE6026","#a87678"
"Antique Garnet","DE6027","#8e5e5e"
"Dark Ruby","DE6028","#734a45"
"Mother of Pearl","DE6029","#ede2e0"
"Whirlwind","DE6030","#e2d5d3"
"Wafting Gray","DE6031","#cdbdba"
"Hazelnut","DE6032","#b29e9d"
"Porcupine Needles","DE6033","#917a75"
"Raisin in the Sun","DE6034","#78615c"
"Lynx","DE6035","#604d47"
"Cloudy Gray","DE6036","#ece3e1"
"Geyser","DE6037","#dbd0ce"
"Young Fawn","DE6038","#c3b4b3"
"Monsoon","DE6039","#a49593"
"Cave of the Winds","DE6040","#86736e"
"Missing Link","DE6041","#6f5d57"
"Bear in Mind","DE6042","#5b4a44"
"Mannequin","DE6043","#eedfdd"
"Misty Blush","DE6044","#ddc9c6"
"Wispy Mauve","DE6045","#c6aeaa"
"Ash Hollow","DE6046","#a88e8b"
"Eclectic Plum","DE6047","#8c6e67"
"Pine Cone","DE6048","#765952"
"Chaps","DE6049","#644b41"
"White Russian","DE6050","#f0e0dc"
"Pale Berries","DE6051","#e2ccc7"
"Dusty Trail","DE6052","#cdb1ab"
"Plush Suede","DE6053","#b1928c"
"Prairie Dog","DE6054","#937067"
"Wild West","DE6055","#7e5c52"
"Buffalo Herd","DE6056","#705046"
"Raindrops","DE6057","#ece5e1"
"Thick Fog","DE6058","#dcd3ce"
"Chocolate Milk","DE6059","#c5b9b4"
"Twilight Taupe","DE6060","#a79994"
"River Rocks","DE6061","#897870"
"Tea Bag","DE6062","#726259"
"Black Walnut","DE6063","#5e4f46"
"Windmill","DE6064","#f5ece7"
"Studio White","DE6065","#e8dcd5"
"Desert Rock","DE6066","#d5c6bd"
"Crushed Stone","DE6067","#bcaa9f"
"Cobblestone Path","DE6068","#9e8779"
"Bannister Brown","DE6069","#806b5d"
"Chocolate Chunk","DE6070","#6b574a"
"Spooled White","DE6071","#f5eae3"
"Gallery Gray","DE6072","#e8dad1"
"New Wool","DE6073","#d6c3b9"
"Frontier Land","DE6074","#bca59a"
"Wood Lake","DE6075","#a08475"
"Wandering Road","DE6076","#876d5e"
"Deep Brown","DE6077","#6f5749"
"Faded Light","DE6078","#f5e4de"
"Touch of Tan","DE6079","#eed9d1"
"Traveling Tan","DE6080","#dec1b8"
"Rose Bisque","DE6081","#c6a499"
"Hickory Branch","DE6082","#ab8274"
"Badlands Sunset","DE6083","#936a5b"
"Roxy Brown","DE6084","#7a5546"
"Rosy Tan","DE6085","#fae8e1"
"Tan Whirl","DE6086","#f1d7ce"
"Muddy Rose","DE6087","#e2beb4"
"Musk","DE6088","#cca195"
"Brick Fence","DE6089","#b38070"
"Western Red","DE6090","#9b6959"
"Red Hook","DE6091","#845544"
"Ancient Scroll","DE6092","#f5e6de"
"Blushing Bride","DE6093","#eedad1"
"Canyon Dusk","DE6094","#ddc3b7"
"Howdy Partner","DE6095","#c6a698"
"Homestead","DE6096","#ac8674"
"Monterey Brown","DE6097","#946e5c"
"Burns Cave","DE6098","#7b5847"
"Vanilla Blush","DE6099","#fcede4"
"Canyonville","DE6100","#f5ded1"
"Galveston Tan","DE6101","#e8c8b8"
"Hayride","DE6102","#d4ac99"
"Copper Lake","DE6103","#c09078"
"Chic Brick","DE6104","#a4725a"
"Weathered Leather","DE6105","#90614a"
"Pale Wheat","DE6106","#fcf0e5"
"Breakfast Biscuit","DE6107","#f6e3d3"
"English Scone","DE6108","#e9cfbb"
"Kraft Paper","DE6109","#d5b59c"
"Warm Hearth","DE6110","#be9677"
"S'mores","DE6111","#a87f5f"
"Cedar Chest","DE6112","#8f684b"
"Alpaca Wool","DE6113","#f9ede2"
"Dry Dune","DE6114","#efdfcf"
"Practical Tan","DE6115","#e1cbb6"
"Dover Plains","DE6116","#ccaf92"
"Colorado Trail","DE6117","#b49375"
"Sandpit","DE6118","#9e7c5e"
"Neutral Valley","DE6119","#8b694d"
"Tea Biscuit","DE6120","#f5ebe1"
"Siamese Kitten","DE6121","#eee2d5"
"Dry Creek","DE6122","#d8c7b6"
"Trail Dust","DE6123","#bfaa97"
"Whole Wheat","DE6124","#a48b73"
"Carved Wood","DE6125","#937a62"
"Stockhorse","DE6126","#806852"
"Finest Silk","DE6127","#f1e5d7"
"Sand Dune","DE6128","#e3d2c0"
"Rustic Taupe","DE6129","#cdb9a2"
"Wooded Acre","DE6130","#b59b7e"
"Teddy Bear","DE6131","#9d8164"
"Big Stone Beach","DE6132","#886e54"
"Old Boot","DE6133","#7c644b"
"Shortbread","DE6134","#f5e6d3"
"Verona Beach","DE6135","#e9d3ba"
"Terracotta Sand","DE6136","#d6ba9b"
"Tan Plan","DE6137","#c19e78"
"Dark Sepia","DE6138","#ac8760"
"Summerville Brown","DE6139","#997651"
"Brown Bear","DE6140","#8f6e4b"
"Salt Box","DE6141","#f5e9d9"
"Floating Feather","DE6142","#e9d8c2"
"Almond Latte","DE6143","#d6c0a4"
"Graham Cracker","DE6144","#c0a480"
"Rocky Ridge","DE6145","#a88b66"
"Lonely Road","DE6146","#947754"
"Chester Brown","DE6147","#876b4b"
"Antique Linen","DE6148","#faeedb"
"Cream Washed","DE6149","#f2e0c5"
"Gourmet Honey","DE6150","#e3cba8"
"Warm Butterscotch","DE6151","#d0b082"
"Maple View","DE6152","#b49161"
"Pyramid","DE6153","#9f7d4f"
"Cuban Cigar","DE6154","#927247"
"Soft Ivory","DE6155","#fbf1df"
"Marble Dust","DE6156","#f3e5cb"
"Bisque Tan","DE6157","#e5d2b0"
"Buckskin","DE6158","#d4ba8c"
"Bread Pudding","DE6159","#bfa270"
"Fall Harvest","DE6160","#a78a59"
"Bronzed Brass","DE6161","#9b7e4e"
"Antique Lace","DE6162","#fdf2db"
"Melted Wax","DE6163","#f6e6c5"
"Canary Island","DE6164","#e9d4a9"
"Toasted Marshmallow","DE6165","#dabd84"
"Flickering Gold","DE6166","#c6a668"
"Antique Honey","DE6167","#b39355"
"Golden Harmony","DE6168","#9f8046"
"Milk Mustache","DE6169","#faf3e6"
"Rice Bowl","DE6170","#f1e7d5"
"Sand Dollar","DE6171","#e2d6bd"
"Bungalow Taupe","DE6172","#cebe9f"
"Paper Sack","DE6173","#b4a07a"
"Ridgecrest","DE6174","#9d8861"
"Burlap","DE6175","#8b7753"
"Creamy Cameo","DE6176","#f9eedc"
"Thatched Roof","DE6177","#efe0c6"
"Boutique Beige","DE6178","#e1cead"
"Oak Harbor","DE6179","#cdb386"
"New Cork","DE6180","#b89b6b"
"Banner Gold","DE6181","#a28557"
"Beaumont Brown","DE6182","#92774c"
"Home Plate","DE6183","#f7eedb"
"Sailcloth","DE6184","#ece0c4"
"Light Aspiration","DE6185","#dacba7"
"Desert Floor","DE6186","#c6b183"
"Veranda Gold","DE6187","#af9968"
"Spacious Plain","DE6188","#9a8557"
"Mossy","DE6189","#857349"
"Ball of String","DE6190","#f0e8d9"
"Exclusive Ivory","DE6191","#e2d8c3"
"Nomadic Taupe","DE6192","#d2c6ae"
"Bamboo Screen","DE6193","#bcab8c"
"Natural Bridge","DE6194","#a29171"
"Prairie Grove","DE6195","#8e7d5d"
"Covered Wagon","DE6196","#726449"
"Modern Ivory","DE6197","#f5ecdc"
"Cream Wave","DE6198","#e8dbc5"
"Pale Beach","DE6199","#d6c5a9"
"Handwoven","DE6200","#bfa984"
"Rattan Basket","DE6201","#a79069"
"Coconut Shell","DE6202","#917a56"
"Essential Brown","DE6203","#7d6848"
"Trite White","DE6204","#f4f0e3"
"Stucco Tan","DE6205","#e8dece"
"Desert Suede","DE6206","#d5c7b3"
"Egyptian Sand","DE6207","#beac90"
"Tuscan Mosaic","DE6208","#a08d71"
"Rock 'n' Oak","DE6209","#8b785c"
"Midnight Brown","DE6210","#706048"
"Light Beige","DE6211","#f5efe8"
"Crisp Muslin","DE6212","#e9e2d7"
"Fine Grain","DE6213","#d8cfc1"
"Pigeon Gray","DE6214","#c1b4a0"
"Wooden Peg","DE6215","#a89983"
"Barrel Stove","DE6216","#8e7e67"
"Ancient Earth","DE6217","#746550"
"Coy","DEW300","#fff4f3"
"Strawberry Dust","DEW301","#fff0ea"
"Romantic","DEW302","#fdefe9"
"Dogwood","DEW303","#faeae2"
"What's Left","DEW304","#fff4e8"
"Satin Purse","DEW305","#fff8ee"
"Sheer Peach","DEW306","#fff7e7"
"Rosarian","DEW307","#faeadd"
"Poppy Crepe","DEW308","#fbe9d8"
"Ajo Lily","DEW309","#faecd9"
"Alabaster","DEW310","#f3e7db"
"French White","DEW311","#f1e7db"
"Total Recall","DEW312","#f6ead8"
"Early Snow","DEW313","#fdf3e4"
"Desert Star","DEW314","#f9f0e1"
"White Zin","DEW315","#f8eee3"
"Powdered","DEW316","#f9f2e7"
"Day Lily","DEW317","#fff9ec"
"Cottage White","DEW318","#f7efdd"
"Damask","DEW319","#fbf1df"
"Pinch of Pearl","DEW320","#fff8e3"
"Sparkling Cider","DEW321","#fffdeb"
"Magnolia","DEW322","#fff9e4"
"Ivory Charm","DEW323","#fff6da"
"Phoenix Villa","DEW324","#f7efde"
"Vanilla Shake","DEW325","#fffbf0"
"Birch White","DEW326","#f6eedf"
"Lily","DEW327","#faf0db"
"Pearl White","DEW328","#f6ebd7"
"Wax Wing","DEW329","#f6ecd6"
"Snug Cottage","DEW330","#fff9e2"
"Wedding Dress","DEW331","#ffffe9"
"Lead Glass","DEW332","#fffae5"
"Diamond","DEW333","#faf7e2"
"Clear Day","DEW334","#fffce3"
"Icicle","DEW335","#fbf9e1"
"White Sand","DEW336","#f5ebd8"
"Gardenia","DEW337","#fffdf2"
"White Heat","DEW338","#fdf9ef"
"Bone China","DEW339","#f3edde"
"Whisper  ","DEW340","#fdfaf1"
"Swiss Coffee","DEW341","#f8f5e9"
"Baby's Breath","DEW342","#f2edec"
"Pearl Necklace","DEW343","#fcf7eb"
"Frosting Cream","DEW344","#fffbee"
"White Fever","DEW345","#fbf4e8"
"Swan White","DEW346","#f7f1e2"
"Luminary","DEW347","#fffeed"
"Glamour White","DEW348","#fffcec"
"Shyness","DEW349","#f3f3d9"
"Clearview","DEW350","#fbfbe5"
"Antique White","DEW351","#ece6d5"
"Cumulus","DEW352","#f3f3e6"
"Ivory Keys","DEW353","#f8f7e6"
"Van de Cane","DEW354","#faf7eb"
"Green Tea","DEW355","#e8e8d4"
"Bean Sprout","DEW356","#f3f9e9"
"White Crest","DEW357","#f9f8ef"
"Milk Glass","DEW358","#faf7f0"
"Soft Silver","DEW359","#f7f9e9"
"Spring Frost","DEW360","#f8faee"
"Refined Mint","DEW361","#f1f9ec"
"Grass Valley","DEW362","#f4f7ee"
"Spring White","DEW363","#ecfcec"
"White Sulfur","DEW364","#f1faea"
"Fog Town","DEW365","#eef0e7"
"Soft Petals","DEW366","#ebf8ef"
"Touch of Mint","DEW367","#f8fff8"
"Melting Glacier","DEW368","#e9f9f5"
"Wind Chill","DEW369","#eff3f0"
"Distant Cloud","DEW370","#e5eae6"
"Hurricane Mist","DEW371","#ebeee8"
"Catalina","DEW372","#f6fdfa"
"Calm Waters","DEW373","#e7fafa"
"Coastal Breeze","DEW374","#e0f6fb"
"Clear Skies","DEW375","#e8f7fd"
"Evening Shadow","DEW376","#eaf2f1"
"Distant Horizon","DEW377","#f1f8fa"
"Worn Denim","DEW378","#e2ecf2"
"Igloo","DEW379","#fdfcfa"
"White","DEW380","#ffffff"
"Droplets","DEW381","#f6f4ef"
"Faded Gray","DEW382","#eae8e4"
"Cool December","DEW383","#fdfbf8"
"Snowflake","DEW384","#eff0f0"
"Lighthouse","DEW385","#f3f4f4"
"Precious Pearls","DEW386","#f1f0ef"
"Cotton Ball","DEW387","#f2f7fd"
"Morning Mist","DEW388","#e5edf1"
"Springtime Rain","DEW389","#ebeef3"
"First Snow","DEW390","#e8eff8"
"Boysenberry Shadow","DEW391","#f1f3f9"
"Crystal Bell","DEW392","#efeeef"
"Violet Clues","DEW393","#efecef"
"Cascading White","DEW394","#f7f5f6"
"Heirloom Shade","DEW395","#dcd8d4"
"Essence of Violet","DEW396","#efedee"
"Angel Feather","DEW397","#f4efee"
"Abalone","DEW398","#f8f3f6"
"Sentimental Pink","DEW399","#f8eef4"