"All White","2005"," #fbf8f4"
"Wevet","273"," #eee9e7"
"Wimborne White","239"," #f7f3e8"
"Pointing","2003"," #f7f1e3"
"James White","2010"," #ede9d8"
"Stony Ground","211"," #cec1ad"
"White Tie","2002"," #f5ecd9"
"New White","59"," #f5e8d0"
"Matchstick","2013"," #e4d5bc"
"String","8"," #ddcdae"
"Savage Ground","213"," #d8c4a8"
"Cord","16"," #d6c39e"
"Slipper Satin","2004"," #e8e0d1"
"Lime White","1"," #e8dec9"
"Off-White","3"," #e0d5be"
"Old White","4"," #cfc3ad"
"Light Gray","17"," #b4a693"
"Mouse's Back","40"," #998976"
"School House White","291"," #e6dfd1"
"Shadow White","282"," #ded8c6"
"Shaded White","201"," #d9d2c1"
"Drop Cloth","283"," #c9beab"
"Bone","15"," #cec3ad"
"Hardwick White","5"," #b5afa0"
"Dimity","2008"," #eee3d3"
"Joa's White","226"," #decfb9"
"Oxford Stone","264"," #d6c2ac"
"London Stone","6"," #b6a38f"
"Dead Salmon","28"," #b49d8d"
"Salon Drab","290"," #726454"
"Strong White","2001"," #e5e0db"
"Ammonite","274"," #ddd8cf"
"Cornforth White","228"," #d1cbc3"
"Purbeck Stone","275"," #c4beb4"
"Worsted","284"," #D3CFCD"
"Mole's Breath","276"," #8b857f"
"Cromarty","285"," #cfcec0"
"Mizzle","266"," #c0c2b3"
"Blue Gray","91"," #b4b4a3"
"Pigeon","25"," #a1a093"
"French Gray","18"," #b5b19a"
"Treron","292"," #8b8a77"
"Blackened","2011"," #dddbd9"
"Dimpse","277"," #d9d8d3"
"Pavilion Gray","242"," #c8c3bc"
"Lamp Room Gray","88"," #b2b1a9"
"Manor House Gray","265"," #a2a29d"
"Plummett","272"," #8d8d8b"
"Skimming Stone","241"," #dfd6cb"
"Elephant's Breath","229"," #ccbfb3"
"Dove Tale","267"," #bbb1ab"
"Charleston Gray","243"," #9f9389"
"London Clay","244"," #786963"
"Brinjal","222"," #5d3b42"
"Jitney","293"," #c4b2a2"
"Peignoir","286"," #d6c8c3"
"Calluna","270"," #ccc8ce"
"Brassica","271"," #8d8089"
"Pelt","254"," #50414c"
"Paean Black","294"," #494248"
"Middleton Pink","245"," #fde7e5"
"Calamine","230"," #e6d1cb"
"Nancy's Blushes","278"," #ecb7b8"
"Red Earth","64"," #c57b67"
"Picture Gallery Red","42"," #a15a4d"
"Incarnadine","248"," #a04344"
"Great White","2006"," #e7dedb"
"Sulking Room Pink","295"," #A0837F"
"Cinder Rose","246"," #c7a4a6"
"Rangwali","296"," #bf7a8f"
"Pink Ground","202"," #efd6c7"
"Setting Plaster","231"," #dfc2af"
"Rectory Red","217"," #a53c49"
"Eating Room Red","43"," #8f4e4d"
"Radicchio","96"," #994a50"
"Preference Red","297"," #6d4247"
"Charlotte's Locks","268"," #d65f3d"
"Blazer","212"," #b64f48"
"House White","2012"," #f1e6c8"
"Pale Hound","71"," #eadfb7"
"Dayroom Yellow","233"," #f7e29d"
"Citron","74"," #f5d27b"
"Yellow Ground","218"," #f2cf86"
"Babouche","223"," #ecc363"
"Tallow","203"," #fdedd7"
"Farrow's Cream","67"," #efdbb3"
"Dorset Cream","68"," #efd5a1"
"Hay","37"," #dfc795"
"Sudbury Yellow","51"," #dcb771"
"India Yellow","66"," #cb9e59"
"Green Ground","206"," #dbdab6"
"Cooking Apple Green","32"," #c4c6a5"
"Ball Green","75"," #bcb596"
"Card Room Green","79"," #899081"
"Green Smoke","47"," #737c70"
"Studio Green","93"," #464c49"
"Churlish Green","251"," #c8bd83"
"Yeabridge Green","287"," #919f70"
"Breakfast Room Green","81"," #94a68a"
"Calke Green","34"," #768769"
"Bancha","298"," #686a47"
"Arsenic","214"," #84b59c"
"Vert de Terre","234"," #babba5"
"Lichen","19"," #a1a189"
"Oval Room Blue","85"," #8b9d9b"
"Stone Blue","86"," #7997a1"
"De Nimes","299"," #6A7C80"
"Inchyra Blue","289"," #586768"
"Pavilion Blue","252"," #e5e7dc"
"Pale Powder","204"," #d9dcd2"
"Teresa's Green","236"," #c0cdc2"
"Green Blue","84"," #adbdb2"
"Dix Blue","82"," #99b0ab"
"Vardo","288"," #427e83"
"Borrowed Light","235"," #d5dbdb"
"Skylight","205"," #ccd0cd"
"Light Blue","22"," #b8bcb5"
"Parma Gray","27"," #b2bfc5"
"Lulworth Blue","89"," #a1b8ca"
"Cook's Blue","237"," #6a90b4"
"Cabbage White","269"," #e8eeea"
"Blue Ground","210"," #a1c5c8"
"St Giles Blue","280"," #599ec4"
"Pitch Blue","220"," #636e8f"
"Stiffkey Blue","281"," #4d5b6a"
"Hague Blue","30"," #3d4e57"
"Mahogany","36"," #534644"
"Tanner's Brown","255"," #4d4746"
"Down Pipe","26"," #626664"
"Railings","31"," #45484b"
"Off-Black","57"," #444546"
"Pitch Black","256"," #3b3938"