"Hint Of Vanilla","1","#eee8dc"
"Elusive White","2","#e8e3d6"
"Nilla Vanilla","3","#f1ebe0"
"Child Of Heaven","4","#f1ebe0"
"Kiara","5","#f5ecdc"
"Little Dove","6","#ebe0ce"
"Cotton Ball","7","#f5efde"
"Casa Blanca","8","#f4ecd8"
"Chapel Wall","9","#f3ead7"
"Petticoat","10","#efe5ce"
"Sugar Dust","11","#f8f6ed"
"Bunny Cake","12","#f5efe2"
"Sphere","13","#f2e8cc"
"Twill","14","#f0e8d3"
"White Glove","15","#f9f4e3"
"Pumice Stone","16","#f7f1df"
"Luna Moon","17","#eceae1"
"Dove White","18","#e6e2d8"
"Mystic Fog","19","#eae9e1"
"Bonaire","20","#e6e2d7"
"Barely White","21","#e1e3dd"
"White Kitten","22","#dfdfdb"
"Shell Tint","23","#ecf0e9"
"Just About White","24","#e8e8e0"
"Prismatic Pearl","25","#eae8dd"
"Moon Drop","26","#ddd5c9"
"White Fence","27","#e8e4d9"
"Bannister White","28","#e1e0d6"
"Cherish Is The Word","29","#e6e4da"
"Lady Nicole","30","#d6d6cd"
"Italian Ice","31","#e2e0d3"
"Ice Dream","32","#eaebe1"
"Chafed Wheat","33","#f6e0cf"
"Here Comes The Sun","34","#f1d0be"
"Weekend Retreat","35","#e9c2ad"
"Fortune's Prize","36","#daa994"
"Money Tree","37","#c9937a"
"Autumn's Hill","38","#ba7a61"
"Mandalay Road","39","#a05f45"
"Antique Candle Light","40","#f4e1d6"
"Chinese Cherry","41","#f1d7cb"
"Antoinette Pink","42","#e7c2b4"
"Angel Breath","43","#dcaf9f"
"Calliope","44","#c89a8d"
"Sizzling Hot","45","#a36956"
"Valentino","46","#7f4738"
"Sand Island","47","#f4d1c2"
"Embrace","48","#e8b8a7"
"Auburn Wave","49","#d8a394"
"Simmering Ridge","50","#cb9281"
"Caramel Candy","51","#b3715d"
"Spiced Carrot","52","#a4624c"
"Remaining Embers","53","#8a4c38"
"Wink Pink","54","#f8e8df"
"Strawberry Whip","55","#f9d7cd"
"Dainty Debutante","56","#f4bdb3"
"Marble Pink","57","#d28279"
"Angelic Choir","58","#b8665c"
"Quintessential","59","#8c4f46"
"Parlor Rose","60","#893e39"
"Pinkathon","61","#f1bdba"
"Blooming Perfect","62","#d89696"
"Impatient Heart","63","#c47d7c"
"Lord Baltimore","64","#b76764"
"Poppy Prose","65","#ae605b"
"Wild Rose","66","#90343a"
"Lover's Kiss","67","#8f3b3d"
"Summer Blush","68","#f7dfd7"
"Empire Rose","69","#e7c5c1"
"O Fortuna","70","#e1b8b5"
"Ruby Eye","71","#d0a2a0"
"Notice Me","72","#ba8686"
"Corazon","73","#9d6663"
"Emperor's Robe","74","#7b4940"
"Pink Duet","75","#f8e7e4"
"Fantastic Pink","76","#e6c8c9"
"Pink Softness","77","#deb8bc"
"Be Mine","78","#c99ea3"
"Prophetess","79","#be8b8f"
"Abra Cadabra","80","#966165"
"Berry Crush","81","#73413e"
"Rose Shadow","82","#f4d6d6"
"Pink Coral","83","#eccacc"
"Quiet Pink","84","#e6bcc0"
"Fragrant Satchel","85","#d9a2aa"
"King's Cloak","86","#c48692"
"Cinnapink","87","#a6646f"
"Casandra ","88","#7c4549"
"Star Of Morning","89","#ebbbbe"
"Moon Goddess","90","#d8a7ae"
"Garnet Shadow","91","#c89095"
"Fresh Day","92","#af7074"
"Herald Of Spring","93","#a46366"
"Starlet","94","#854e51"
"Queen's Rose","95","#753a40"
"Morning Side","96","#f3e2df"
"Odyssey Plum","97","#e1c2c5"
"Lockhart","98","#be9aa2"
"Lover's Tryst","99","#a47c85"
"Whimsy","100","#8b5e63"
"Fruitful Orchard","101","#773b3e"
"Earthly Pleasure","102","#693c3b"
"Hosanna","103","#dbb8bf"
"Victorian Cottage","104","#d5afb6"
"Harvest Blessing","105","#c49ca6"
"Rare Find","106","#ae7e8a"
"Prosperity","107","#915f66"
"Exotica","108","#7a424e"
"Kung Fu","109","#643b42"
"Baby Bunting","110","#edc9cd"
"Acadia Bloom","111","#e5b7be"
"Lady Flower","112","#d0a4ae"
"Punch Of Pink","113","#b68692"
"Montrose Rose","114","#9d6a73"
"Sophistication","115","#713545"
"Cordova Burgundy","116","#7c3744"
"Satin Slipper","117","#f1d7d1"
"Miniature Posey","118","#e5beba"
"Angela Canyon","119","#c99997"
"Summer's Eve","120","#a97069"
"Savanna","121","#874c44"
"Outrageous","122","#824438"
"Monterey Chestnut","123","#7d4235"
"Merlins Beard","124","#efe2d9"
"Pout","125","#e4ccc3"
"Sauterne","126","#d7bbb3"
"Andes Ash","127","#c1a097"
"Rocky Mountain","128","#a9867d"
"Arrowhead","129","#8f685d"
"Evolution","130","#704a3d"
"Cliffswallow","131","#ecddd4"
"Summer Beige","132","#dbc2b9"
"Natchez","133","#ba9f95"
"Baby Sprout","134","#a78b81"
"Emerging Leaf","135","#987a6e"
"Amazon Mist","136","#7f6054"
"Hideaway","137","#654637"
"Coconut Macaroon","138","#dacac0"
"Souffl?","139","#cebbb3"
"Cozy Cover","140","#b7a299"
"Bush Buck","141","#a48d83"
"Ranch House","142","#7b645a"
"Connoisseur","143","#654e44"
"Film Noir","144","#473933"
"Flax Flower","145","#f0e0d5"
"Truffles","146","#ead7cd"
"Cave Painting","147","#d3baae"
"Oak Plank","148","#c8a99a"
"Pavilion Tan","149","#b29080"
"Temptation","150","#956e5f"
"Coffee Shop","151","#725042"
"Flirt","152","#f0dac5"
"Take-out","153","#e6ccb7"
"Romulus ","154","#dfc1a8"
"Cowhide","155","#cda688"
"Skinny Dip","156","#b58a6e"
"Dodge Pole","157","#a37355"
"Mover And Shaker","158","#855d44"
"Senior Moment","159","#f1e0cf"
"Kingdom's Keys","160","#e9cfb7"
"Tiny Calf","161","#e0bfa5"
"Apple Pie","162","#caab94"
"Camel Train","163","#af8e75"
"Veldrift","164","#a17d61"
"Cavern Sand","165","#947054"
"Pastel Day","166","#f7e6d2"
"First Date","167","#e7cfb7"
"Candle Light","168","#ddc1a6"
"Fossil Tan","169","#d1af90"
"Blonde Shell","170","#be9673"
"Golden Glove","171","#9e7551"
"Chasm","172","#876044"
"Pale Gingersnap","173","#eaddca"
"Maple Pecan","174","#e3d1bb"
"3am Latte","175","#c0a98e"
"Country Dweller","176","#b0967c"
"Weaver's Tool","177","#9d7f62"
"Cupcake","178","#8a6e53"
"Fall In Season","179","#7f6144"
"Fresh Linen","180","#ece2d4"
"Ageless","181","#e0d2c2"
"Ivory Ridge","182","#d9c9b8"
"Moth Wing","183","#ccbca9"
"Macadamia Brown","184","#bba791"
"Noble Crown","185","#8d755d"
"Christmas Ornament","186","#6e5a49"
"White Lightning ","187","#eee2d3"
"Baguette","188","#ccbbab"
"Delicate Honeysweet","189","#bcab99"
"Village Crier","190","#ad9986"
"Dusty Path","191","#8c7763"
"Dapper","192","#715b49"
"Alpha Male","193","#715a45"
"August Moon","194","#e5e0d5"
"Mossy Shade","195","#dbd2c7"
"Overgrown","196","#cec6b8"
"Thistle Gray","197","#c0b6a8"
"Young Colt","198","#a79b8c"
"Sandy Shoes","199","#847563"
"Stony Field","200","#615547"
"Sparkling Champagne","201","#eceadd"
"Powder Cake","202","#dfd7ca"
"Whale Bone","203","#d0c8bb"
"Marshy Habitat","204","#b8aea2"
"Wood Shadow","205","#a79e90"
"Thatched Cottage","206","#837766"
"Ares Shadow","207","#62584c"
"Umber Style","208","#ece7dd"
"Polished","209","#ded8ce"
"Hidden Cove","210","#cdc7bd"
"Light Lichen","211","#bfb6a9"
"Big Spender","212","#a79c8e"
"Coastal Fog","213","#7e7264"
"Wildwood","214","#60554c"
"Herare White","215","#e7e0d3"
"Earthling","216","#ded6c7"
"Oak Tone","217","#d0c7b6"
"Drifting Sand","218","#a89f93"
"Camel's Hump","219","#817667"
"Monk's Cloth ","220","#6e6355"
"Brown Suede","221","#5b4f41"
"Au Natural","222","#e5e1ce"
"White Elephant","223","#e3dbc8"
"Pebblebrook","224","#d8d0bc"
"Roman Ruins","225","#c0b5a0"
"Sedge","226","#b1a591"
"Moonscape","227","#8b7e6a"
"Hannover Hills","228","#685d4a"
"Feather Stone","229","#e3ded2"
"Harrow Gate","230","#dbd4c7"
"Desert Mirage","231","#d2cabc"
"Frond","232","#c2baab"
"Deep Marsh","233","#ada18e"
"Industrial Strength","234","#877a65"
"Black Heath","235","#675a49"
"Sunday Gloves","236","#e8d4b9"
"Flan","237","#e2c8aa"
"Crowned One","238","#d4b597"
"Tailored Tan","239","#bd9d7e"
"Spiced Rum","240","#ad8b6a"
"Prince Paris","241","#9d7957"
"Rare Happening","242","#8d6a48"
"Frozen Custard","243","#ead0ac"
"Mulled Cider","244","#e3c39b"
"Caramel Cloud","245","#d4af85"
"Cinnamon Toast","246","#caa272"
"Apple Crisp ","247","#bb8e5e"
"Safari Sun","248","#b4875e"
"Butterscotch Mousse","249","#a97d54"
"Pumpkin Spice","250","#f5e7cf"
"Alchemy","251","#efd7b8"
"October Bounty","252","#e3c6a3"
"Honey Glow","253","#e0bf99"
"Living Large","254","#d7b387"
"Back To Basics","255","#c49a69"
"Crazy Horse","256","#a57648"
"Shortbread","257","#ebd9bd"
"Classic Terra","258","#e4ceae"
"Persian Fable","259","#d2bb9c"
"Cocoa Nib","260","#bc9f7e"
"Tan Hide","261","#af926d"
"Log Cabin","262","#9e805b"
"Country Charm","263","#8d6c48"
"Palest Of Lemon","264","#e6d6bb"
"Marshmallow Mist","265","#e0caaa"
"October Harvest","266","#d1bb98"
"Season Finale","267","#bea27b"
"Rich Oak","268","#a7855a"
"Sahara Wind","269","#8b6a3f"
"Graham Crust","270","#806240"
"Clover Honey","271","#ebe0d1"
"Mineral Water","272","#ded1bd"
"Sandstone Palette","273","#d9ccb6"
"Polished Marble","274","#d0bc9d"
"Highlight","275","#bba583"
"Gold Taffeta","276","#a48b68"
"Golden Freesia","277","#876f4d"
"Barberry Sand","278","#e1d4bc"
"Garden Country","279","#d6c5a9"
"Wicker Basket","280","#c7b699"
"Olive Gold","281","#bfac8b"
"Vintage Gold","282","#b79e78"
"Historic Town","283","#a18a64"
"Queen Lioness","284","#77613d"
"Eugenia","285","#f2e8d4"
"Yellow Page","286","#eadcc6"
"Muslin Tint","287","#e0cdb1"
"Golden Buff","288","#dec8a3"
"Prairie Sand","289","#c9b18a"
"Key Keeper","290","#a48a62"
"Rutherford","291","#8d734f"
"Privileged","292","#f3ead7"
"What Inheritance?","293","#e8d7bc"
"Rub Elbows","294","#e2d0b0"
"Spanish Cream","295","#d6c2a0"
"Only Yesterday","296","#c9b08a"
"Gold Season","297","#b19971"
"Brocade","298","#8b7045"
"Allison Lace","299","#f3ead5"
"Ivory Parchment","300","#efe3ca"
"Corinthian Pillar","301","#e1d1b1"
"Rich Reward","302","#b9a37f"
"Bauhaus Gold","303","#b0986f"
"Gold Tangiers","304","#9e865e"
"Golden Summer","305","#816945"
"Saffron Tint","306","#f3ead5"
"Putting Bench","307","#f1e4c9"
"Coconut Crumble","308","#e2cea6"
"Palmetto Bluff","309","#ceb993"
"Sassafras","310","#baa47a"
"Life Exotic","311","#ae9567"
"September Gold","312","#8d7548"
"Chic Magnet","313","#ede1c8"
"Trade Secret","314","#e6d8bd"
"Peaceable Kingdom","315","#ddccac"
"Golden Lake","316","#d8c7a2"
"Green Gold","317","#c5b088"
"There's No Place Like Home","318","#ad9569"
"Herald's Trumpet","319","#8a754c"
"Floating Island","320","#ece5cf"
"Hephaestus","321","#e1d4b6"
"Gabriel's Light","322","#dacca8"
"Star Of Gold","323","#baa87d"
"Upon Reflection","324","#ac986a"
"Welcome Home","325","#907c51"
"Bambino","326","#7e6c45"
"Tawny Daylilly","327","#eee4d1"
"Land Of Trees","328","#e0d5b9"
"Knit Cardigan","329","#d6c8a8"
"Castaway Beach","330","#d0c19f"
"Refined","331","#c1b38c"
"All Nighter","332","#9d8d67"
"Grasslands","333","#7a6b49"
"Sedona","334","#e7e0cf"
"Illusive Dream","335","#e1d5c2"
"Soft Leather","336","#c5baa6"
"Urban Charm","337","#aea28c"
"Whipcord","338","#a09176"
"Ceramic Pot","339","#908268"
"Nightfall","340","#61523d"
"Loch Ness","341","#e8e1ce"
"Velum Smoke","342","#d6ceb9"
"Cantera","343","#cec5af"
"Courtyard","344","#c8bda4"
"Travertine Path","345","#b5ab8f"
"Northeast Trail","346","#948666"
"Jungle Cover","347","#6d6249"
"Dried Grass","348","#ddd5bf"
"Reseda","349","#d0c7b0"
"Helen Of Troy","350","#c3b89f"
"Mohalla","351","#a79b7e"
"Shagbark Olive","352","#90876b"
"Becker Gold","353","#776949"
"Austere","354","#726848"
"Twinkle Twinkle","355","#f3f2e8"
"Moth Mist","356","#edebde"
"Moss Island","357","#dddccc"
"Silky Green","358","#c7c0a9"
"Green Sleeves","359","#a19675"
"Land Before Time","360","#8a7f5d"
"Georgia On My Mind","361","#746a4b"
"Pale Quartz ","362","#efeada"
"Mission Hills","363","#e2dac3"
"Stone Hearth","364","#d0c6a9"
"Abbey Stone","365","#a29778"
"Owlet","366","#90845f"
"Chocolate Velvet","367","#7f7453"
"Folk Tales","368","#766a47"
"Saturnia","369","#dddbce"
"Palatine","370","#c9c7b6"
"Fiorito","371","#bfbfaf"
"Historic Shade","372","#ada791"
"Burning Idea","373","#8f8b72"
"Candle Wax","374","#6f6a53"
"African Queen","375","#645e42"
"Bleached Meadow","376","#eae5d5"
"Montezuma","377","#d2cdb6"
"Garden Hedge","378","#c7c1a8"
"Orestes","379","#9f9b84"
"Mirrored Willow","380","#8d876d"
"Sonata","381","#7e795e"
"Mount Olive","382","#716646"
"Natural Whisper","383","#f0e8cf"
"Cheese Please","384","#ede5cb"
"Howdy Neighbor","385","#ded2aa"
"Hippolita","386","#cfc294"
"Goldie Oldie","387","#baad75"
"Shiny Gold","388","#ae9f65"
"Gold Sparkle","389","#786b3d"
"Olive Tint","390","#efebd7"
"Crispa","391","#e7dfc1"
"Alsot Olive","392","#dfd5b1"
"Inviting Gesture","393","#cdc29d"
"High Chief","394","#bdb388"
"Crack Willow","395","#b0a470"
"Wing Man","396","#7a6f39"
"Hidden Paradise ","397","#ecebd5"
"Island Embrace","398","#ded9b4"
"Sawgrass Cottage","399","#d3cda2"
"New Foliage","400","#c2bc90"
"Bamboo Forest","401","#b1a979"
"Sabo Garden","402","#978d59"
"Tropical Twist","403","#837946"
"Translucent Vision","404","#e4e6d0"
"Planet Earth","405","#daddc3"
"Home Body","406","#cfd2b4"
"Vapor","407","#c0c4a2"
"Rediscover","408","#b5b790"
"Green Cast","409","#919365"
"Old School","410","#686945"
"Cyprus Spring","411","#f2f2ea"
"Sublime","412","#ecede0"
"Speak To Me ","413","#dfdfd0"
"Plume Grass","414","#c6c7b0"
"French Pear","415","#9e9f7d"
"Taffeta Sheen","416","#81825f"
"Aloe Leaf","417","#61643f"
"Onion Skin","418","#ebe8dc"
"Poseidon's Beard","419","#d9d6c7"
"Dave's Den","420","#c3bfae"
"Silverado Ranch","421","#a7a89b"
"Everlasting Sage","422","#949587"
"Eye Of The Storm","423","#6b6a5b"
"Monogram","424","#595747"
"Pale Green Tea","425","#e2e2d2"
"September Song","426","#d5d8c8"
"Arbor Vitae","427","#bbc3ad"
"Lucky Day","428","#929a7d"
"Pendula Garden","429","#7b8267"
"Vegetarian","430","#595d47"
"Clover Patch","431","#464a3b"
"Sweet Spring","432","#ededde"
"Grassy Glade","433","#d8ddca"
"Lush Meadow","434","#c0cbb1"
"Big Fish","435","#99a38e"
"Fern Gully","436","#838c72"
"Bowling Green","437","#717b61"
"Delicious","438","#585e46"
"Numero Uno","439","#e2e6de"
"Pale Loden","440","#ccd2ca"
"Slate Stone","441","#acb4ac"
"Dowager","442","#838c82"
"Serpentine","443","#5e5e51"
"Grime","444","#565143"
"Deep Shadow","445","#514a3d"
"Sealskin Shadow","446","#e9ece6"
"Metal Flake","447","#d8dcd6"
"Ice Flow","448","#bdc3bd"
"Cannon Ball","449","#99a098"
"River God","450","#6c6c5f"
"Evening Dove","451","#545243"
"Ruggero Grey","452","#484435"
"Feather Fern","453","#d5dcd0"
"Marble Green","454","#cbd4c8"
"Favored One","455","#bfcabd"
"Fair Maiden","456","#a5b3a5"
"Heavenly Garden","457","#93a394"
"Malarca","458","#6e7d6e"
"Pleasant Hill","459","#4d5a4c"
"Just A Little","460","#dbe0d6"
"Calm Breeze","461","#ccd5cd"
"Resting Place","462","#bcc8be"
"Gaelic Garden","463","#a5b3ab"
"Kathleen's Garden","464","#8fa099"
"Earthen Cheer","465","#667971"
"Green Column","466","#465149"
"Sweet Ariel","467","#e5eae3"
"Mellow Blue","468","#d7e2dd"
"D?j? Vu","469","#bed1cc"
"Dreaming Of The Day","470","#abc1bd"
"Miracle Bay","471","#799292"
"Micropolis","472","#556e6b"
"Atlantic Waves","473","#264243"
"Raindance","474","#d6ded5"
"Foggy Mist","475","#c8d1cc"
"Lighthouse View","476","#bac5be"
"Ocean Cruise","477","#acb8b2"
"Singing In The Rain","478","#8e9c98"
"Stairway To Heaven","479","#67716e"
"Deep Sea Shadow","480","#4e5856"
"Dream Catcher","481","#dae4dc"
"Powdered Pool","482","#c7d6d0"
"Indulgence","483","#afc2c1"
"Stormy Bay","484","#9aafaf"
"North Beach Blue","485","#849c9d"
"Paradise City","486","#5f7475"
"Deep Space","487","#435454"
"Luna Light","488","#c2ceca"
"Whirlwind","489","#b6c3c1"
"Beacon Fog","490","#9caaac"
"Smoky Day","491","#7d8f92"
"Polar Pond","492","#6b7b7b"
"Spacebox","493","#5c6b6b"
"Dark River","494","#3e4445"
"Breakwaters","495","#d9e5e0"
"Cape Hope","496","#bfd3d2"
"Restful Retreat","497","#b1c7c9"
"Wonder Land","498","#92adb2"
"Ocean Melody","499","#7d999f"
"Bowman Blue","500","#587176"
"Calm Interlude","501","#3c4d51"
"Ocean Crest","502","#d6dddd"
"Water Droplet","503","#bdc9ce"
"Indian Tears","504","#9eb0bb"
"In Good Taste","505","#8999a4"
"Ocean Storms","506","#70818e"
"Deep Lagoon","507","#5e6c76"
"Midnight Magic ","508","#46474a"
"Beryl Pearl","509","#e2e3df"
"Sacred Spring ","510","#c7cbce"
"Cystern","511","#a9b0b6"
"Overcast Day","512","#8f99a2"
"Backwater","513","#687078"
"Thunderstorm","514","#555c64"
"Silent Sea","515","#2a2b2c"
"Diamond Stud","516","#dbdbda"
"Cool Elegance","517","#cfcfd0"
"Let It Rain","518","#b6b8bd"
"Baby Seal","519","#9da3ac"
"Slate Tint","520","#7a818d"
"Dolphin Dream","521","#6b6f78"
"Octavius","522","#38393f"
"Felicity","523","#e5e4df"
"Nomadic Travels","524","#cacecc"
"Marseilles","525","#b7bbbb"
"Metropolis Mood","526","#99a1a5"
"London Road","527","#7f878a"
"Greybeard","528","#626869"
"Black Licorice","529","#3a3b3b"
"Metro","530","#d4d5d0"
"Snowglory","531","#c8c8c4"
"Rand Moon","532","#b7b7b4"
"Techile","533","#9fa1a1"
"Subtle Shadow","534","#7f8282"
"Zen Retreat","535","#5b5d5c"
"Subway","536","#454543"
"Dove's Wing","537","#e2dfda"
"Santo","538","#d6d2ce"
"Place Of Dust","539","#c6c3c0"
"Praise Giving","540","#b2b1ae"
"Smoky Tone","541","#9d9e9d"
"Captain Nemo","542","#828080"
"November Storms","543","#423f3b"
"Venetian Wall","544","#e3dcd6"
"Old Grey Mare","545","#dad7d3"
"Paternoster","546","#c7c7c6"
"Tin Man","547","#afadad"
"Jet Gray","548","#9d9a9a"
"Emu","549","#756e6d"
"Gargoyle","550","#60544f"
"Orchid Shadow","551","#cbc5c2"
"North Island","552","#bcb6b4"
"Smoky Wings","553","#b2aca9"
"Sparrow","554","#999494"
"Ocean Frigate","555","#7a7778"
"Smokescreen","556","#5e5755"
"Evermore","557","#463e3b"
"Queen Anne's Lace","558","#f0ece2"
"Always Neutral","559","#dfd7cb"
"Awakening","560","#d5cbbe"
"Indian Hills","561","#aea69b"
"Sultry Castle","562","#948d84"
"Vigilant","563","#81796f"
"Bad Hair Day","564","#605547"
"Eskimo Boot","565","#eae6dc"
"Sheepskin","566","#cfc7bd"
"Hearthstone","567","#c7beb2"
"Cloudy Today","568","#a6a096"
"Fireplace Mantel","569","#847c70"
"Grey Locks","570","#72695e"
"Terra Pin","571","#534d42"
"Power Lunch","572","#d4d1c7"
"Chintz","573","#c0bbae"
"Shark Fin","574","#a5a39a"
"Greystoke","575","#88857d"
"Stormy Weather","576","#777367"
"King Fischer","577","#6e6a5e"
"Philosophically Speaking","578","#4d483d"
"Turkish Tower","579","#d9d9d1"
"Rippled Rock","580","#c4c5bc"
"Fossilized","581","#b6b8b0"
"Paved Path","582","#828782"
"Billowing Smoke","583","#6e726a"
"Tornado Wind","584","#60635f"
"Oyster Catch","585","#4a4c45"
"Wind Blown","586","#dde3e7"
"Atmospheric Pressure","587","#c2d0e1"
"Babbling Creek","588","#a7bad3"
"Celestial Horizon","589","#7c94b3"
"Madonna Blue","590","#5f7799"
"Blue Jacket","591","#597193"
"Quiet Peace","592","#3a4a64"
"Surf's Surprise","593","#c4d3e5"
"Simply Sparkling","594","#b0c5e0"
"Sail Into The Horizon","595","#a3bbdc"
"Lazy Day","596","#95aed1"
"Himalaya Sky","597","#7695c2"
"Caribbean Current","598","#5678a9"
"Florida Waters","599","#2a4983"
"Melting Glacier","600","#eceeed"
"Cool Sky","601","#dbe4ec"
"Fluid Blue","602","#c5d6eb"
"Angela Bay","603","#a9c1e5"
"Blue Skies Today","604","#95afdc"
"Capri Isle","605","#4f72b3"
"Frozen Blue","606","#354079"
"Brush Blue","607","#d4e1ed"
"Modern Blue","608","#bad1e9"
"Innuendo","609","#9abce4"
"Blue Parlor","610","#85abdb"
"Bashful Blue","611","#6994cf"
"Parkwater","612","#477bbd"
"Blue Highlight","613","#324a8b"
"Simple Serenity","614","#c8d9e5"
"Blue Bayou","615","#b4ccdf"
"Bluette","616","#9ebed8"
"John's Blue","617","#82a3c0"
"Heavenly Sky","618","#6b90b3"
"Honky Tonk Blue","619","#446a8d"
"Star-studded","620","#32425a"
"Nuance","621","#d2dde0"
"Serene Setting","622","#c5d2d9"
"Pompeii Ruins","623","#b5c7d4"
"Blue Pot","624","#9aaec0"
"North Sea","625","#859bb1"
"Blue Depths","626","#5a7187"
"Into The Stratosphere","627","#425267"
"Illuminating Experience","628","#dee4e0"
"Polished Cotton","629","#c7d4d7"
"Star Mist","630","#b3c6ce"
"Chicago Skyline","631","#96adba"
"Breath-taking View","632","#809bac"
"Cape Cod Bay","633","#557080"
"Day Spa","634","#3d5463"
"Aquafir","635","#e2eced"
"Empress Lila","636","#c4deed"
"Marzena Dream","637","#a6d0ec"
"Watery Sea","638","#88bfe7"
"Acapulco Dive","639","#65a7dd"
"Skylla","640","#1f7cc2"
"Dancing Sea","641","#1c4d8f"
"Sea Foam Mist","642","#cbdce2"
"Abstract Idea","643","#b9d1dd"
"Dancing In The Rain","644","#abc5d6"
"Calm Tint","645","#8db1ce"
"Key West Zenith","646","#759fc1"
"Zenith","647","#497a9f"
"Happy Tune","648","#345875"
"Divine Inspiration","649","#d8e2e1"
"Bridgewater Bay","650","#bcd7e2"
"Soft Blue","651","#a8ccdd"
"Mountain Main","652","#8db8d0"
"Sea Of Atlantis","653","#6aa1c1"
"Peninsula","654","#37799c"
"Queen Of The Night","655","#295776"
"Roman White","656","#deedeb"
"Kyoto","657","#bee3ea"
"Orleans Tune","658","#97d5e7"
"Lasting Thoughts","659","#72c7e3"
"Epimethius","660","#4bb2d5"
"Charybdis","661","#16a3cb"
"Ocean Spray","662","#005379"
"Falling Tears","663","#e9efeb"
"Zircon Ice","664","#d0e4e5"
"Monet Magic","665","#bbdade"
"Trisha's Eyes","666","#8eb9c4"
"Blessed Blue","667","#659aa7"
"Wish Upon A Star","668","#447f8a"
"Frozen Stream","669","#30555d"
"Drifting Tide","670","#dfefeb"
"Egg Blue","671","#c1e7eb"
"Quiet Pond","672","#94d8e2"
"Enchanted Evening","673","#63c3d3"
"Sarah's Garden","674","#00aac1"
"Blue Bliss","675","#0092aa"
"Job's Tears","676","#005b7a"
"Eastern Wind","677","#ceefea"
"Luxor Blue","678","#bde9e5"
"Everest","679","#a0e3e0"
"Andes Sky","680","#78d8d9"
"Cyan Sky","681","#00b5b8"
"Pleasant Stream","682","#00a0a2"
"Joyful Tears","683","#006669"
"Snow Drift","684","#e1efe8"
"Dillard's Blue","685","#d6e9e4"
"Outerspace","686","#b4dcda"
"Stillwater","687","#8cc1c2"
"Cold North","688","#559c9b"
"Atmosphere","689","#3a8483"
"Blue Period","690","#075158"
"Paradise","691","#def1ea"
"Barely Aqua","692","#bae9e0"
"Island Breeze","693","#8adacf"
"Turkish Teal","694","#72cac1"
"Indian Necklace","695","#3fb2a8"
"Meringue","696","#009c8e"
"Arizona Stone","697","#00655a"
"Calm Thoughts","698","#e5ede2"
"Lickety Split","699","#c2d9d1"
"Uninhibited","700","#b5d1c7"
"Plunge","701","#a4c2b9"
"Peg's Promise","702","#8caca2"
"Mountain Meadow","703","#66887b"
"Plateau","704","#49665a"
"Bay Green","705","#d3ebe0"
"Filtered Forest","706","#b7e1d2"
"Shimmering Glade","707","#a3d6c5"
"Catarina Green","708","#90c4b4"
"Calmness","709","#68a895"
"On The Nile","710","#488d74"
"Cute Pixie","711","#1a5445"
"Teal Treat","712","#d9f2e3"
"Mediterranean Mist","713","#bce9d6"
"Turquoise Tower","714","#a8e3cc"
"Aquamarine Ocean","715","#82cdad"
"Blue Green Scene","716","#56b78f"
"Tropical Tale","717","#2a9e6e"
"Aquadazzle","718","#006f49"
"Mint Grasshopper","719","#e2f0e0"
"Silky Mint","720","#d7ecd9"
"Leaves Of Spring","721","#c5e6cc"
"Liliana","722","#a5d5b3"
"Goddess Green","723","#76ad83"
"Wildness Mint","724","#5d9865"
"Melbourne","725","#4c7c4b"
"Hidden Jade","726","#ebf1e2"
"Graceful Mint","727","#daeed5"
"Celtic Spring","728","#aadeb2"
"Garden Goddess","729","#99cea0"
"Lucerne","730","#77b87c"
"Aqueous ","731","#56a05b"
"Tingle","732","#2b7b37"
"Leaf Print","733","#dfecd9"
"Vineyard Green","734","#c1dcc8"
"Cool Spring","735","#bbd9c3"
"Mini Green","736","#9fc5aa"
"Buenos Aires","737","#8ab395"
"Spring Forest","738","#67926f"
"Jungle Adventure","739","#486649"
"Just About Green","740","#e2e7d3"
"Turning Leaf","741","#ced9c3"
"Isle Of Dreams","742","#bcccb5"
"Belladonna's Leaf","743","#adc3a7"
"Hidden Glade","744","#98ad8e"
"Chic Shade","745","#7c9270"
"Mother Nature","746","#566749"
"Whitewash","747","#e9ebd8"
"Balance","748","#d1dbc2"
"Perspective","749","#c5d0b3"
"Wispy Mint","750","#bcc7a4"
"Green Glass","751","#aab892"
"Cactus Valley","752","#88976b"
"Baby Vegetable","753","#5d6942"
"Colleen Green","754","#eaeeda"
"Creamy Mint","755","#cdddbb"
"Meadow Grass","756","#c1d6b1"
"Garland Pine","757","#b9cfa6"
"Glendale","758","#a1bb8b"
"Perennial Garden","759","#87a56f"
"Green Knoll","760","#647f4a"
"Maison Verte","761","#e5f0d9"
"Green Song","762","#d1e9c4"
"Graceful Flower","763","#bddfb2"
"Green Sheen","764","#b4d5a2"
"Sweetness","765","#91bf81"
"Gentle Caress","766","#7bac61"
"Golf Day","767","#5a8b3f"
"Restful Rain","768","#f1f2dd"
"Earth Happiness","769","#e3edc8"
"Woodland Nymph","770","#d4e8b3"
"Green Lime","771","#c1db9a"
"Wonder Woods","772","#abcb7b"
"Glass Bottle","773","#93ba59"
"Green Gone Wild","774","#73a236"
"Elfin Magic","775","#eeeeca"
"Green Mist","776","#e4eab9"
"Envy","777","#e0e7ae"
"Vacation Island","778","#d1d991"
"Frog Green","779","#c3cd7c"
"Hyper","780","#a6b554"
"Science Experiment","781","#91a135"
"Tender Shoot","782","#e8eace"
"Clean Air","783","#d8ddb6"
"Fresh Start","784","#cfd4a4"
"Misty Valley ","785","#bdc389"
"Peter Pan","786","#a5a966"
"Totally Cool","787","#909853"
"Green Glow","788","#798040"
"Garden Seat","789","#ebe6c7"
"Forest Found","790","#e1dfbb"
"Origin","791","#d8d4a8"
"Footie Pajamas","792","#c9c489"
"Motherland","793","#bcb667"
"The Goods","794","#aaa651"
"Martina Olive","795","#8e8e41"
"Spotlight","796","#f5efd3"
"Bermuda Son","797","#f0e9be"
"Lemon Appeal","798","#efe4ae"
"Fire Dance","799","#e3d590"
"Yellow Umbrella","800","#cdbb63"
"Rain Slicker","801","#bca849"
"Rain Boots","802","#a5953b"
"Perky Tint","803","#fbf4d3"
"Sweetie Pie","804","#f5e5b5"
"Mella Yella","805","#f0dda2"
"Sweet Angelica","806","#e8d08e"
"Bright Idea","807","#d8b760"
"Yellow Lupine","808","#ccaa4d"
"Hair Ribbon","809","#bd9c3a"
"Annabel","810","#f7efcf"
"Martica","811","#f4e5b7"
"Gold Strand","812","#f3dfa6"
"Glistening","813","#eed288"
"Golden Glow","814","#eecb71"
"Lemon Surprise","815","#e1bc5c"
"Sin City","816","#cfa236"
"Best Of Summer","817","#f7f2d9"
"Day At The Zoo","818","#f8f3da"
"Lemon Tint","819","#fcf3cb"
"Sign Of The Crown","820","#fce299"
"Sun Touched","821","#fad675"
"Sunny Mood","822","#f7c84a"
"Sun Drops","823","#eaaf11"
"Hush","824","#f9f5dd"
"Frozen Banana","825","#fbf5d6"
"Banana Custard","826","#fcf3c5"
"Ray Of Light","827","#fdf2c0"
"Go Go Glow","828","#fee18b"
"Dandy Lion","829","#facc51"
"Warm Fuzzies","830","#f5b72e"
"Lavish Lemon","831","#f9efca"
"Lemon Sponge Cake","832","#f8ecae"
"Scene Stealer","833","#fae89a"
"Lemon Drizzle","834","#fee483"
"Glitter Yellow","835","#f8d75a"
"Basket Of Gold","836","#f4cc3c"
"Fresh Scent","837","#f1c11c"
"Fresh Cream","838","#fcf7e0"
"Butterball","839","#fff4c4"
"Lemon Zest","840","#fff1a5"
"Sun's Glory","841","#fde164"
"Sunnyside","842","#f8d016"
"Buttered Popcorn","843","#f1c800"
"Yolk","844","#efc700"
"Lemon Stick","845","#fbf7e0"
"Pure Laughter","846","#fdf5ca"
"Yellow Blitz","847","#fdf4bb"
"Yellow Tail","848","#fff29d"
"Lemon Peel","849","#ffed80"
"Citron","850","#ffde42"
"Happy Face","851","#ffd10b"
"Touch Of Sun","852","#faf7e9"
"Lemon Lilly","853","#faf4d9"
"Crocus Tint","854","#fdf1c7"
"Butter Tart","855","#ffe99e"
"Broadway Lights","856","#ffe07b"
"Peeps","857","#ffcf38"
"Look At The Bright Side","858","#ffbf00"
"Daylilly Yellow","859","#f8f0d2"
"Hawaiian Cream","860","#fae8b8"
"Lemon Filling","861","#f9e4a6"
"Yellow Trumpet","862","#f9d988"
"I'm A Local","863","#ebbf5c"
"Lioness","864","#e0af47"
"Lemon Bar","865","#cea02f"
"Apple Sauce","866","#f4ebd2"
"Egg Noodle","867","#f1e3bd"
"Shortcake","868","#eedaac"
"Frozen Fruit","869","#e1ca99"
"Lemon Slice","870","#c4a461"
"Gold Finch","871","#ba9b5d"
"Saffron Valley","872","#a7843e"
"Washed In Light","873","#fae8c8"
"Kettle Corn","874","#f6e2bd"
"Nothing Less","875","#f2deb9"
"Corn Chowder","876","#e1c595"
"Gold Digger","877","#d1b075"
"Glorious Gold","878","#c49f63"
"Golden Cadillac","879","#ac864b"
"Cauliflower Cream","880","#f2e4c7"
"Golden Syrup","881","#ebd8b3"
"Marzipan","882","#e9d4aa"
"Follow The Leader","883","#dcc596"
"Gold Tweed","884","#c9ab73"
"Jungle Expedition","885","#b49356"
"Gold Estate","886","#977a41"
"Haystack","887","#f1e3c7"
"Golden Weave","888","#eadcc0"
"Russeau Gold","889","#ead6af"
"Dubloon","890","#d5b688"
"Silence Is Golden","891","#c2a06d"
"Gold Ransom","892","#b39260"
"Rich And Rare","893","#977540"
"Misty Mustard","894","#f7ebd1"
"Rotunda Gold","895","#f6e0be"
"Coin Purse","896","#efd3aa"
"Bag Of Gold","897","#e1bd88"
"Goby Desert","898","#d4aa6f"
"Bugle Boy","899","#bb8f4f"
"Unforgettably Gold","900","#ae8245"
"Spinning Wheel","901","#f6edda"
"Soleil","902","#f6deb6"
"Dainty Flower","903","#f5d5a4"
"Sunday Afternoon","904","#f1d199"
"Egyptian Gold","905","#e8c186"
"Cat's Eye Marble","906","#d6a75d"
"Millionaire","907","#b6843c"
"God-given","908","#faf4e0"
"Autumn Child","909","#fbe6c1"
"Western Sky","910","#fadca7"
"Sunset In Italy","911","#f0c484"
"Tropical Dream","912","#e6b771"
"Angel Food Cake","913","#d7a14f"
"Child Of The Moon","914","#c68d37"
"Queenly Laugh","915","#f9ecd0"
"Honey Cream","916","#fae8ca"
"Canyon Sand","917","#f2d6aa"
"Good-looking","918","#edd2a7"
"Venice Square","919","#e6c591"
"Sunrise Heat","920","#caa061"
"Waxen Moon","921","#b38241"
"Cheesecake","922","#f7eed7"
"Tiffany Light","923","#fde4b4"
"First Day Of School","924","#fadba0"
"Jonquil Trail","925","#f7d395"
"Perky Yellow","926","#f2ca83"
"Lemon Poppy","927","#e1ae58"
"Yellow Warning","928","#c69035"
"Yellow Bonnet","929","#f9f6e8"
"Marshmallow Fluff","930","#f9f3dd"
"Lemon Bubble","931","#fcebbf"
"Sun Splashed","932","#fbd795"
"Sassy Yellow","933","#f0c374"
"Lemon Essence","934","#e2ae4d"
"Yellow Shout","935","#d19932"
"Diantha","936","#fcf6dc"
"Egg Nog","937","#fff4d3"
"Primrose Path","938","#ffe3a1"
"Big Bus Yellow","939","#ffda8b"
"Grilled Cheese","940","#ffc85f"
"Glowing Lantern","941","#fbb736"
"Lemon Dream","942","#eea300"
"Picture Perfect","943","#fbf2d1"
"Sunrise Glow","944","#fff0c4"
"Treasure Seeker","945","#ffecaf"
"Hot Spot","946","#ffe597"
"Bright Halo","947","#ffd266"
"Bright Bubble","948","#ffc42a"
"Frenzy","949","#ffb000"
"Ivory Coast","950","#faf5de"
"Pound Cake","951","#fdf1c3"
"Rich Glow","952","#ffe8a0"
"Evening Star","953","#ffd160"
"Mac N Cheese","954","#ffbf2b"
"Lemon Whisper","955","#ffb10d"
"I Love To Boogie","956","#ffa917"
"Pale Narcissus","957","#faf5e2"
"Holy Grail","958","#feeec9"
"Essentially Bright","959","#ffde9f"
"Bread 'n Butter","960","#ffd182"
"Gold's Great Touch","961","#ffc265"
"Pieces Of Eight","962","#ffaf38"
"Zambia","963","#ff990e"
"Capetown Cream","964","#fbebcf"
"Gold Of Midas","965","#ffeac7"
"Starburst","966","#ffdba8"
"Endearment","967","#ffd8a1"
"Mango Madness","968","#ffb268"
"Au Gratin","969","#ff9d45"
"Orange You Happy?","970","#fd7f22"
"May Sun","971","#faead0"
"Apple Cider","972","#feddb8"
"Atoll Sand","973","#ffcf9e"
"Goosebill","974","#ffba80"
"Downy Feather","975","#feaa66"
"Cocktail Hour","976","#fd9a52"
"Cheddar Cheese","977","#f0843a"
"City Of Diamonds","978","#fae6cb"
"Liveliness","979","#ffdfb9"
"Southern Breeze","980","#ffd4a7"
"Tuscan Wall","981","#fcc492"
"Taste Of Summer","982","#f2ae73"
"Japonica","983","#e89952"
"Mexican Spirit","984","#d68339"
"Whiskers","985","#fcf3e5"
"Mineral Glow","986","#fce8ce"
"Tallow","987","#f7d4ae"
"Mom's Apple Pie","988","#eab781"
"Impulse","989","#d39553"
"Butterscotch Glaze","990","#c48446"
"Beeswax Candle","991","#bf7e41"
"Touch Of Topaz","992","#f7e4d0"
"Incan Treasure","993","#f9ddc4"
"Sparkle Glow","994","#f5d2b5"
"Bread Pudding","995","#eabe97"
"Spice Cookie","996","#d89d6b"
"Gates Of Gold","997","#d2935d"
"Gold Metal","998","#b17743"
"Ivory Tassel","999","#f8ead8"
"Flower Of Oahu","1000","#f5dec4"
"Cheddar Corn","1001","#f5d4b5"
"Tea Cookie","1002","#e1b797"
"Sweet Sue","1003","#d8aa86"
"Peace Of Mind","1004","#c1875f"
"Flickering Flame","1005","#aa6e49"
"Turkscap","1006","#f3d8be"
"Pastel Peach","1007","#f1caad"
"Mango Tango","1008","#ecc4a3"
"Bedtime Story","1009","#e1b090"
"Peanut Brittle","1010","#cd9470"
"Semolina","1011","#b6774f"
"Hampton Beach","1012","#9d603b"
"Warm Bread","1013","#f9e6d3"
"Muffin Magic","1014","#f9ddc7"
"Canter Peach","1015","#f6d3bb"
"November Leaf","1016","#f1b690"
"Summer's End","1017","#dc9367"
"Sunny Horizon","1018","#d0875a"
"Orange Ballad","1019","#b56d41"
"Rapture's Light","1020","#f6f3e7"
"Sweet Buttermilk","1021","#fceedd"
"Delicate Dawn","1022","#fed9bc"
"Mellow Glow","1023","#ffcfad"
"Pumpkin Hue","1024","#f6a379"
"Heat Of Summer","1025","#e98d5b"
"Casa De Oro","1026","#cf6837"
"Abstract White","1027","#f8f2e4"
"Verve","1028","#fcedd8"
"Pale Blossom","1029","#ffe7ce"
"Wispy White","1030","#ffc196"
"Chickadee","1031","#ffa674"
"Boredom Buster","1032","#ff8e51"
"Lava Lamp","1033","#eb7135"
"Autumn Wind","1034","#fbd1b6"
"Spiced Cider","1035","#f5c5a8"
"Apricot Spring","1036","#f1b393"
"Trumpet Flower","1037","#e49977"
"Jack-o-lantern","1038","#d37a51"
"Pretty Parasol","1039","#ac5d3e"
"Dark Marmalade","1040","#994939"
"Flowerbed","1041","#ffebda"
"Peak Season","1042","#ffdfc9"
"Mom's Love","1043","#ffd4bb"
"Shooting Star","1044","#ffb79b"
"Creamy Orange Blush","1045","#fe9c7b"
"Ballet Cream","1046","#fc8258"
"Starfish","1047","#f15e34"
"Pale Shrimp","1048","#fae4db"
"Salmon Mousse","1049","#fcd1c3"
"Salmon Beauty","1050","#fbc6b6"
"Stucco Wall","1051","#f1b19d"
"Summer Memory","1052","#df856e"
"Sun's Rage","1053","#a94e37"
"Carrot Cake","1054","#a34f3f"
"White Meadow","1055","#f2e7de"
"Elizabeth Rose","1056","#fadfd2"
"Pink Satin","1057","#f4c6b4"
"Pale Terra","1058","#eaaa96"
"Alexandra Peach","1059","#db9785"
"First Lady","1060","#c47967"
"April Love","1061","#8b3d2f"
"Albino","1062","#fbeee5"
"Tiny Pink","1063","#ffd6c7"
"Mystic Tulip","1064","#f9b3a3"
"Rose Essence","1065","#f29b89"
"Sari","1066","#e47c64"
"Sweet Baby Rose","1067","#c24f40"
"Best Of The Bunch","1068","#bd5442"
"Pink Touch","1069","#fae2d6"
"Peony Prize","1070","#faddd4"
"Cloud Number Nine","1071","#f9cec6"
"Lusty Orange","1072","#efafa7"
"Graceful Ballerina","1073","#dd897c"
"It's My Party","1074","#cc7365"
"Cherry Blink","1075","#ad5344"
"Baby Blossom","1076","#faefe9"
"Lady Anne","1077","#fde2de"
"Aromatic Breeze","1078","#ffcecb"
"Wildflower Bouquet","1079","#ffb3b1"
"Cherished One","1080","#fc9293"
"Endless Possibilities","1081","#e0413a"
"Tropical Heat","1082","#c2343c"
"Morning Blush","1083","#f9e8df"
"Go Go Pink","1084","#fdd8d4"
"Tint Of Rose","1085","#ffcbc9"
"Nosegay","1086","#faa4a3"
"Bay Coral","1087","#ec7e7c"
"Childhood Crush","1088","#e26d68"
"Chuckles","1089","#bf413a"
"Tartlet ","1090","#fddcd9"
"All Dressed Up","1091","#f9cdcc"
"Petals Unfolding","1092","#f3bbc0"
"Wood Nymph","1093","#eba0a7"
"Porcelain Rose","1094","#dd8389"
"Empower","1095","#b54644"
"The Ego Has Landed","1096","#a75455"
"Pale Petunia","1097","#f8c0c7"
"Bubblegum Pink","1098","#f6b0ba"
"Dimple","1099","#e9808b"
"Heart To Heart","1100","#d95862"
"Mullen Pink","1101","#ca4042"
"Precious Peony","1102","#bd4048"
"Moonrose","1103","#a53f48"
"Valerie","1104","#fde6e7"
"It's A Girl!","1105","#ffdae2"
"Garden Glory","1106","#ffc1d0"
"Bunny Fluff","1107","#fb8da6"
"Pink Explosion","1108","#f56f88"
"Party Time","1109","#d0252f"
"Unmatched Beauty","1110","#b12d35"
"Royal Wedding ","1111","#fbe3e3"
"Wishful Thinking","1112","#fcdadf"
"Fruitbowl","1113","#fdc9d0"
"A Lot Of Love","1114","#ffbcc5"
"Dollie","1115","#f590a0"
"Movie Star","1116","#c52033"
"Siren","1117","#a22e34"
"Cotton Candy","1118","#faeeef"
"Sweet Pea","1119","#fbdde6"
"Summer Cosmos","1120","#fad1e0"
"Dahlia Delight","1121","#f8bbd3"
"Rose Mallow","1122","#f4aac7"
"Groovy","1123","#de6491"
"Velvet Cake","1124","#9d253d"
"Hepatica","1125","#fbe5ea"
"Seashell Pink","1126","#f7cfda"
"Pepto","1127","#e8a2b9"
"Minuette","1128","#d47791"
"Punky Pink","1129","#b2485b"
"Obsession","1130","#ab3756"
"Can Can","1131","#ac3663"
"Sullivan's Heart","1132","#f7c5d1"
"Christy's Smile","1133","#f6bbca"
"Pegeen Peony","1134","#ea9fb4"
"Glam","1135","#cf748c"
"Romp","1136","#983d48"
"Ode To Joy","1137","#9d404a"
"Romantic Night","1138","#96353a"
"Tutu","1139","#f8dddf"
"First Daughter","1140","#f7d2d8"
"Deco Pink","1141","#f6c2cc"
"Vintage Victorian","1142","#e59dac"
"Rambling Rose","1143","#d98899"
"Temptress","1144","#c05d6b"
"Romeo O Romeo","1145","#a4233c"
"Morning Shine","1146","#f8eaed"
"Columbine","1147","#f5dae3"
"Persian Delight","1148","#efcada"
"Parrot Tulip","1149","#eebfd5"
"Pink Beauty","1150","#dca7c2"
"Fuscia Fizz","1151","#b56e91"
"Berry Patch","1152","#84395d"
"Vienna Dawn","1153","#f7efef"
"Viola","1154","#f7e3ec"
"Little Smile","1155","#f8d0e8"
"Pink Heath","1156","#f2bddf"
"Blossoms In Spring","1157","#e79acb"
"Purple Hollyhock","1158","#d96cad"
"Bridesmaid","1159","#9f2c5c"
"Petal Poise","1160","#f8e3ee"
"Nursery Pink","1161","#f4d8e8"
"Venetian Rose","1162","#efc6e1"
"Tiara Pink","1163","#daa6cf"
"Carnation Rose","1164","#ce94c2"
"Pink Parade","1165","#b26ba2"
"Noble Honor","1166","#69354f"
"Dream State","1167","#efdde1"
"Marvelous Magic","1168","#e1c6d6"
"Baby Girl","1169","#ddb6cd"
"Lavender Quartz","1170","#bd88ab"
"Teen Queen","1171","#a67498"
"Immortality","1172","#945b7f"
"Purple Stiletto","1173","#624154"
"Little Pinky","1174","#f4edec"
"Taffeta Tint","1175","#f3e0eb"
"Poodle Pink","1176","#eecee6"
"Rosy Cheeks","1177","#e7bde0"
"Rose Souvenir","1178","#c290c5"
"Moonlight Melody","1179","#af73b0"
"Berry Light","1180","#673b66"
"Violet Ash","1181","#f0dce8"
"Lilacs In Spring","1182","#e9cfe5"
"Romantic Ballad","1183","#e0bedf"
"Graceful Garden","1184","#cba9d0"
"Satin Flower","1185","#b48fbd"
"Pleasant Dream","1186","#a379aa"
"Joyous Song","1187","#5b365e"
"Maiden Of The Mist","1188","#efdceb"
"Little Touch ","1189","#e7cfe8"
"Glittering Gemstone","1190","#dec0e2"
"Cherish The Moment","1191","#ccacd7"
"Cut Velvet","1192","#b391c8"
"Crown Jewels","1193","#946dad"
"Magenta Red Lips","1194","#62416d"
"Rosie Posie","1195","#efe4e9"
"Naughty Marietta","1196","#e3ccdc"
"Lavender Veil","1197","#d9bbd3"
"Heather Feather","1198","#c3adc5"
"Enthroned Above","1199","#ac92b0"
"Felicia","1200","#917292"
"Dreamy Heaven","1201","#594158"
"Daring Deception","1202","#f0dfe0"
"Etcetera","1203","#e1c6d4"
"Noteworthy","1204","#d9bacc"
"Fashionably Plum ","1205","#b28ca9"
"Screen Gem","1206","#9d7798"
"Orchid Orchestra","1207","#876281"
"Crowd Pleaser","1208","#5b4459"
"Princess Irene","1209","#eadbde"
"French Lavender","1210","#dfc9d1"
"Lavender Blessing","1211","#d3b8c5"
"Pansy Posie","1212","#bca3b4"
"Berry Bright","1213","#a08497"
"Majestic Plum","1214","#806173"
"Purple Shadow","1215","#493843"
"Aimee","1216","#eee5e1"
"Velvet Blush","1217","#e3d5d8"
"Odyssey Lilac","1218","#d5c6cc"
"Desire?","1219","#c4adb8"
"Play Time","1220","#b39ba9"
"Charming Violet","1221","#8c7281"
"Grape Soda","1222","#533d47"
"Ostrich Tail","1223","#eadfe6"
"Fragrant Snowbell","1224","#d5c5d4"
"Velour","1225","#baa7bf"
"Imagine That","1226","#947c98"
"Vivid Vision","1227","#5e4b62"
"Petunia Patty","1228","#4a3c4a"
"Eleanor Ann","1229","#40373e"
"Crescent Moon","1230","#efe8e9"
"Hosta Flower","1231","#eae1e7"
"Flowers Of May","1232","#e3d7e5"
"Plum Cake","1233","#d1bfdc"
"Grape's Treasure","1234","#beaecf"
"Yolanda","1235","#a291ba"
"Sunset Serenade","1236","#594265"
"Easter Bunny","1237","#ebe5eb"
"Fairytale","1238","#e5dbeb"
"Plum's The Word","1239","#dacee8"
"Drifting Dream","1240","#ccbbe3"
"Grape Illusion","1241","#b4a6d5"
"Gorgeous Hydrangea","1242","#a495cb"
"When Red Met Blue","1243","#564375"
"White Bud","1244","#e3e0e8"
"Perfection","1245","#d9d6e5"
"Purple Purity","1246","#c9c6df"
"May Mist","1247","#a19fc8"
"Velvet Crest","1248","#9291bc"
"Purple Spire","1249","#746f9d"
"True Romance","1250","#4d456a"
"Mountain's Majesty","1251","#d8d0e3"
"Lavender Bliss","1252","#cec3dd"
"Petunia Trail","1253","#b8b0cf"
"Purple Vision","1254","#a29cc8"
"Purple Haze","1255","#9c96c5"
"Plum Preserve","1256","#7c70aa"
"Voldemort","1257","#4d416b"
"Sweet Flower","1258","#e2e2ea"
"Eyeshadow","1259","#d9d9ea"
"Pretty Posie","1260","#bcbde4"
"Childish Wonder","1261","#a5a8d6"
"Bailey Bells","1262","#8a8ec9"
"Medieval","1263","#696db0"
"Altar Of Heaven","1264","#4d4c80"
"White Shoulders","1265","#f1f0ec"
"Penelope","1266","#e3e3eb"
"Casa Del Mar","1267","#cacfe6"
"Spoiled Rotten","1268","#b6bfe5"
"Mood Mode","1269","#7f90cb"
"Wind Star","1270","#6875b7"
"Hot Sauna","1271","#3f3f75"
"Angel Kiss","1272","#e8e8e5"
"Wildflower Prairie","1273","#cccfe2"
"Genevieve","1274","#bcc4e0"
"High Style","1275","#a8b1d7"
"Velvet Robe","1276","#939dcc"
"Regal Azure","1277","#6a76af"
"Fresh Take","1278","#505b93"
"He Loves Me","1279","#e1dbe3"
"Lilac Luster","1280","#d3cddc"
"Collensia","1281","#bdb7cd"
"Butterfly Bush","1282","#a2a1b9"
"Lavender Spectacle","1283","#9392ad"
"Grapes Of Wrath","1284","#65627d"
"Jazlyn","1285","#464152"
"Lavender Pizzazz","1286","#e9e2e5"
"Orchid Fragrance","1287","#c9c1d0"
"Violet Crush","1288","#b4aec1"
"Lilac Blossom","1289","#9a93a9"
"Violet Vibes","1290","#898098"
"Dancing In The Spring","1291","#7b7289"
"Plum Perfect","1292","#514555"
"Violet Pearl","1293","#e1dae4"
"Lavender Scent","1294","#d9d4df"
"Gypsy Caravan","1295","#d1c8d7"
"Violet Beauty","1296","#bab3cb"
"Royal Proclamation","1297","#aaa0bc"
"Queen Of Sheba","1298","#817699"
"Soul Train","1299","#58475e"
"Winged Victory","1300","#ebe4e2"
"Lavender Bikini","1301","#e5d9da"
"Heather Hill","1302","#bbb0bb"
"Cut Heather","1303","#9e909e"
"Iced Orchid","1304","#8e7d89"
"Victorian Violet","1305","#7b6a77"
"Royal Velvet","1306","#513e4d"
"Clytemnestra","1307","#e8e2e0"
"Stardust Ballroom","1308","#dacfd4"
"So Dainty","1309","#cdc0c9"
"Velvet Dawn","1310","#bdb0bc"
"Gypsy's Gown","1311","#a698a8"
"Southern Belle","1312","#7c6d7d"
"My Place Or Yours?","1313","#4f434e"
"Desired Dawn","1314","#d8d7d9"
"Calamities","1315","#cecdd2"
"Savoy","1316","#bebdc6"
"Buffed Plum","1317","#aeafb9"
"Dusky Mood","1318","#979ba8"
"Overlook","1319","#686d7c"
"Blackwater","1320","#545663"
"Beetroot","historic-beetroot","#663f44"
"Madder ","historic-madder","#754c50"
"Covered Bridge","historic-covered-bridge","#6a3c3b"
"Alden Till","historic-alden-till","#7a4b49"
"Flowering Chestnut","historic-flowering-chestnut","#875657"
"Roseland","historic-roseland","#926566"
"Shaker Red","historic-shaker-red","#7f4340"
"Codman Claret","historic-codman-claret","#8c4040"
"Stagecoach","historic-stagecoach","#9c4341"
"Richardson Brick","historic-richardson-brick","#854c47"
"Redrock Canyon","historic-redrock-canyon","#a24d47"
"Cogswell Cedar","historic-cogswell-cedar","#90534a"
"Portsmouth Spice","historic-portsmouth-spice","#a75546"
"Clementine","historic-clementine","#d0664f"
"India Trade","historic-india-trade","#e0a362"
"Pumpkin","historic-pumpkin","#bf763f"
"Andover Cream","historic-andover-cream","#faf0d3"
"Pale Organza","historic-pale-organza","#fdebbc"
"Emma","historic-emma","#f9eabb"
"Lady Banksia","historic-lady-banksia","#fde5a7"
"Jonquil","historic-jonquil","#ffdc9f"
"Knightley Straw","historic-knightley-straw","#edcc99"
"Asian Jute","historic-asian-jute","#d4b78f"
"Georgian Yellow","historic-georgian-yellow","#d1974c"
"Goldrenrod","historic-goldrenrod","#dbb554"
"Curry","historic-curry","#cb9e34"
"Farmhouse Ochre","historic-farmhouse-ochre","#bd8339"
"English Bartlett","historic-english-bartlett","#a17548"
"Gable Green","historic-gable-green","#b79749"
"Danish Pine","historic-danish-pine","#ba9967"
"Canyon Gold","historic-canyon-gold","#a98e65"
"Barrett Quince","historic-barrett-quince","#f5d1b2"
"York Bisque","historic-york-bisque","#f3d9c7"
"Lyman Camellia","historic-lyman-camellia","#e5c7b9"
"Woodstock Rose","historic-woodstock-rose","#e9cab6"
"Tailor's Buff","historic-tailors-buff","#dfc2aa"
"Blonde Lace","historic-blonde-lace","#d6b194"
"Mountain Laurel","historic-mountain-laurel","#d7ae9c"
"Rundlet Peach","historic-rundlet-peach","#d3aa94"
"Tudor Ice","historic-tudor-ice","#c1cecf"
"Appleton","historic-appleton","#b2c7c7"
"Lucinda","historic-lucinda","#a6bbb7"
"Bulfinch Blue","historic-bulfinch-blue","#94b1b6"
"Emily","historic-emily","#abd1e1"
"Citadel Blue","historic-citadel-blue","#9eabad"
"Meetinghouse Blue","historic-meetinghouse-blue","#739dad"
"Lexington Blue","historic-lexington-blue","#7d9294"
"Standish Blue","historic-standish-blue","#85979a"
"Portsmouth Blue","historic-portsmouth-blue","#5b7074"
"Rocky Hill","historic-rocky-hill","#567b8a"
"Winter Harbor","historic-winter-harbor","#5e737d"
"Saxon Blue","historic-saxon-blue","#435965"
"Robin's Egg","historic-robins-egg","#64b0dc"
"Glacier Bay","historic-glacier-bay","#005c94"
"China Aster","historic-china-aster","#444c60"
"Tory Blue","historic-tory-blue","#2b708f"
"Bold Bolection","historic-bold-bolection","#1d6575"
"Biloxi Blue","historic-biloxi-blue","#0075b8"
"Bowen Blue","historic-bowen-blue","#126da8"
"Seal Blue","historic-seal-blue","#475663"
"Newport Indigo","historic-newport-indigo","#313d6c"
"Volute","historic-volute","#445a5e"
"Asher Benjamin","historic-asher-benjamin","#45575e"
"Muted Mulberry","historic-muted-mulberry","#66626d"
"Concord Grape","historic-concord-grape","#523a46"
"Plum Island","historic-plum-island","#463c4e"
"Beauport Aubergine","historic-beauport-aubergine","#553f44"
"Amelia","historic-amelia","#beccc2"
"Hawthorne","historic-hawthorne","#ced7c1"
"Elise","historic-elise","#d8d7b9"
"Cottege Green","historic-cottege-green","#a9c7bb"
"Marrett Apple","historic-marrett-apple","#cacaa3"
"Historic Morning Dew","historic-historic-morning-dew","#b0b9ac"
"Melville","historic-melville","#95a99e"
"Coral Springs","historic-coral-springs","#abd1af"
"Bristol Green","historic-bristol-green","#83a492"
"Longfellow","historic-longfellow","#90b1a3"
"Viscaya","historic-viscaya","#7b9e98"
"Venetian Glass","historic-venetian-glass","#9cb08a"
"Green Bonnet","historic-green-bonnet","#8bb490"
"Wainscot Green","historic-wainscot-green","#9c9d85"
"Whispering Willow","historic-whispering-willow","#919c81"
"Brookside","historic-brookside","#5a7562"
"Veranda Blue","historic-veranda-blue","#66b6b0"
"Grasshopper","historic-grasshopper","#5e805f"
"Blue Winged Teal","historic-blue-winged-teal","#00827c"
"Grassy Meadow","historic-grassy-meadow","#328267"
"Phillips Green","historic-phillips-green","#008f80"
"Boardman","historic-boardman","#757760"
"Warren  Tavern","historic-warren--tavern","#6b654e"
"Hazelwood","historic-hazelwood","#5b695f"
"Newbury Moss","historic-newbury-moss","#616550"
"Picholine","historic-picholine","#566955"
"Amish Green","historic-amish-green","#3a5f4e"
"Baize","historic-baize","#4b5445"
"Gedney Green","historic-gedney-green","#40534e"
"Pointed Fir","historic-pointed-fir","#575d56"
"Brattle Spruce","historic-brattle-spruce","#454743"
"Winter Balsam","historic-winter-balsam","#314747"
"Moss Glen","historic-moss-glen","#4a473f"
"Sayward Pine","historic-sayward-pine","#383839"
"Jewett White","historic-jewett-white","#e6ddca"
"Plymouth Beige","historic-plymouth-beige","#ddd3c2"
"Wild Oats","historic-wild-oats","#ecdbc3"
"Yarmouth Oyster","historic-yarmouth-oyster","#dccfb6"
"Parsnip","historic-parsnip","#cdc3b0"
"Langdon Dove","historic-langdon-dove","#b5ab9a"
"Jackson Antique","historic-jackson-antique","#c2bca9"
"Phelps Putty","historic-phelps-putty","#c4bdad"
"Bayberry Wax","historic-bayberry-wax","#b6aa89"
"Sandy Bluff","historic-sandy-bluff","#aca088"
"Flaxen Field","historic-flaxen-field","#bba684"
"Rain Barrel","historic-rain-barrel","#a49688"
"Pettingill Sage","historic-pettingill-sage","#88806a"
"Wooly Thyme","historic-wooly-thyme","#907e63"
"Burnished Pewter","historic-burnished-pewter","#7b7568"
"Milkweed","historic-milkweed","#8c7f69"
"Pitch Pine","historic-pitch-pine","#7c7766"
"Sturgis Gray","historic-sturgis-gray","#57544d"
"Nankeen","historic-nankeen","#b89e82"
"Winter Meadow","historic-winter-meadow","#ad9986"
"Coastal Sand","historic-coastal-sand","#c9a985"
"Britches","historic-britches","#a09073"
"Toffee","historic-toffee","#a6845d"
"Ginger Root","historic-ginger-root","#a3845e"
"Maple","historic-maple","#b88e72"
"Bean Pot","historic-bean-pot","#8b6b51"
"Palomino","historic-palomino","#937860"
"Portobello","historic-portobello","#7d6e5e"
"Tankard Gray","historic-tankard-gray","#7d7463"
"Hitching Post","historic-hitching-post","#83705e"
"Cummings Oak","historic-cummings-oak","#695a45"
"Brownstone","historic-brownstone","#785441"
"Otis Madiera","historic-otis-madiera","#633d38"
"Liberty","historic-liberty","#885d53"
"Burnt Umber","historic-burnt-umber","#7d5a4d"
"Hickory Nut","historic-hickory-nut","#78614c"
"Tyson Taupe","historic-tyson-taupe","#736458"
"Wooden Nutmeg","historic-wooden-nutmeg","#745c51"
"Bargeboard Brown","historic-bargeboard-brown","#68534a"
"Rawhide","historic-rawhide","#61534b"
"Chocolate","historic-chocolate","#4d403b"
"Quincy Granite","historic-quincy-granite","#b5b5af"
"Vinal Haven","historic-vinal-haven","#acb3ae"
"Monument Gray","historic-monument-gray","#7a807a"
"Fieldstone","historic-fieldstone","#807e77"
"Gropius Gray","historic-gropius-gray","#63615d"
"Polished Pewter","historic-polished-pewter","#636869"
"Vermont Slate","historic-vermont-slate","#48535a"