"Black Box","MP33758","#0a1b20"
"Black Chasm","MP28560","#0a1a20"
"Black Indigo","MP33764","#0a191e"
"Black is Back","MP59647","#0b1013"
"Black Magic","MP32156","#0a1013"
"Black Mamba","MP25595","#161f24"
"Black Stallion","MP33653","#091012"
"Black Umber","MP30116","#191412"
"Blackguard","MP33759","#232220"
"Blackstone","MP33348","#1f1e1c"
"Draconia","MP40821","#192021"
"Ebony King","MP30914","#141f1f"
"Onyx","MP31846","#1b1513"
"Twilight Zone","MP33260","#161614"
"Vine Charcoal","MP42359","#1e2223"
"Wells Fargo Black","MP26309","#081111"
"Amethyst Met.","MP22022","#624ba0"
"Andromeda Blue Met.","MP22028","#00354b"
"Aquateal met.","MP21999","#488386"
"Aubertite Blue Met.","MP27145","#86b7b3"
"Aura Blue Met.","MP25401","#004e66"
"Bally Blue Met.","MP41755","#3b4f8e"
"Black N Blue Met.","MP22005","#130e29"
"Blackberry Met.","MP22021","#1c1027"
"Blue Abyss Met.","MP22008","#131834"
"Blue Jade Met.","MP22004","#63a6ae"
"Breyer Blue Met.","MP19843","#00526d"
"Brina Blue Met.","MP22085","#c7cbd0"
"Cabochon Blue Met.","MP28161","#003e55"
"Carib Blue Met.","MP25405","#004157"
"Celestine Blue Met.","MP32683","#91b7c2"
"Cenere Blue Met.","MP22031","#4b516c"
"Chakra Blue Met.","MP25373","#273974"
"Champenoise Blue Met.","MP22088","#a4b0b1"
"China Blue Met.","MP22029","#00425a"
"Cuda Plum Met.","MP22023","#9b8bdb"
"Cygnus Blue Met.","MP22030","#06283d"
"Dark Matter Blue Met.","MP22027","#012c3e"
"Dark Sea Green Met.","MP26867","#538d91"
"Deepwater Blue Met.","MP21997","#003f52"
"Electric Blue Met.","MP21994","#005b79"
"Emerald Teal Met.","MP25406","#004053"
"Faerie Blue Met.","MP18124","#a0bdd2"
"Floe Blue Met.","MP25362","#aeacbe"
"Gelee Blue Met.","MP22078","#a29faf"
"Glacon Blue Met.","MP22090","#95adb1"
"Groovy Blue Met.","MP26171","#473485"
"Humo Blue Met.","MP27858","#6c87b9"
"Indigo Blue Met.","MP21992","#052c49"
"Lauderdale Blue Met.","MP25398","#308a94"
"Lavender Blue Met.","MP22010","#7f7d8d"
"Legend Blue Met.","MP22001","#003b4f"
"Marine Blue Met.","MP21993","#004661"
"Med. Gulf Blue Met.","MP34865","#004862"
"Midnite Blue Met.","MP21989","#0c243e"
"Mysteria Blue Met.","MP23002","#9992a7"
"Newport Blue Met.","MP21990","#004f6a"
"Pacific Blue Met.","MP22000","#5f9497"
"Panama Blue Met.","MP22003","#125d73"
"Passione Blue Met.","MP26181","#704a98"
"Pastello Blue Met.","MP22087","#849697"
"Pharaohs Blue Met.","MP23003","#a896eb"
"Phlox Blue Met.","MP22026","#8a7b90"
"Regal Blue Met.","MP22009","#56699b"
"Romanov Blue Met.","MP17314","#15183c"
"Royal Robe Met.","MP22024","#0e193c"
"Silver Blue Met.","MP23839","#8e96a2"
"Sleek Blue Met.","MP27188","#66afaf"
"Smooth Teal Met.","MP23561","#5d8d85"
"Tahiti Blue Met.","MP21991","#266986"
"Tetra Blue Met.","MP22007","#647eb9"
"Trillium Blue Met.","MP22025","#6f4ba9"
"Ultra Blue Met.","MP22006","#43518f"
"Violetta Frost Met.","MP22083","#c7b8c4"
"Violette Blue Met.","MP25353","#c3b4c2"
"Alhambra Mosaic Blue","MP11430","#464e8c"
"Alpine Sky Blue","MP357","#8cc0d5"
"Ameritech Blue","MP2171","#283e77"
"Amsterdam Blue","MP959","#5b6e89"
"Amulet Blue","MP2643","#5b6890"
"Anas Teal","MP12026","#006081"
"Anil Blue","MP4526","#1d1a44"
"Antwerp Blue","MP3362","#6b6a74"
"Aquagris","MP3559","#6b898c"
"Aquarious Blue","MP1063","#0084b6"
"Aquavert","MP2370","#006d95"
"Arles In Blue","MP6163","#4d6c7f"
"Asgard Wall","MP5480","#6c6a7c"
"Auckland Azure","MP8975","#7cbac9"
"Azulado","MP906","#1e1a42"
"Azureno","MP3427","#96a5d8"
"Azurine","MP970","#d5d2e7"
"Baby Boy Blue","MP344","#a3bbdb"
"Babylon Blue","MP5037","#5b4d65"
"Baffin Blue","MP8972","#aecfd4"
"Balinese Atoll","MP946","#00709b"
"Bambino Blue","MP7797","#a5bfd2"
"Bayville Blue","MP7965","#7facb0"
"Beale Street Blues","MP13702","#303759"
"Beethoven Blue","MP2356","#7385a1"
"Belize Blue","MP359","#27588b"
"Bering Straits Sky","MP955","#c6cfd8"
"Berries","MP5783","#a8c3c9"
"Blue Abyss","MP2103","#1d1a44"
"Blue And Grey","MP4510","#797b89"
"Blue Bangle","MP14188","#2e4672"
"Blue Bike","MP11976","#272362"
"Blue Bottom","MP4105","#004f6f"
"Blue Brigantine","MP4518","#41576b"
"Blue Chic","MP5878","#c0ccd5"
"Blue Collar","MP9460","#455c84"
"Blue Dandy","MP4348","#356b92"
"Blue Eyed Mary","MP7292","#7e7e90"
"Blue Fang","MP3341","#93939b"
"Blue Flag","MP1992","#446b91"
"Blue Frit","MP11988","#5f6585"
"Blue Funk","MP2098","#374f75"
"Blue Glass","MP340","#2c0060"
"Blue Hawaii","MP13728","#00618f"
"Blue Lead","MP6059","#5e6881"
"Blue Lightening","MP2625","#4875a2"
"Blue Nose","MP7455","#7993b3"
"Blue On Violet","MP9130","#37327d"
"Blue Period","MP4520","#4f6f8b"
"Blue Polo","MP14112","#37324e"
"Blue Ribbon","MP5080","#140043"
"Blue Specter","MP6984","#98bfc9"
"Blue Truth","MP5488","#4c7286"
"Blue Valley","MP8065","#667490"
"Blue Veil","MP7922","#ebede5"
"Blue Wonder","MP9971","#3a415b"
"Blues News","MP5040","#00668d"
"Blurple Haze","MP721","#938f9e"
"Bobby Blue","MP1816","#73c2cf"
"Brewster Blue","MP6785","#bebdd3"
"Brezo Blue","MP2844","#6c6290"
"Brindisi Blue","MP4832","#37547e"
"Brittany Blue","MP2641","#2e6972"
"Bushmans Bluey","MP9963","#38728a"
"Calm Blue","MP894","#bac3eb"
"Camille Blue","MP2896","#50a5c9"
"Candy Blue","MP4435","#626389"
"Captain Blue","MP5149","#507189"
"Castaway Blue","MP6783","#74aec7"
"Celeste","MP6855","#ddf4f5"
"Cerulean","MP7837","#aed6d8"
"Ceylon Sapphire","MP8426","#25467c"
"Ciel Bleu","MP4721","#49a1bc"
"Cloister","MP11713","#005a78"
"Coal Blue","MP11611","#5a6d87"
"Commelina Blue","MP67","#b7d4d8"
"Cook Islands Blue","MP2110","#2d3d6f"
"Copenhagen","MP2514","#56a3b4"
"Copenhagen Blue","MP958","#87a1b3"
"Cornwall Blue","MP965","#7084a9"
"Countrified Blue","MP2965","#9abed0"
"Cruiseliner Blue","MP8072","#1e0d4f"
"Cuernavaca Blue","MP2169","#1e185c"
"Cypress Bayou","MP5517","#437a87"
"Czech Flag Blue","MP2306","#312c4f"
"Daisy Blue","MP5753","#8ab1c6"
"Dansk Blue","MP3758","#3e425e"
"Dark Colonial Blue","MP75","#1b3056"
"Debonair","MP1731","#b0d2d5"
"Deepsea Spray","MP745","#c3ced3"
"Diner Door Blue","MP973","#5c76af"
"Diplomat","MP5694","#5f6173"
"Djibouti Flag Blue","MP10273","#375079"
"Dream I Can Fly","MP7932","#30a3bc"
"Dun Blue","MP9468","#466271"
"Faience Blue","MP5576","#8aa9c9"
"Far Nebula","MP6135","#3c3e58"
"Fiord Blue","MP5659","#49828c"
"Fordson Blue","MP12106","#00577b"
"Franco Blue","MP11183","#3c5475"
"Frescoe Sky","MP7694","#63749b"
"Gray Dawn","MP5010","#b3b7c6"
"Grecian Blue","MP5157","#073165"
"Greyblue","MP723","#c2bec0"
"Guantanamo Teal","MP375","#00597d"
"Hardees New Blue","MP4036","#004d73"
"Highway Blue","MP10180","#004d6e"
"Hong Kong Blue","MP4900","#32749b"
"Ice Cave Blue","MP886","#dcd8ef"
"Ice Palace","MP949","#97d4d9"
"Iceberg Blue","MP349","#bce1f4"
"Im So Blue","MP341","#1c0043"
"Impulse","MP10147","#39456d"
"In The Twilight","MP7081","#797884"
"Indanthrone Blue","MP10261","#0f1e5f"
"Indian Teal","MP12446","#4b5570"
"Indiglo","MP3597","#383e5d"
"Inkspot","MP11285","#1e0043"
"Innsbruck Blue","MP4979","#294160"
"Into The Blue","MP8064","#1d7c96"
"Jacque Blue","MP6198","#90b0bd"
"Jade Blue","MP3571","#2b616c"
"Jaded Blue","MP742","#649ca8"
"Jet Stream","MP7490","#c1d0e0"
"Jumping Juniper","MP8705","#729897"
"Labatt Blue","MP2750","#465178"
"Laid Back Blue","MP969","#ced7e4"
"Lake Placid","MP2392","#7ecbce"
"Lapp Lake","MP8066","#4d7c98"
"Las Palmas Blue","MP2783","#3b545c"
"Lazy Sunday","MP7529","#617a9b"
"Light Sky","MP1715","#bde1db"
"Macaw Blue","MP64","#2e4b91"
"Meridian Blue","MP7895","#3498a3"
"Mid Blue","MP10452","#33518f"
"Midnight Blue","MP2320","#4b3b5b"
"Midnight In Nome","MP8069","#506677"
"Ming Vase","MP6161","#004b69"
"Miramar","MP12682","#c0e7eb"
"Mojave Aster","MP3342","#4b6887"
"Monserrat Blue","MP17","#005b81"
"Mozart Blue","MP7031","#5d7985"
"Nantucket","MP6175","#5f5f85"
"Napoleon Blue","MP2598","#394577"
"Navajo Turquoise","MP10230","#207893"
"New Borns Eyes","MP7880","#b0c4d6"
"Night Mission","MP6678","#3b3850"
"North Sea Blue","MP8201","#004869"
"Ocho Rios Blue","MP3547","#2a5594"
"Oh So Blue","MP13999","#2f4f99"
"Oldham Blue","MP11818","#59777d"
"Paddington Blue","MP7327","#466baa"
"Pale Delphinium","MP893","#dde7ff"
"Pasha Blue","MP10596","#62546d"
"Pastel Smalt Blue","MP11589","#a7b7ec"
"Pastoral Blue","MP6046","#44668b"
"Patrician Blue","MP12008","#486a80"
"Peter O Teal","MP8339","#295b67"
"Plumage","MP6126","#005a7c"
"Process Cyan U","MP9133","#0088c5"
"Puget Sound Blue","MP11584","#194982"
"Purple Orchid","MP12013","#4e1461"
"Purple Print","MP2112","#785186"
"Queens Wreath","MP7461","#857f8e"
"Reflex Blue C 2X","MP1060","#201a44"
"Regalia Blue","MP2758","#181e53"
"Rendezvous Bay","MP7279","#57959c"
"River Teal Blue","MP741","#2a5962"
"Road House Blues","MP11862","#004f6e"
"Roman Bath Blue","MP950","#78cbd7"
"Rotterdam Blue","MP13704","#3e5d73"
"Royal Purple","MP2016","#4e1469"
"Sailboat Blue","MP2160","#1652a6"
"Santa Clara","MP7336","#60acb5"
"Scuro Blue","MP5264","#596e91"
"Sea Reflections","MP7030","#71909c"
"Skylight","MP2983","#dce5e4"
"Soda Can Blue","MP13912","#007cb3"
"South China Sea","MP10505","#43455c"
"St. Louis Blues","MP6186","#327473"
"St. Maarten Blue","MP356","#d1f8f5"
"Staid Blue","MP962","#d2d5dc"
"Starshine Blue","MP6062","#d9e1e4"
"Steamboat Blue","MP25133","#1f0d4f"
"Teal Edge","MP6679","#2e6972"
"Teal Plastic","MP11829","#608e94"
"Thalassa","MP8713","#62b8c0"
"Tintoretto Blue","MP8973","#374463"
"Tonal Blue","MP10359","#1f6e94"
"Toray Blue","MP13750","#28396a"
"Touch Of Dutch","MP10098","#747a8d"
"Tralee Blue","MP4654","#4b688f"
"Tres Blue","MP14019","#152c69"
"Van Deusen Blue","MP7440","#536575"
"Vans Blue Money","MP13740","#16143d"
"Vanuatu Blue","MP11703","#005779"
"Venetian Tile Blue","MP943","#8dcccf"
"Very Blue","MP10259","#313558"
"Victory Navy Blue","MP1989","#3c3254"
"Vienna Lake","MP4840","#9bccd4"
"Vinca Blue","MP13836","#8c92c5"
"Violet Kohl","MP11225","#7e767b"
"VW Bug Blue","MP907","#8ec7d9"
"Waloon Blue","MP2774","#6f86a2"
"Whitewashed Blue","MP948","#b7dfde"
"Wilmington Spruce","MP7535","#43949d"
"Working Blue","MP9431","#4e2d7d"
"Yin Yang","MP7477","#777d96"
"Alcazar Brown","MP11569","#855c4e"
"Alton Brown","MP2250","#533f42"
"Anodized Black","MP13338","#4c2f30"
"Antler","MP6720","#b79882"
"Arabica Bean","MP2833","#7d583e"
"Baked Cumin","MP7646","#b69667"
"Bear Creek","MP7050","#836452"
"Beaver Creek","MP6666","#978067"
"Beige Frame","MP12813","#bda890"
"Beigewood","MP7621","#9b8067"
"Bellaire Brown","MP12808","#391e1f"
"Brogan Brown","MP11559","#8a553c"
"Brown Bear","MP555","#4e3232"
"Brown Betty","MP158","#784d2f"
"Brown Bomber","MP13306","#6e3820"
"Brown County","MP4991","#956f54"
"Brown Ebony","MP13799","#55322e"
"Brown Shoe","MP1077","#5f4141"
"Brownian Motion","MP13377","#83675e"
"Camino","MP6390","#b4a290"
"Capilano Bridge","MP10441","#c1a47e"
"Cast Bronze","MP7458","#5a3d3d"
"Cattail Brown","MP2808","#8b6044"
"Chocolat Noir","MP13335","#5a3d3d"
"Chocolate Bliss","MP10161","#73544c"
"Chocolate Thunder","MP11705","#471600"
"Choconut","MP554","#564141"
"Chukker Brown","MP12860","#b39a7e"
"Clay Ball","MP11949","#aa9784"
"Clay Beige","MP12385","#ab9784"
"Cocoa Crispy","MP857","#5d2e27"
"Craft Brown","MP3181","#9f7f69"
"Dark Horse","MP11194","#442929"
"Dark Roast","MP12213","#442929"
"Dopplebock","MP3364","#431906"
"Doric Brown","MP4418","#503434"
"Fudge Brownie","MP6063","#4f2414"
"Grey Gelding","MP3337","#9c7f59"
"Greytan","MP11315","#cfc4b1"
"James Brown","MP13200","#814830"
"Madrone","MP5239","#975b42"
"Mahogany Leather","MP655","#643624"
"Malva Mauve","MP12994","#774633"
"Mocha Latte","MP9189","#af845a"
"Modena Mud","MP607","#8e614a"
"Nutella","MP8137","#6c3b1e"
"Obsidian","MP4836","#4c2f30"
"Orso Brown","MP2804","#563225"
"Plantation Brown","MP2779","#886251"
"Pumpernickle","MP6179","#7d6461"
"Raw Brown","MP608","#9f684b"
"Rich Brown","MP10217","#42190d"
"Ruddock Brown","MP13262","#877363"
"SIS Brown","MP12184","#612c16"
"Smoked Hickory","MP6031","#9d7a61"
"Spanish Moss","MP3078","#705b3e"
"Spiced Brown","MP6645","#6a3a28"
"Stonebark","MP14148","#806452"
"Tantara","MP12567","#c6ac87"
"Teddy Bear","MP6952","#a9815e"
"Terminal Tan","MP4427","#a57d62"
"Town Brown","MP2949","#b09168"
"Unbriel","MP11721","#774b26"
"Unicor Brown","MP12718","#6e5657"
"Valrhona Cocoa","MP5132","#6d4a3e"
"Yearling","MP3265","#ae906c"
"Alabaster Met.","MP20086","#b9b199"
"Alpha Bronze Met.","MP20146","#ac9c7c"
"Ancient Bronze Met.","MP20308","#766566"
"Anodized Aluminum Met.","MP20140","#a79f8e"
"Art Deco Bronze Met.","MP20161","#836d65"
"Auguste Bronze Met.","MP20183","#766566"
"Bank Bronze Met.","MP20144","#83746f"
"Bell Metal Bronze Met.","MP20185","#857069"
"Bronze Doro Met.","MP36581","#a19a88"
"Bronze Metal Met.","MP20156","#795b42"
"Bronzeglow Met.","MP20084","#ae9a8c"
"Castell Bronze Met.","MP20157","#63452f"
"Champagne Brut Met.","MP20090","#aba18f"
"Charon Grey Met.","MP56301","#8f867d"
"Cingular Grey Met.","MP28072","#666362"
"Corinthian Bronze Met.","MP20189","#6c584f"
"Dark Bronze Met.","MP20303","#595553"
"Doric Bronze Met.","MP20307","#5a4d50"
"Duronodic 313 Met.","MP20190","#625150"
"Duronodic Bronze Met.","MP20147","#968674"
"Elston Brown Met.","MP29237","#b5a698"
"Equus Bronze Met.","MP20181","#6f595a"
"Etruscan Bronze Met.","MP20159","#957d62"
"Frosty Nickel Met.","MP20046","#b5a698"
"Grecian Bronze Met.","MP20305","#7b665d"
"Grey Taupe Met.","MP30835","#a19887"
"Gris Bronze Met","MP54906","#afa590"
"Gustave Grey Met.","MP51681","#7a736e"
"Hermes Bronze Met.","MP20160","#624d4e"
"Ivory Met.","MP20062","#baac9e"
"Leaded Bronze Met.","MP20149","#af9e89"
"Light Taupe Met.","MP20060","#c9bfa7"
"Marrone Met.","MP28919","#d0c2ac"
"Minoan Bronze Met.","MP20191","#7c665c"
"Mist Grey Met.","MP20044","#b6af9c"
"Misty Heather Met.","MP20031","#b3a29d"
"Mt. Sinai Bronze","MP11663","#a39783"
"Nouveau Bronze Met.","MP20162","#80655c"
"Old Gold Met.","MP20138","#b09a80"
"Pale Bronze Met.","MP27916","#b7b0a2"
"Patinated Bronze Met.","MP20306","#312222"
"Pearl Silver Met.","MP20082","#c7bda3"
"Pewter Tankard Met.","MP20087","#a19192"
"Phosphor Bronze Met.","MP20304","#6a554d"
"Platinum Met.","MP20083","#c1b7aa"
"Pumice Met.","MP20037","#bbb2aa"
"Remington Bronze Met.","MP20153","#653c2d"
"Russell Bronze Met.","MP20182","#7b6566"
"Sandalwood Met.","MP20051","#c8b99b"
"Shadow Bronze Met.","MP20148","#9f8e7a"
"Sparkle Bronze Met.","MP20184","#7b665f"
"Statuary Bronze Met.","MP20158","#85655c"
"Taunton Taupe Met.","MP20145","#c6b79d"
"Touch Of Taupe Met.","MP20088","#aea58e"
"Warm Gray Met.","MP20186","#93897e"
"Weathered Bronze Met.","MP20155","#775b4a"
"Yuma Tan Met.","MP20085","#b2a796"
"American Blue","MP28073","#005886"
"Amethyst Violet","MP25542","#693e82"
"Anodic Black","MP41335SP","#25161d"
"Apricot","MP29496","#ee9a70"
"Aztec Copper","MP46402SP","#c6694b"
"Aztec Gold","MP46401SP","#d99c52"
"Baby Blue Metallic","MP45612","#8e9cc2"
"Balsam Green Metallic","MP27540","#005f4b"
"Bayou Blue","MP25771","#387472"
"Bicycle Blue","MP25808","#355284"
"Blue Smoke","MP56851","#798fa1"
"Bluest Blue","MP55697","#0d3765"
"Bluetooth","MP55795","#373552"
"Bone White","MP25833","#f9efd1"
"Bright Orange","MP23906","#e67215"
"Brilliant Gold","MP46400SP","#f0dbaa"
"Brushed Aluminum","MP41342SP","#bbbbbf"
"Burgundy Maroon","MP42215SP","#64052b"
"Burgundy Metallic","MP19757","#79413f"
"Cabot Trail","MP12257","#9c877c"
"Canterbury Cream","MP25900","#fce5b6"
"Capri Blue","MP42219SP","#001e6d"
"Cerise Lipstick","MP26452","#b11e60"
"Champagne Grey Metallic","MP16771","#a59e8e"
"Chartreuse Yellow","MP25026","#f1d655"
"Cicada Grey","MP25836","#95a195"
"Citron Glace","MP29545","#f9e160"
"Citrus Yellow","MP10211","#f8c300"
"Clay Basket Brown","MP25839","#8f786e"
"Cool Gray","MP55840","#b7b1a3"
"Copper","MP46253SP","#ad5e4a"
"Coral","MP29214","#ff825e"
"Country Club Green","MP24502","#2e8268"
"Country Red","MP23446","#703231"
"Crimson Red","MP23966","#db2925"
"Dark Bronze","MP41313SP","#5a504c"
"Deep Green","MP24510","#004546"
"Deep Purple","MP25550","#551a4d"
"Durango Grey","MP25849","#979182"
"Electrical Blue","MP24100","#4183ba"
"Federal Green","MP42259SP","#006923"
"Fern Green Metallic","MP30043","#62b973"
"Fiesta Orange","MP29633","#e9811a"
"Fire Red","MP24069","#da251d"
"Fire Weed Red","MP23647","#9d5849"
"Forest Green","MP55690","#1a6755"
"Gloss Black","MPSOA929SP","#1f1a17"
"Gloss Hi-Hide White","MP6422SP","#fbfdf9"
"Graceful Grape","MP25867","#956e8a"
"Granny Smith","MP28434","#8cb452"
"Grape Jello","MP29705","#6a1b4e"
"Green Jewel","MP25066","#468a5e"
"Hapsburg Blue Metallic","MP24661","#00537d"
"Jonquil Yellow","MP29464","#fcd600"
"Kryptonite Green","MP25899","#419547"
"Lake George","MP43348","#d3d8d8"
"Lily Morada","MP25854","#7e7694"
"Mardi Gras Teal","MP24340","#4ca2a8"
"Marina Blue","MP29320","#375688"
"Mediterranean Sky","MP20498","#c3cdd5"
"Medium Bronze","MP41312SP","#88705a"
"Mexicali Red","MP42214SP","#9c213d"
"Moonlit Pond","MP55396","#004447"
"Moss Green Metallic","MP42868","#a7b0a4"
"Mustard","MP28153","#e1aa00"
"Napa Merlot","MP29732","#772347"
"Natural White","MPSOA202SP","#fffff6"
"Navel Orange","MP29653","#eb811b"
"North Sea Blue","MP23708","#686e7e"
"Old Copper","MP41314SP","#684d3c"
"Old Orchid Metallic","MP21843","#7e416b"
"Orange County","MP56966","#ea4d24"
"Orange Flare","MP28239","#e35f13"
"Pale Bronze Metallic","MP41279","#958775"
"Pastel Orange","MP26406","#ffb15a"
"Peach Blossom","MP58094","#d37463"
"Persimmon","MP58765","#c2382a"
"Prickly Pear","MP56060","#575b0f"
"Proseco Blue Steel","MP48108SP","#807f87"
"Proseco Brass Alloy","MP48103SP","#b0a692"
"Proseco Bronze Hint","MP48105SP","#b39e93"
"Proseco Gold Standard","MP48101SP","#aba296"
"Proseco Golden Glow","MP48107SP","#afa28d"
"Proseco Polished Pewter","MP48104SP ","#999087"
"Proseco Silver Rose","MP48102SP","#b6ada3"
"Rally Red","MP24846","#be2446"
"Raspberry Metallic","MP19759","#8b2348"
"Rich Brown","MP10217","#4a2b22"
"Rose Magenta","MP25248","#872650"
"Rose Quartz Metallic","MP47128","#c6a99e"
"Royal Blue Metallic","MP50184","#072946"
"Royal Purple","MP25956","#4a4267"
"Salmon","MP25616","#f2ae99"
"Savannah Clay","MP22823","#c18a73"
"Scandinavian Blue","MP30493","#5e5793"
"Scarlet Red","MP42212SP","#be2241"
"Schoolbus Yellow","MP55149","#e9a400"
"Sea Green","MP58098","#4db187"
"Signal Jet Black","MP41306SP","#2c2825"
"Silver Surfer Metallic","MP33172","#c0c1c3"
"Smoke Screen","MP34412","#a5a8a4"
"Snowflake","MP55685","#fcf8e2"
"Spring Green","MP26749","#689850"
"Staid Gray Metallic","MP32195","#666568"
"Stormy Blue","MP25837","#003b4f"
"Sundance Yellow","MP42218SP","#f7bc00"
"Sunrise Silver Metallic","MP55753","#dbd2b8"
"Taco Bell Violet 2","MP25834","#471f55"
"Tangerine","MP26434","#de411a"
"Taos Sand Beige","MP25829","#eacb98"
"Tropic Turquoise","MP29439","#71b8a8"
"Tucson Gold","MP46258SP","#d2a24a"
"Umbra Grey Metallic","MP28448","#8a8584"
"Very Violet","MP25502","#886ba2"
"Yellow Corn","MP28240","#f9b800"
"Yellow Petal","MP25890","#f1e459"
"Adonis Bronze Met.","MP41031","#77685d"
"Airain Bronze Met.","MP21939","#9b6451"
"Anchor Bronze Met.","MP46305","#77574f"
"Antique Bronze Mica","MP40689","#9b7e6a"
"Auric Copper Met.","MP43017","#a36941"
"Bank 1 Plaza Bronze Met.","MP45523","#7c604a"
"Beaten Bronze Met.","MP43777","#6b3929"
"Black Bronze Met.","MP41690","#3d2c29"
"Blended Bronze Met.","MP47127","#a08b72"
"Brazed Bronze Met.","MP46540","#644d49"
"Briny Bronze Met.","MP45031","#9c8c72"
"Bullet Bronze Met.","MP38641","#a3635c"
"Cabo Bronze Met.","MP38076","#823e3c"
"Chemic Bronze Met.","MP25647","#604c44"
"Choco Bronze Met.","MP56334","#533334"
"Cinnamon Copper Met.","MP41376","#884b43"
"Classic Copper Met.","MP15838","#a26a45"
"Classy Copper Met.","MP47606","#b77f58"
"Cobre Copper Met.","MP46534","#a26a41"
"Copper Alloy Met.","MP48868","#a26e4a"
"Copper Lining Met.","MP46066","#9d5936"
"Crescent Copper Met.","MP47875","#aa6549"
"Eave Copper Met.","MP48656","#ab6545"
"Ebon Bronze Met.","MP18439","#643d2d"
"Greenward Bronze Met.","MP42607","#967962"
"Hammered Copper Met.","MP21956","#ae5a44"
"Leonardo Bronze Met.","MP49025","#9b745c"
"Light Copper Met.","MP21958","#c28254"
"Mere Bronze Met.","MP41416","#665251"
"Minos Bronze Met.","MP41887","#554f48"
"Neo Bronze Met.","MP52048","#716961"
"Olden Copper Met.","MP43770","#a16a48"
"Rich Copper Met.","MP21957","#c07b56"
"Roman Gold Met.","MP27546","#d79e73"
"Rosso Gold Met.","MP21940","#a06a4d"
"Rosy Copper Met.","MP40684","#ba846e"
"Rouge Gold Met.","MP21941","#bd805e"
"Scott Bronze Met.","MP40366","#604c44"
"Soft Copper Met.","MP40495","#be8c75"
"Temple Bronze Met.","MP46765","#998b85"
"Touch O Bronze Met.","MP41254","#c9b69f"
"Warm Copper Met.","MP52234","#b97254"
"Barbary Gold Met.","MP21109","#bca370"
"Bronzegold Met.","MP23920","#815e48"
"Byzantine Gold Met.","MP21961","#cea071"
"Chestnut Gold Met.","MP48860","#8c5d48"
"Coppergold Met.","MP21248","#b7a34b"
"Cuprous Gold Met.","MP20505","#b78759"
"Desert Gold Met.","MP25466","#906442"
"Desert Sand Met.","MP20358","#a1876e"
"Dorado Gold Met.","MP20508","#b78f5f"
"Ebony Gold Met.","MP45519","#6c544a"
"Flaxen Gold Met.","MP25618","#b78759"
"Fools Gold Met.","MP21107","#c2b17c"
"Forty-Niner Gold Met.","MP20509","#c3a474"
"Fused Gold Met.","MP22827","#8f6a54"
"Ginger Gold Met.","MP44200","#96634f"
"Glazed Gold Met.","MP20561","#7c715f"
"Gold Alloy Met.","MP21111","#aa9364"
"Gold Bond Met.","MP21246","#92784c"
"Gold Chain Met.","MP21108","#bbaa71"
"Gold Dust Met.","MP28535","#c6a36f"
"Gold Foil Met.","MP20354","#bdac7d"
"Gold Metal Met.","MP38113","#c5a76c"
"Golden Brass Pearl","MP46394","#ccaf59"
"Golden Bronze Met.","MP20356","#8c7868"
"Golden Clay Met.","MP42080","#716843"
"Golden Fern Met.","MP48223","#b0a484"
"Golden Shadow Met.","MP26048","#b38c68"
"Golden Umber Met.","MP46321","#8b6852"
"Golden Vert Met.","MP35175","#a2947b"
"Guinea Gold Met.","MP21247","#a4875b"
"Heather Gold Met.","MP21110","#a38458"
"Henna Gold Met.","MP49153","#8b6852"
"Hint of Gold Pearl","MP47787","#f7eab9"
"Honeyed Gold Met.","MP25255","#ac794d"
"Inca Gold Met.","MP20503","#c4a376"
"Las Vegas Gold Met.","MP20359","#af9d77"
"Moneta Gold Met.","MP21250","#d2b680"
"Noble Gold Met.","MP20353","#b09776"
"Nutty Gold Met.","MP51325","#96634f"
"Olive Gold Met.","MP31592","#a4977a"
"Orange Gold Met.","MP21960","#bd8553"
"Pale Green Gold Met.","MP21106","#b9ae8a"
"Plaque Gold Met.","MP21962","#c29858"
"Powder Gold Met.","MP30584","#c1a577"
"Royal Gold Pearl","MP46399","#d1a152"
"Saturn Gold Met.","MP20504","#c2ac7e"
"Seared Gold Met.","MP50639","#66504a"
"Shimmer Gold Met.","MP14571","#c9ae81"
"Similoro Gold Met.","MP21249","#c89f67"
"Sonora Gold Met.","MP53227","#987c62"
"Sparkle Gold Met.","MP26659","#a3875e"
"Sungold Firemist Met.","MP18672","#bea972"
"Tawny Gold Met.","MP26264","#b38156"
"Titian Gold Met.","MP21607","#9f6f4e"
"Venerable Gold Met.","MP46490","#a28769"
"Victorian Gold Met.","MP20352","#bca27d"
"Yellow Gold Pearl","MP41844","#d0b060"
"Abruzzo Green Met.","MP33129","#9d9337"
"Andradite Green Met.","MP34941","#569069"
"Antilles Green Met.","MP29499","#4b8d7d"
"April Green Met.","MP34365","#3f6353"
"Augusta Green Met.","MP23423","#3a5a59"
"Bruni Green Met.","MP43443","#88aa2f"
"Cana Green Met.","MP23421","#4a8983"
"Cannon Green Met.","MP37553","#4b4d46"
"Carbone Green Met.","MP23416","#434523"
"Catmint Green Met.","MP23395","#699c77"
"Chilly Green Met.","MP30226","#b1c4b7"
"Classic Green Bronze Met.","MP23430","#51514b"
"Cold Sea Green Met.","MP25807","#6d847b"
"Column Green Met.","MP42232","#686748"
"Dark Olive Green Met.","MP23431","#77736d"
"Dolomite Green Met.","MP23408","#3f7162"
"Dore Green Met.","MP38477","#91a755"
"Duckweed Green Met.","MP35003","#809561"
"Ebony Green Met.","MP23415","#434532"
"Envy Green Met.","MP42233","#928a5d"
"Esmerelda Green Met.","MP23420","#143541"
"Frosty Jade Green Met.","MP23434","#b5c4c1"
"Frosty Sea Green Met.","MP23432","#a2afa3"
"Gelid Green Met.","MP27231","#93b488"
"Glinty Green Met.","MP38837","#4fa88b"
"Green Steel Met.","MP31526","#355a47"
"Green Velvet Met.","MP23406","#5ba08f"
"Guadaloupe Green Met.","MP47705","#007870"
"Ivy Green Met.","MP40749","#686d51"
"Kamchatka Green Met.","MP53254","#57715d"
"Kelp Green Met.","MP42085","#6e6f55"
"Kobold Green Met.","MP23394","#467d5d"
"Kuyaba Green Met.","MP23409","#5db29d"
"Light Nebula Green Met.","MP23433","#afbeb1"
"Light Sage Green Met.","MP23435","#afc3b8"
"Lux Green Met.","MP37552","#61825f"
"Malachite Green Met.","MP23424","#2d6a65"
"Mean Joe Green Met.","MP23405","#457161"
"Metal Olive Met.","MP23417","#818c82"
"Mint Green Met.","MP27234","#90b58d"
"Moro Green Met.","MP22694","#99b1a3"
"New Growth Green Met.","MP43440","#737b48"
"Nippy Green Met.","MP36394","#499a80"
"Olive Mist Met.","MP23891","#a9a175"
"Parsley Green Met.","MP23398","#66a588"
"Patine Green Met.","MP30395","#6cb2aa"
"Puebla Green Met.","MP42083","#86865d"
"Rally Green Met.","MP23407","#38534c"
"Romagna Green Met.","MP49209","#5d6246"
"Saturated Green Met.","MP37855","#8b8f61"
"Seasprite Green Met.","MP23436","#acc5bc"
"Selva Green Met.","MP23393","#2f5e47"
"Seven Seas Green Met.","MP23411","#3c4443"
"Soft Olive Met.","MP27564","#8d8a68"
"Steel Jade Met.","MP23413","#748f83"
"Tamarack Green Met.","MP23412","#374e4c"
"Tijeras Teal Met.","MP23422","#00022d"
"Veld Green Met.","MP38332","#3f5938"
"Vivid Teal Met.","MP51137","#03726d"
"XKE Green Met.","MP23404","#3c5b54"
"Acqua Di Mare","MP15263","#4c7d7e"
"Adirondack Green","MP14353","#466552"
"Aegean Green","MP10688","#545c46"
"Alga Green","MP817","#908e22"
"Allegreto Teal","MP15236","#446466"
"Alpine Green","MP5137","#2e5d56"
"Amana Green","MP13568","#5d6f64"
"Amazon Parrothead","MP14305","#29766f"
"Andes Emerald","MP8474","#14735c"
"Anole Green","MP13427","#5e9d48"
"Antique Bottle Green","MP16303","#335056"
"Aqua Riva","MP14879","#29928d"
"Aquarious Green","MP11560","#1e615b"
"Aran Islands Green","MP14110","#3e5752"
"Ardosia Slate","MP15901","#7b8c89"
"Army Cot Green","MP809","#545341"
"Aston Martin Green","MP14461","#2e4c46"
"Bahia Mar Green","MP14690","#b7b592"
"Balsamico","MP16140","#4b5b52"
"Bay Laurel","MP15287","#7e7d5f"
"Baytown Green","MP22112","#4d594f"
"Beaufort Seaspray","MP14544","#4a9385"
"Beryl","MP439","#79debf"
"Big River","MP14694","#879484"
"Bitter Lime","MP1509","#d3d463"
"Black On Green","MP15686","#3c4737"
"Bleu Mer","MP16233","#335056"
"Blue Grass","MP13463","#6daa96"
"Brae Loch Green","MP10833","#3b5553"
"Brazil Emerald","MP3275","#2a7165"
"British Railways Green","MP16333","#316948"
"Bronx Zoo Green","MP16081","#38453a"
"Camo Green","MP14460","#4b5f41"
"Cape Breton Green","MP14167","#415c5f"
"Catalan Forest","MP16141","#434b44"
"Cavern Pool","MP4952","#007067"
"Cedar Bough","MP9000","#3f5e46"
"Cedar Sap","MP500","#92881a"
"Chalkos Green","MP11406","#899e8c"
"Chartreuse Liqueur","MP1510","#cbcc5b"
"Christchurch Teal","MP14335","#006f6b"
"Chrysocolla Green","MP14935","#294842"
"Citronella","MP491","#b9c660"
"Cladonia Green","MP13461","#536d68"
"Clintonite Green","MP14762","#bdbc80"
"Cloud Forest","MP14301","#455f50"
"Clubhouse Canvas","MP14743","#72795f"
"Colorado Spruce","MP5168","#325e5f"
"Copper Sulphate","MP11625","#778b7a"
"Cornus Green","MP11816","#395855"
"Craneville Green","MP13067","#386668"
"Crayon Green","MP11399","#9ab946"
"Crock Pot Green","MP812","#a9a171"
"Cuprous Green","MP13471","#bde6d3"
"Curacao Green","MP13543","#1e8159"
"Cushion Moss","MP11006","#abad99"
"Cypress Green","MP11171","#a9a38c"
"Dabbler Teal","MP13397","#405658"
"Dark Forest Green","MP10641","#393d2b"
"Deep Forest","MP10381","#334732"
"Delaware Teal","MP15790","#495b5a"
"Depth Of Green","MP12435","#273421"
"Desert Palm","MP1625","#867f2e"
"Desperse Green","MP15726","#4d5a52"
"Dominican Green","MP13539","#208d5c"
"Donegal Green","MP14092","#277e55"
"Dufflebag Green","MP795","#636436"
"Earl Green","MP14164","#737a64"
"Emerald Sea","MP1669","#128a69"
"Erin Isle","MP1675","#56b884"
"Erte Teal","MP14684","#21a499"
"Extra Virgin","MP479","#686c34"
"Farmleigh Green","MP11360","#4e7148"
"Field O Green","MP10454","#216146"
"Finnegan Green","MP13496","#5b7869"
"Finnish Fir","MP13420","#577970"
"Fitzgerald","MP11688","#61a592"
"Floresta Green","MP13404","#455c52"
"Forest","MP6369","#4e7258"
"Forest Green","MP10455","#38533c"
"Foret Parc Green","MP22118","#527048"
"Fraser Fir","MP15540","#4b6665"
"Freshfields","MP11532","#64735d"
"Gabon Green","MP10493","#1d432d"
"Gaeta Olive","MP15718","#464a47"
"Galway Green","MP10503","#22644d"
"Gamut Green","MP13013","#4f6c60"
"Garment Green","MP4535","#315f5a"
"Garrison","MP12734","#555246"
"Garrone Green","MP15380","#4b6361"
"Gecko Green","MP469","#519c4b"
"Givenchy Green","MP2987","#246f5c"
"Glade Green","MP10141","#29614d"
"Glasgow Green","MP14007","#516442"
"Gold Lichen","MP11447","#b3ae5d"
"Golden Green","MP9010","#958f59"
"Golden Sage","MP15787","#747f72"
"Goose Bay Green","MP16005","#4a5f4f"
"Gordal Olive","MP16211","#5f6350"
"Gordo Avocado","MP12511","#8f8c76"
"Great Falls","MP11228","#467877"
"Green Cheer","MP1542","#bae18d"
"Green Cove","MP15460","#475e5c"
"Green Door","MP11742","#3b5254"
"Green Felt","MP5096","#325656"
"Green Frog","MP2782","#446953"
"Green Gate","MP10818","#3d4a3e"
"Green Ghost","MP9009","#a9b28b"
"Green Goddess","MP421","#00a58c"
"Green Herb","MP56","#87984b"
"Green Hornet","MP1538","#5d9055"
"Green Khaki","MP9141","#8f8545"
"Green Lantern","MP14746","#5e7d4b"
"Green Mix","MP15669","#708678"
"Green Ore","MP1086","#8d7b41"
"Green Palace","MP15584","#435350"
"Green Party","MP13540","#30865c"
"Green Phase","MP14885","#0d9d89"
"Green Plaza","MP13485","#b6cfc1"
"Green Racer","MP10245","#6b8b3c"
"Green Ribbon","MP39","#387c57"
"Green River","MP12260","#a29666"
"Green Sauce With Lemon","MP497","#ccdf52"
"Green Shade","MP13544","#819f93"
"Green Spirit","MP1507","#f1ec78"
"Green Tarp","MP12414","#66644b"
"Green Tent","MP12341","#898b6d"
"Green Trolley","MP15904","#375649"
"Green Vireo","MP13552","#278d56"
"Green Waders","MP13531","#779459"
"Greenfoam","MP13831","#91b6aa"
"Greenhorn","MP9900","#b3cc9a"
"Greenie Greenie","MP482","#b0d471"
"Greenstone","MP493","#8f8638"
"Greenward","MP448","#159c6d"
"Greenway","MP15739","#39605f"
"Grenbleu","MP15254","#396b6e"
"Grigio Rock","MP14471","#657874"
"Grunen Green","MP13317","#d7d639"
"Guatemala Green","MP16231","#316467"
"Haas Green","MP816","#716c30"
"Haworthia Green","MP14681","#648886"
"Hawthorne Leaf Green","MP12719","#8aa18d"
"Herb Blend","MP16122","#49826b"
"Herbivore","MP13216","#74735f"
"Highlands Green","MP7522","#56927f"
"Hogsmeade Green","MP14334","#3a605b"
"Horta Green","MP14551","#3c524c"
"Howie Green","MP1515","#9da348"
"IBM Dark Green","MP14835","#46504f"
"Ionian Sea","MP418","#81d6c0"
"Irish Pub Green","MP10322","#3e896f"
"Island Cay","MP2706","#62beab"
"Jamaica Me Happy","MP419","#62c7b1"
"Jewelweed Leaf","MP15714","#3e5a58"
"Kalamata","MP486","#696a1a"
"Kenai Teal","MP14212","#3e5758"
"Kennicott Patina","MP14282","#8faa96"
"Kentdale Slate","MP16223","#5d746d"
"Kilkenny Mist","MP445","#a9eed3"
"Kilt Green","MP13508","#3d4f3c"
"Lambeau Green","MP11126","#375a43"
"Laser Lime","MP11856","#77a948"
"Lavagna Green","MP16327","#678788"
"Leaf Scent","MP1505","#f2e9bc"
"Lemon Pudding","MP494","#eaeb6c"
"Lexington Green","MP14954","#668b81"
"Lime Fizz","MP818","#a1a947"
"Lime Lollipop","MP468","#8ac363"
"Lime Mist","MP1522","#dbe99f"
"Lime Peel","MP12444","#66673f"
"Lime Sorbet","MP1523","#cee090"
"Limeade","MP488","#d5e456"
"Limette","MP1514","#aab446"
"Limonada","MP9570","#6db66e"
"Limonlima","MP483","#8abb42"
"Limony Froth","MP9003","#92c68b"
"Long Green","MP14936","#3f5b4c"
"Los Cabos Teal","MP14688","#008479"
"Luxor Green","MP13056","#374c37"
"Main Street","MP12259","#91997d"
"Mansion Green","MP15181","#375148"
"Manzanillo Green","MP14424","#365d44"
"Marinated Olive","MP15975","#6b6d50"
"Maritaca Green","MP13402","#616a65"
"Marquee Green","MP1068","#509340"
"Mediterranean Green","MP12613","#3ebca0"
"Melon Rind","MP12574","#4f7b67"
"Mentha Green","MP13098","#64967f"
"Merrimack Green","MP14185","#445652"
"Milky Turquoise","MP425","#7acdb9"
"Mint Mist","MP397","#bde2d4"
"Minton Green","MP21205","#009675"
"Mossy Pine","MP7250","#576a62"
"Motorcycle Green","MP14975","#386249"
"Mount Of Olive","MP803","#646739"
"Nagano Pine","MP13422","#376663"
"Natures Green","MP20008","#4d6e47"
"Nephrite Jade","MP13542","#007366"
"New Brunswick Green","MP11261","#51706d"
"New Fern Green","MP440","#28c09f"
"New Racing Green","MP13437","#404f3c"
"New Zealand Forest","MP6183","#5f776e"
"Nick Green Slime","MP13551","#79ad52"
"Nicolet Forest","MP14961","#41543c"
"Nijo Castle Stone","MP15212","#5f797b"
"Noir Green","MP22129","#525941"
"Noreaster Green","MP14788","#415f5e"
"Nori Green","MP14770","#5c5646"
"Northland Copse","MP15671","#537163"
"Old San Juan Jade","MP426","#44bba5"
"Olea Green","MP15356","#575848"
"Olimbos Green","MP11083","#847661"
"Olivaceous","MP9910","#76765e"
"Olivary","MP11007","#635328"
"Olive Flower","MP492","#97983d"
"Olive Whip","MP805","#a9ab80"
"Ophios Green","MP15184","#638943"
"Oxygreen","MP13494","#699b80"
"Pale Citron","MP1529","#e4f0b8"
"Palm Tint","MP5885","#97b1a2"
"Palmer House Green","MP15582","#658373"
"Palta Green","MP12636","#617559"
"Party Green","MP11618","#25703c"
"Paten Green","MP13274","#89a18b"
"Peel Green","MP1508","#eae071"
"Pepperoncini","MP513","#9c8f3e"
"Perfect Gem","MP11709","#3bbfa6"
"Pickled Pepper","MP825","#9c935a"
"Pine Bluff","MP14819","#5c6655"
"Pine Frost","MP5140","#56857b"
"Pinesap","MP11101","#545c53"
"Pineweed","MP14084","#526a43"
"Pino Verde","MP15379","#465555"
"Pinyon Green","MP13392","#45604e"
"Piscine Green","MP5508","#1a6663"
"Play-Doh Green","MP13525","#7bad48"
"Playground Green","MP820","#e1e563"
"Plaza Verde","MP454","#5fc08f"
"Prince Edward Green","MP15916","#3e625f"
"Pyromorphite Green","MP11809","#5f8d77"
"Quetzal Teal","MP14221","#008278"
"Rock Island Green","MP22384","#1a7b60"
"Salvia Divinorum","MP14530","#c9d9c1"
"San Diego Green","MP11953","#565e50"
"Sea Teal","MP1694","#a4e0d2"
"Seerstone","MP824","#817a35"
"Serrano Green","MP15336","#3c764b"
"Seton Green","MP10577","#366854"
"Seventies Avocado Stove","MP804","#878666"
"Sharp Green","MP1532","#9ec562"
"Shocking Green","MP1543","#9ed675"
"Sligo Green","MP13512","#4f665b"
"Sourgrass","MP505","#c5bf3d"
"Spicy Green","MP15565","#6d9d60"
"Spruce Pine","MP13106","#849578"
"St. Barts Bay","MP14521","#00837a"
"St. Lawrence Green","MP13548","#91a99c"
"Statue Bronze","MP823","#635341"
"Subtlest Green","MP432","#ccfbe6"
"Sulfurous Green","MP811","#8c8a4c"
"Sumatra Forest","MP429","#00866e"
"Summer","MP5931","#a4cab0"
"Summer Lawn","MP11859","#347151"
"Sunlit Glade","MP1662","#9fd7a3"
"Swamp Cypress","MP14744","#7d7f49"
"Sweet Olive","MP11959","#e7db9f"
"Sycamore Stand","MP12698","#8e968a"
"Tackle Box Green","MP15953","#4a6446"
"Talcstone","MP14647","#8ba9a6"
"Taos Turquoise","MP2862","#4c8682"
"Tarn Water","MP4787","#66948b"
"Tartan Green","MP10800","#424e4d"
"Teal Feather","MP2882","#2c6767"
"Teal Glaze","MP14472","#366c6b"
"Teal Pallas","MP14903","#405f60"
"Teal We Meet Again","MP15752","#277063"
"Telluride Teal","MP15738","#3d605e"
"Tempera Teal","MP16090","#417c75"
"Terrapin Teal","MP12136","#395a5b"
"Thunderbird Teal","MP10498","#5d9e9a"
"Thyme and Place","MP16007","#778f79"
"Tin Soldier Green","MP14769","#444934"
"Tobago Teal","MP13399","#266d6c"
"Toned Down Teal","MP10535","#69817c"
"Treasury Green","MP12635","#597966"
"Tsavorite Green","MP13434","#3e5454"
"Tucuman Parrot Green","MP14748","#56824d"
"Turquoise Lament","MP428","#00947b"
"Turquoise Necklace","MP14831","#569d95"
"Turquoise Tortoise","MP15741","#3c6b64"
"Tuscan Hill Green","MP933","#96894b"
"Tuscan Olive","MP12457","#6e694b"
"Tutu Teal","MP13489","#2f6161"
"Twilight Forest","MP10416","#566460"
"Ulster Green","MP14187","#466252"
"Ural Forest","MP14963","#4b5b52"
"Urban Forest","MP11372","#4f5a4f"
"Veratrum","MP506","#bbb33d"
"Verde Bosco","MP16317","#495b52"
"Vert","MP498","#b2b34b"
"Vientiane Green","MP14151","#639492"
"Villandry Gardens","MP15614","#576552"
"Viva Verde","MP461","#8bd6a9"
"Walworth Green","MP13549","#525742"
"Warrior Green","MP12120","#686958"
"Wealthy Green","MP14796","#32514b"
"Wild Olive","MP1603","#91793d"
"Wisp O Green","MP459","#a9dbb2"
"Woodland Moss Green","MP9896","#6a7260"
"Woodland Night","MP4503","#405453"
"Zirconia Teal","MP14689","#2b7878"
"Battleship","MP6388","#a8a5a2"
"Bison Gray","MP5765","#626062"
"Causeway Stone","MP14128","#bbb5b4"
"Compass","MP15661","#837d78"
"Concrete Block","MP10268","#898481"
"Cosmopolitan Grey","MP11464","#959293"
"Coy Grey","MP3066","#b0aba1"
"Dapple Gray","MP6681","#a5a1a3"
"Dark Slate","MP10269","#515558"
"Deep River","MP7102","#5e5c5b"
"Drake","MP5732","#867f75"
"Drum Hill Gray","MP8747","#979495"
"Fogbank","MP12534","#9e9892"
"Galena Grey","MP557","#b5b6ac"
"Garbo Silver","MP2650","#f2f1e9"
"Gentle Gray","MP7596","#c2c3c3"
"Gibraltar Cliffs","MP7194","#979792"
"Gloomy Gray","MP10124","#76706e"
"Gray Bunny","MP8036","#c6c4ba"
"Gray Ledge","MP8521","#676768"
"Gray Matter","MP9648","#8b8784"
"Grayjay","MP14176","#999085"
"Graymore","MP11163","#676567"
"Graynola","MP13795","#6c6765"
"Grays Anatomy","MP14141","#6e6a6a"
"Grays Lake","MP13901","#7c787b"
"Graytint","MP7273","#f1f1eb"
"Grey Fog","MP3340","#b7b3ab"
"Grey Haven","MP544","#aba8a4"
"Grey Mare","MP5252","#888783"
"Grey Siding","MP11292","#928983"
"Greybeard","MP7538","#b1aeab"
"Greyshank","MP13914","#83827f"
"Inerte Grey","MP3849","#756f6a"
"Institute Gray","MP2048","#888884"
"Iron Age","MP8029","#6f6b68"
"Just Grey","MP10158","#958f8c"
"Kitty Gray","MP7567","#716f6e"
"Lead Pipe","MP10206","#7a7573"
"Legi Slate","MP2249","#6b7983"
"Lignite","MP561","#61605f"
"Low Level Cloud","MP11317","#bebdba"
"Metalshop Grey","MP3730","#686868"
"Metro Gray","MP7425","#cecac0"
"Modeling Clay","MP10277","#8a8176"
"Moscow Mule","MP12386","#949188"
"Mudstone","MP547","#605e5f"
"Neptunian Grey","MP13915","#6a6869"
"Neutral Grey","MP5295","#9c9690"
"Neutro Grey","MP3076","#9a9a98"
"Old Town","MP5341","#848583"
"Pahoehoe Gray","MP11316","#727072"
"Patagonia Glacier","MP7430","#cbc9ba"
"Pennsylvania Bluestone","MP14054","#838185"
"Portland Cement","MP543","#c4c2bd"
"Quebec Blue","MP12217","#6a686b"
"Shaker Gray","MP7054","#7e7d7e"
"Shipyard Grey","MP12416","#6a6866"
"Silverback","MP8361","#9a9692"
"Smoked Pearl","MP5044","#6b696b"
"Steel Wool","MP4761","#767775"
"Stonington Gray","MP7897","#c9c6c0"
"Stormy Sky","MP7026","#726d6a"
"Timber Wolf","MP7024","#9e9996"
"Tower Gray","MP2916","#737172"
"Toyota Light Grey","MP11938","#aaa598"
"Traffic Grey","MP2225","#80817f"
"Vanadium Grey","MP11490","#6a6a67"
"Vanderbilt Gray","MP6668","#959290"
"Zone Grey","MP14170","#817d7b"
"Aquateen","MP3379","#c6dfda"
"Ashley Blue","MP2897","#c0ccdc"
"Baby Girl","MP1495","#f3c4b7"
"Beach Haven","MP7502","#fdedb8"
"Bikini Blue","MP7491","#abd7d4"
"Blue Marlin","MP6494","#d1dce2"
"Bluepoint","MP3244","#ade7e9"
"Casual Blue","MP3252","#d1dee2"
"Cold Stone Cream","MP1451","#f9d692"
"Creamy Cucumber","MP1549","#f2fde4"
"Dawn Sun","MP1201","#ff8c7a"
"Dermatone","MP7957","#e5c2b8"
"Fleet White","MP3408","#ebebea"
"Frosted Mint","MP1661","#dbf9d7"
"Golden Lab","MP7380","#f6d992"
"Green Dream","MP9535","#65bdad"
"Heather Plum","MP7785","#b69bba"
"Lilac Grey","MP8456","#c7bfbf"
"Lime Ice","MP11958","#e6d99d"
"Little Toot","MP8835","#f7cc86"
"Marry Me","MP7489","#f2d0b5"
"Miami Teal","MP7381","#6ec2b0"
"Miami Waters","MP12202","#c3e7dd"
"Monet Lavender","MP12533","#c3b2bb"
"Mosaic Glass","MP11759","#d9d7b7"
"Nephrite","MP10103","#88cfb5"
"Old Copper Roof","MP3397","#93bfb4"
"Palomino Mane","MP3573","#f9e8b4"
"Pastille Blue","MP12322","#adc5d6"
"Peach Smoothie","MP12409","#f2b281"
"Peach Treat","MP187","#f5c29a"
"Peach Veil","MP6944","#f9d9b0"
"Peach Whisper","MP1220","#f8d4b6"
"Peachy Pink","MP181","#ffa173"
"Persian Melon","MP1203","#f4b99f"
"Pueblo Rose","MP8803","#efac78"
"Quiet Refuge","MP12204","#909fc6"
"Sedum Green","MP5742","#b6e7da"
"Sheer Natural","MP10551","#ffebd4"
"Shy Pink","MP660","#f2c9ba"
"Sky Pilot","MP11249","#7dbec1"
"Spiderwort","MP11712","#a293a7"
"Still Life Beige","MP1025","#f8d1a2"
"Tangled Up In Blue","MP8334","#d2e5e9"
"Tangy Glo","MP1226","#f1a874"
"Toasted Tan","MP6847","#f0c0a5"
"Violet Mist","MP7663","#e6ced8"
"Violet Water","MP7499","#e0d0d5"
"Wilted Lilac","MP5874","#b1a3af"
"Zen Blue","MP11896","#bec6e4"
"Copper Prl over Hot Oro","MP23469-23560","#be9584"
"Copper Prl over Scarlet Letter","MP23467-23560","#ac4d46"
"Copper Prl over Victoria Green","MP23464-23560","#6d6a64"
"Crimson Prl over Black","MP23591-23351","#7b475b"
"Crimson Prl over Eagle Feather","MP23466-23551","#dee5d5"
"Crimson Prl over Hot Oro","MP23469-23551","#c5afa9"
"Crimson Prl over Hot Plata","MP23468-23551","#b8b9ba"
"Crimson Prl over Scarlet Letter","MP23467-23551","#b45865"
"Crimson Prl over Victoria Green","MP23464-23554","#81afb4"
"Eagle Feather Basecoat","MP23466","#d5d8ce"
"Frost White Prl over Black","MP23591-23558","#676e72"
"Frost White Prl over Eagle Feather","MP23466-23558","#e6efd6"
"Frost White Prl over Hot Plata","MP23468-23558","#bfc1c1"
"Frost White Prl over Scarlet Letter","MP23467-23558","#af777e"
"Gold Dust Prl over Eagle Feather","MP23466-23554","#eae6cc"
"Gold Dust Prl over Hot Oro","MP23469-23554","#c0aa93"
"Gold Dust Prl over Hot Plata","MP23468-23554","#bfb8aa"
"Gold Dust Prl over Victoria Green","MP23464-23554","#7a927b"
"Hot Oro Basecoat","MP23469","#c0b0a7"
"Hot Plata Basecoat","MP23468","#bfc1c1"
"Opal Blue Prl over Black","MP23591-23552","#3a6d8e"
"Opal Blue Prl over Eagle Feather","MP23466-23552","#e6e6d6"
"Opal Blue Prl over Hot Oro","MP23469-23552","#beb3ba"
"Opal Blue Prl over Hot Plata","MP23468-23552","#a9b2b8"
"Opal Blue Prl over Scarlet Letter","MP23467-23552","#af648b"
"Opal Blue Prl over Victoria Green","MP23464-23552","#2d8ca5"
"Russet Prl over Black","MP23591-23559","#69213a"
"Russet Prl over Victoria Green","MP2346423559","#6e7a73"
"Scarlet Letter Basecoat","MP23467","#b12941"
"Victoria Green Basecoat","MP23464","#11797b"
"Anasazi Red Met.","MP25307","#6d3e49"
"Arapaho Red Met.","MP22341","#b1364b"
"Blush Wine Met.","MP22298","#b04469"
"Brick Red Met.","MP22351","#a06a60"
"Bronce Red Met.","MP22340","#68283d"
"Bronze Red Met.","MP22346","#a0514f"
"Browntone Met.","MP25296","#965638"
"Carmine Met.","MP34988","#581a35"
"Cereza Red Met.","MP22311","#a7364b"
"Cherry Red Met.","MP22287","#af4c65"
"Ciliegia Red Met.","MP22289","#c6709e"
"Clay Red Met.","MP22348","#9c213c"
"Concord Grape Met.","MP22306","#58173a"
"Cote de Nuits Met.","MP46760","#521633"
"Cuivre Red Met.","MP22353","#aa6a60"
"Deep Rust Red Met.","MP22309","#6b213e"
"Faded Copper Met.","MP25281","#c89b8c"
"Fortuna Red Met.","MP25336","#c24576"
"Frosty Grape Met.","MP22360","#bb8f93"
"Frosty Lavender Met.","MP22363","#d3afb1"
"Frosty Ruby Met.","MP22359","#ce5d8e"
"Frosty Rust Met.","MP22358","#b89288"
"Frosty Wine Met.","MP22362","#c79b95"
"Heady Pink Met.","MP25338","#c2456d"
"Light Iris Met.","MP22305","#a7718e"
"Light Woodrose Met.","MP22361","#e5a9a5"
"Marin Red Met.","MP25314","#5e1a39"
"Merlot Red Met.","MP22303","#62183f"
"Mirtillo Red Met.","MP22295","#cb87aa"
"Myst Pink Met.","MP25341","#b96492"
"New Bronze Met.","MP47934","#ab654e"
"Orchidea Red Met.","MP22296","#d298b2"
"Pima Red Met.","MP22342","#ae2b00"
"Porpora Red Met.","MP22307","#691844"
"Porto Red Met.","MP22294","#5b1737"
"Rame Red Met.","MP22350","#663540"
"Raspberry Met.","MP19759","#bc506a"
"Red Canyon Met.","MP47251","#5f1b36"
"Red Creek Met.","MP25295","#ac5c45"
"Reserva Red Met.","MP22310","#a7363f"
"Rosetaupe Met.","MP22695","#dfc3b3"
"Roso Red Met.","MP25321","#713349"
"Rosy Glow Met.","MP46109","#bda899"
"Sangiovese Red Met.","MP44249","#6e1c43"
"Sunset Bronze Met.","MP21609","#995647"
"Sweet Pink Met.","MP25340","#bf7c9f"
"Uva Red Met.","MP25344","#672042"
"Violeta Met.","MP23308","#b378a3"
"Alizarine Red","MP11124","#c8323c"
"Amerhyst","MP8822","#926276"
"Amontillado","MP14731","#59173a"
"Apricot Glaze","MP1222","#f1ac8a"
"April Love","MP8900","#f2aaac"
"Aranciata Orange","MP1229","#ea743c"
"Arizona Rose","MP1007","#d49c92"
"Autumn Oak Leaf","MP177","#c35941"
"Barbera Red","MP11531","#7c0315"
"Bardolino Vino","MP12767","#5d0010"
"Barolo","MP16105","#5d0010"
"Beetroot","MP4766","#662d44"
"Berry Berry","MP876","#862c57"
"Berry Frappe","MP233","#aa2241"
"Black Princes Ruby","MP14833","#b40032"
"Blazing Dark","MP11718","#bf3851"
"Blazon Red","MP16091","#870000"
"Boticelli","MP4897","#a80263"
"Bouquet","MP8856","#a57086"
"Brick Pink","MP1006","#e5b3a8"
"Burgundy Bash","MP3646","#8c0000"
"Butte Force Tan","MP2728","#d39a82"
"Campbells Soup Red","MP10252","#b93b3e"
"Candystriper","MP9270","#dc5a5a"
"Canyon Coral","MP4349","#e48b5d"
"Caribbean Sunset","MP7424","#ca96ac"
"Carmolito","MP8698","#b45144"
"Carnegie Brick","MP4417","#a54c43"
"Cartoon Fleshtone","MP1011","#f9d2c8"
"Celosia Bloom","MP9244","#c36c4b"
"Charade Pink","MP1740","#e78d8e"
"Chili Powder","MP6290","#c35445"
"Chinese Pagoda","MP6893","#d8414e"
"Chinese Red","MP10843","#f04e40"
"Cinco De Mayo","MP7350","#c86b6c"
"Claret Jug","MP10658","#7e2642"
"Colonial Red","MP15967","#752332"
"Combine Red","MP15351","#c31427"
"Conch Shell","MP10588","#e8af8e"
"Copa Coral","MP9214","#e28e6b"
"Coral Necklace","MP859","#e27676"
"Cordoba Red","MP671","#813d48"
"Country Redwood","MP7693","#9a4643"
"Crabapple","MP5094","#e88768"
"Cranberry","MP273","#c4076e"
"Dark Tatar Red","MP14402","#823d3f"
"Davies Crest Red","MP1126","#800000"
"Deep Cerise","MP4870","#d44c62"
"Deep Russet","MP5462","#af5641"
"Deepwater Coral","MP216","#e36c6c"
"Dollar General Red","MP11387","#d23746"
"Egyptian Rust","MP4574","#c8644c"
"Elderberry Wine","MP14062","#9a3748"
"Ember Red","MP4631","#aa5153"
"Engine Orange","MP8528","#e4693d"
"Enzo Red","MP8514","#c3001e"
"Equestrian Purple","MP14720","#b16595"
"Escarlate","MP860","#da5d63"
"Esprit Red","MP10256","#b92223"
"Essence Of Mauve","MP688","#dcc4be"
"Fan Coral","MP7268","#ea8566"
"Fashion Pink","MP12665","#c53e56"
"Fiesta Red","MP10338","#cd221e"
"Fire Coral","MP8096","#ba635c"
"Firebreathing Red","MP15026","#fb0000"
"Flash Red","MP12019","#b22223"
"Flexi-Flyer Red","MP8937","#b43b40"
"Floribunda Red","MP25001","#c53e56"
"Ford Tractor Red","MP12009","#800000"
"Foxborough Brick","MP9252","#c86b5a"
"French Magenta","MP11237","#b62e75"
"Fuschia Red","MP5122","#bd066a"
"Giana Zinfandel","MP11798","#6b2b42"
"Goji Berry","MP13183","#9e075a"
"Grapejuice","MP878","#781a4b"
"Grapesicle","MP3382","#caa0af"
"Gravely Tractor Red","MP10844","#cd2222"
"Gryffindor Red","MP10254","#cd373c"
"Habanero Pepper","MP7163","#dd5952"
"Hint Of Copper","MP13310","#e58a62"
"Hotrod Red","MP10224","#b22222"
"Japonica","MP1741","#df7376"
"Jupiter Glow","MP7237","#da6a52"
"Kiwano Orange","MP12601","#e65732"
"Kubota Orange","MP1049","#eb603f"
"Kurdistan","MP10894","#9a535f"
"Lift Truck Orange","MP176","#de6b3d"
"Lip Gloss","MP11851","#cf5d63"
"Lorens Lip Gloss","MP9299","#d32d6b"
"Lucky Red","MP16043","#b40000"
"Machine Orange","MP855","#dc663b"
"Magenta Magic","MP870","#b42241"
"Magenta Sigh","MP285","#bd2d7f"
"Marsala Pansauce","MP15262","#863c59"
"Massey-Ferguson Red","MP14801","#be0032"
"Matchbox Car Orange","MP190","#ed6d35"
"Maui Coral","MP8744","#dc656d"
"Mauvetone","MP999","#d5aaaa"
"Mehndi Red","MP12429","#a62e18"
"Melancholy Mauve","MP5180","#8b555f"
"Melody","MP1223","#ef9e6d"
"Mesa Red","MP3366","#c07870"
"Meso Red","MP11850","#ec8e73"
"Midnight Sun","MP12876","#e37449"
"Mineral Hill","MP11661","#d99b78"
"Minium Red","MP7856","#c86b51"
"Moline Orange","MP170","#e06d36"
"Motherwort Pink","MP993","#c89ba1"
"Mountain Majesty","MP4649","#925d66"
"Murex Purple","MP3563","#884b77"
"Native Copper","MP8843","#b1574f"
"Oenophile","MP274","#a8055f"
"Orange County","MP7869","#d07a5a"
"Orange Cowry","MP13189","#cf6034"
"Orange Ember","MP205","#d74b37"
"Orange Nature","MP10429","#c35f3c"
"Orange Revolution","MP4589","#e86e46"
"Orange Rose","MP9230","#db7146"
"Orange Supreme","MP1224","#ff7d4f"
"Orange Tang","MP197","#eb6037"
"Orchid Bouquet","MP5136","#c4a1af"
"Orchis Purple","MP12477","#7a1a4a"
"Pairie Rose","MP3415","#c4215d"
"Pale Peony","MP289","#dfbecb"
"Palermo Purple","MP292","#a9598b"
"Pandora","MP8860","#e1524c"
"Pansy","MP5015","#7d5283"
"Passion Fruit","MP10908","#e17659"
"Pepsi Red","MP12565","#d70000"
"Pesca Peach","MP1225","#f1ac7f"
"Piglet Pink","MP214","#ed9aa0"
"Pinata","MP7332","#f05241"
"Pink Corsage","MP7245","#d04b81"
"Pink Panther","MP89","#e8888a"
"Pink Perfection","MP228","#f2aaa4"
"Pink Pompey","MP5718","#e47257"
"Pinking","MP865","#f5bcb8"
"Pinkish","MP244","#e17277"
"Plastic Pumpkin","MP853","#f47d34"
"Plum Crazy","MP4400","#8d5467"
"Plum Kuchen","MP4998","#6f4360"
"Plumb Line","MP5491","#c88f96"
"Polly Purple","MP9375","#a26c91"
"Porky Pink","MP249","#f1a9a6"
"Powerful Pink","MP988","#d94b91"
"Prague Streetsign Red","MP15025","#c8221e"
"Pressed Rose Pink","MP14440","#c9947f"
"Prestone Pink","MP16322","#d95489"
"Pretty In Pink","MP221","#f4b9ae"
"Princess Purple","MP291","#b972a7"
"Process Magenta U","MP12654","#cd4c66"
"Pulga Puce","MP13360","#b37a81"
"Purple Gallinule","MP14722","#875b8c"
"Purple Robe","MP875","#b52d7e"
"Purpleleaf Sandcherry","MP9360","#aa739d"
"Purplestone","MP11309","#8b5d7d"
"Ramjet Red","MP15194","#d6323c"
"Rapid Red","MP8131","#cd4137"
"Raspberry Wine","MP13969","#7a404e"
"Red Butte","MP10540","#bf6365"
"Red Camaro","MP10241","#d6323c"
"Red Car Line","MP15775","#ae0027"
"Red Desert","MP10327","#cb6f4e"
"Red Dragon","MP15024","#cd0000"
"Red Ferrari","MP15394","#b9221e"
"Red Ocher","MP5083","#a02813"
"Red Rage","MP15195","#be2222"
"Redbone","MP13362","#a54d49"
"Redcliff","MP6569","#a24d49"
"Rhodamine Red C","MP1090","#ee4d9b"
"Ripasso Red","MP13353","#8c2d30"
"Rosa","MP5957","#e0ae96"
"Rosa Moschata","MP13361","#dc8c97"
"Rosalita","MP11158","#e47251"
"Rose Essence","MP15170","#c64966"
"Rose Petal","MP225","#da4646"
"Roseate Spoonbill","MP5041","#cd066a"
"Rosie Ogrady","MP15762","#bc7a85"
"Rossinni Red","MP226","#b91427"
"Ruby Dee","MP14926","#ba0662"
"Ruby Laser","MP3543","#cd0000"
"Santa Ana Red","MP4705","#af584c"
"Scarlata","MP12602","#cd221e"
"Scarlet Flower","MP14776","#c72b53"
"Sedona Red","MP7100","#a95750"
"September Sun","MP15348","#d25048"
"Sequoia","MP3122","#762f30"
"Serene","MP6362","#bd6162"
"Singed Orange","MP9215","#e67359"
"Smoked Paprika","MP15389","#ae4e50"
"Sonoma Shiraz","MP8303","#5f183b"
"Southern Clay","MP192","#c35941"
"Spanish Red","MP7298","#b34f4a"
"Split Second Red","MP11936","#930000"
"Talavera Tile","MP3395","#b95644"
"Tawny Port","MP7276","#9a4246"
"Texas Scarlet","MP15430","#c31e1e"
"Tomato Spice","MP4534","#af3c3a"
"Town &amp; Country Red","MP15793","#781c1f"
"Tucson Red","MP7792","#af554f"
"Tyrian Purple","MP9382","#926597"
"Umbria Red","MP7505","#be3232"
"Velvet Rose","MP10747","#a04854"
"Violet Fantasy","MP694","#bc9aab"
"Violet Femmes","MP9369","#a0639b"
"Violet Fog","MP686","#bc92a2"
"Violet Lace","MP295","#c9adb9"
"Violet Vamp","MP296","#daafd2"
"Violet Wash","MP984","#e8c1c6"
"Warm Red U","MP9250","#e86457"
"Watermelon Gelato","MP10113","#bd6162"
"Wine Sauce","MP16068","#9d5255"
"Winetint","MP255","#863f4d"
"Yaqui Trail","MP5052","#c88d73"
"Yours Truly","MP7221","#fbddd2"
"Zinfandel","MP13827","#963c55"
"Airstream Sparkle Met.","MP19891","#a7a397"
"Amalgam Grey Met.","MP46699","#87817b"
"Basalt Met.","MP31147","#8d877f"
"Bessemer Grey Met.","MP23626","#797777"
"Black Hole Met.","MP19952","#3b4145"
"Blue Slate Met.","MP19970","#606062"
"BMW Sterling Grey Met.","MP54998","#7e7a75"
"Boron Grey Met.","MP52215","#837e79"
"Bright Silver Met.","MP18094","#bdbaae"
"Brightray Silver Met.","MP18082","#d2cdbe"
"Cast Steel Met.","MP18146","#888783"
"Cessna Black Met.","MP19925","#3b3f41"