"Blast-Off Blue","blast-off-blue","#4c6393"
"Celestial Blue","celestial-blue","#3697ae"
"Cosmic Orange","cosmic-orange","#ff8c40"
"Eclipse Black","eclipse-black","#3f3831"
"Fireball Fuchsia","fireball-fuchsia","#ff3c9c"
"Galaxy Gold","galaxy-gold","#ffac00"
"Gamma Green","gamma-green","#3c9e56"
"Gravity Grape","gravity-grape","#8a6c9e"
"Lift-Off Lemon","lift-off-lemon","#fffa3c"
"Lunar Blue","lunar-blue","#64b9bc"
"Martian Green","martian-green","#98de5a"
"Orbit Orange","orbit-orange","#f86129"
"Outrageous Orchid","outrageous-orchid","#d573af"
"Planetary Purple","planetary-purple","#b9719e"
"Re-Entry Red","re-entry-red","#db3b4a"
"Plasma Pink","plasma-pink","#ff567c"
"Pulsar Pink","pulsar-pink","#ff80a4"
"Rocket Red","rocket-red","#ff5e63"
"Solar Yellow","solar-yellow","#ffd000"
"Sunburst Yellow","sunburst-yellow","#ffd000"
"Terra Green","terra-green","#bdd832"
"Terrestrial Teal","terrestrial-teal","#27a89a"
"Venus Violet","venus-violet","#867bc6"
"Vulcan Green","vulcan-green","#bce844"
"Natural Felt","natural-felt","#e9eac2"
"Aged Felt","aged-felt","#ecdda4"
"Ancient Gold Felt","ancient-gold-felt","#fcf195"
"Sand Felt","sand-felt","#efdcaa"
"Shell Felt","shell-felt","#fde0dc"
"Blue Felt","blue-felt","#d8f0e6"
"Celadon Felt","celadon-felt","#e8fec4"
"Gray Felt","gray-felt","#e8f4d8"
"Natural Felt","natural-felt","#e9eac2"
"Aged Felt","aged-felt","#ecdda4"
"Ancient Gold Felt","ancient-gold-felt","#fcf195"
"Sand Felt","sand-felt","#efdcaa"
"Shell Felt","shell-felt","#fde0dc"
"Blue Felt","blue-felt","#d8f0e6"
"Celadon Felt","celadon-felt","#e8fec4"
"Gray Felt","gray-felt","#e8f4d8"
"Neenah Baronial Ivory","baronial-ivory","#fffac2"
"Neenah Classic Cream","classic-cream","#ffeeb8"
"Neenah Saw Grass","saw-grass","#e1d6ac"
"Neenah Earthstone","earthstone","#f4e9da"
"Neenah Millstone","millstone","#fffac2"
"Neenah Windsor Blue","windsor-blue","#d6e8f7"
"Neenah Antique Gray","antique-gray","#f1ede2"
"Neenah Potomac","potomac","#f0f0f2"
"Neenah Cool Gray","cool-gray","#c5cad4"
"Neenah Cadet Gray","cadet-gray","#839bb0"
"Neenah Pewter","pewter","#7e8082"
"Neenah Charcoal","charcoal","#5c5a5e"
"Neenah Chambray","chambray","#1f64b2"
"Neenah Cobalt","cobalt","#0021ff"
"Neenah Patriot Blue","patriot-blue","#00294d"
"Neenah Aubergiene","aubergiene","#150425"
"Neenah Canyon Brown","canyon-brown","#220f00"
"Neenah Military","military","#2d3c16"
"Neenah Epic Black","epic-black","#000000"
"Neenah Imperial Red","imperial-red","#dd0700"
"Neenah Red Pepper","red-pepper","#cb2127"
"Neenah Cadet Gray","cadet-gray","#839bb0"
"Neenah Charcoal","charcoal","#5c5a5e"
"Neenah Patriot Blue","patriot-blue","#00294d"
"Neenah Epic Black","epic-black","#000000"
"Neenah Red Pepper","red-pepper","#cb2127"
"Neenah Baronial Ivory","baronial-ivory","#fffac2"
"Neenah Antique Gray","antique-gray","#f1ede2"
"Neenah Cool Gray","cool-gray","#c5cad4"
"Neenah Cadet Gray","cadet-gray","#839bb0"
"Neenah Pewter","pewter","#7e8082"
"Neenah Charcoal","charcoal","#5c5a5e"
"Neenah Patriot Blue","patriot-blue","#00294d"
"Neenah Military","military","#2d3c16"
"Neenah Epic Black","epic-black","#000000"
"Neenah Baronial Ivory","baronial-ivory","#fffac2"
"Neenah Monterey Sand","monterey-sand","#f5edcf"
"Neenah Gold Pearl","gold-pearl","#f0e484"
"Neenah Graystone","graystone","#b9c5ca"
"Neenah Haviland Blue","haviland-blue","#dbf7ff"
"Neenah Antique Gray","antique-gray","#f1ede2"
"Neenah Cool Gray","cool-gray","#c5cad4"
"Neenah Cadet Gray","cadet-gray","#839bb0"
"Neenah Pewter","pewter","#7e8082"
"Neenah Charcoal","charcoal","#5c5a5e"
"Neenah Chambray","chambray","#1f64b2"
"Neenah Patriot Blue","patriot-blue","#00294d"
"Neenah Red Pepper","red-pepper","#cb2127"
"Neenah Burgundy","burgundy","#73002e"
"Neenah Aubergiene","aubergiene","#150425"
"Neenah Military","military","#2d3c16"
"Neenah Epic Black","epic-black","#000000"
"Neenah Antique Gray","antique-gray","#f1ede2"
"Neenah Cool Gray","cool-gray","#c5cad4"
"Neenah Cadet Gray","cadet-gray","#839bb0"
"Neenah Pewter","pewter","#7e8082"
"Neenah Charcoal","charcoal","#5c5a5e"
"Neenah Cobalt","cobalt","#0021ff"
"Neenah Patriot Blue","patriot-blue","#00294d"
"Neenah Military","military","#2d3c16"
"Neenah Epic Black","epic-black","#000000"
"Neenah Imperial Red","imperial-red","#dd0700"
"Neenah Antique Gray","antique-gray","#f1ede2"
"Neenah Cool Gray","cool-gray","#c5cad4"
"Neenah Cadet Gray","cadet-gray","#839bb0"
"Neenah Pewter","pewter","#7e8082"
"Neenah Charcoal","charcoal","#5c5a5e"
"Neenah Chambray","chambray","#1f64b2"
"Neenah Patriot Blue","patriot-blue","#00294d"
"Neenah Military","military","#2d3c16"
"Neenah Epic Black","epic-black","#000000"
"Neenah Canyon Brown","canyon-brown","#220f00"
"Neenah Ivory","ivory","#f7f7db"
"Neenah Blue","blue","#e0f0f7"
"Neenah Ecru","ecru","#f7f7db"
"Neenah Moonstone Grey","moonstone-grey","#dbe0db"
"Neenah Azure Blue","azure-blue","#e3f0f7"
"Brown Umber","brown-umber","#74521d"
"Graphite","graphite","#414546"
"Neenah Moonrock","moonrock","#fcfcfc"
"Neenah Birch","birch","#f5f7ed"
"Neenah Tortilla","tortilla","#faf7f2"
"Neenah Weathered","weathered","#a9c5b7"
"Neenah Stone","stone","#d7d5c8"
"Neenah Desert Storm","desert-storm","#d1cca6"
"Neenah Husk","husk","#c89e70"
"Neenah Honeycomb","honeycomb","#c5ae31"
"Neenah Grocer Kraft","grocer-kraft","#816140"
"Neenah Concrete","concrete","#9ba183"
"Neenah Wrought Iron","wrought-iron","#56524e"
"Arancio","arancio","#ff6418"
"Black ","black-","#181103"
"Cardinale","cardinale","#cc092f"
"Espresso","espresso","#461e00"
"Pearl Cocoa","pearl-cocoa","#ccbf9f"
"Pearl Crystal","pearl-crystal","#e5edf3"
"Pearl Latte","pearl-latte","#eee7d0"
"Pearl Opal","pearl-opal","#aeb8c2"
"Pearl Silver","pearl-silver","#c1c3c0"
"Sapphire","sapphire","#1e3559"
"Verde","verde","#63b245"
"Bright Aqua","bright-aqua","#6dffb8"
"Bright Blue","bright-blue","#61ffe2"
"Bright Gold","bright-gold","#ffa029"
"Bright Green","bright-green","#c6ff43"
"Bright Magenta","bright-magenta","#ff4bb6"
"Bright Orange","bright-orange","#ff8959"
"Bright Pine","bright-pine","#4afb53"
"Bright Pink","bright-pink","#ff7ce5"
"Bright Purple","bright-purple","#b57dff"
"Bright Red","bright-red","#ff52a8"
"Bright Tangerine","bright-tangerine","#ff6b60"
"Bright Yellow","bright-yellow","#f8ff3d"
"Neenah Lively Ivory","lively-ivory","#fffad1"
"Neenah Sky Blue","sky-blue","#e6fafa"
"Neenah Star Sapphire Gray","star-sapphire-gray","#f2f5e5"
"Neenah Moonstone Blue","moonstone-blue","#f2f2ed"
"Black ","black-","#181103"
"Blue Chip","blue-chip","#111b2e"
"Bronzed","bronzed","#66512a"
"Burned","burned","#430600"
"Cream","cream","#fff7d6"
"Path","path","#c1b592"
"Peace","peace","#bfb9aa"
"Profit","profit","#454228"
"Smoked","smoked","#433b30"
"Wealth","wealth","#858379"
"Black ","black-","#070000"
"Blue","blue","#150725"
"Bordeux","bordeux","#8b1c20"
"Brown","brown","#1d0001"
"Graphite","graphite","#1c2323"
"Orange","orange","#ff6418"
"Purple","purple","#4c294c"
"Red","red","#d6083b"
"Royal Blue","royal-blue","#0046ad"
"Eclipse Black Felt","eclipse-black-felt","#060808"
"Birch Fiber","birch-fiber","#f6f7f1"
"Cottonwood Fiber","cottonwood-fiber","#f8f7f1"
"Balsa Fiber","balsa-fiber","#f9ebb1"
"Driftwood Fiber","driftwood-fiber","#dccfa8"
"Kraft Fiber","kraft-fiber","#ae8d58"
"Sunflower Fiber","sunflower-fiber","#edbb26"
"Stone Fiber","stone-fiber","#4f593b"
"Natural Fiber","natural-fiber","#fffcea"
"Cream Fiber","cream-fiber","#faf6b7"
"Gray Fiber","gray-fiber","#e3f2dc"
"Rose Fiber","rose-fiber","#f7e4ed"
"Ice Blue Fiber","ice-blue-fiber","#d7f5e8"
"Thyme Fiber","thyme-fiber","#e2f2a0"
"Periwinkle Fiber","periwinkle-fiber","#b3c7ed"
"Natural Smooth","natural-smooth","#faf7eb"
"Eclipse Black Smooth","eclipse-black-smooth","#060808"
"Ivory Linen","ivory-linen","#f3f4ba"
"Emerald Green Linen","emerald-green-linen","#0c3e17"
"Natural Linen","natural-linen","#faf7eb"
"Gray Linen","gray-linen","#dde3d4"
"Burgundy Linen","burgundy-linen","#5d083f"
"Midnight Blue Linen","midnight-blue-linen","#072053"
"Eclipse Black Linen","eclipse-black-linen","#060808"
"Natural Laid","natural-laid","#fffbec"
"Ivory Laid","ivory-laid","#f8f7dd"
"Gray Laid","gray-laid","#e6e8db"
"Eclipse Black Laid","eclipse-black-laid","#060808"
"Blackguard","mp33759","#232220"
"Blackstone","mp33348","#1f1e1c"
"Draconia","mp40821","#192021"
"Ebony King","mp30914","#141f1f"
"Onyx","mp31846","#1b1513"
"Twilight Zone","mp33260","#161614"
"Vine Charcoal","mp42359","#1e2223"
"Wells Fargo Black","mp26309","#081111"
"Amethyst Met.","mp22022","#624ba0"
"Andromeda Blue Met.","mp22028","#00354b"
"Aquateal met.","mp21999","#488386"
"Aubertite Blue Met.","mp27145","#86b7b3"
"Aura Blue Met.","mp25401","#004e66"
"Bally Blue Met.","mp41755","#3b4f8e"
"Black N Blue Met.","mp22005","#130e29"
"Blackberry Met.","mp22021","#1c1027"
"Blue Abyss Met.","mp22008","#131834"
"Blue Jade Met.","mp22004","#63a6ae"
"Breyer Blue Met.","mp19843","#00526d"
"Brina Blue Met.","mp22085","#c7cbd0"
"Cabochon Blue Met.","mp28161","#003e55"
"Carib Blue Met.","mp25405","#004157"
"Celestine Blue Met.","mp32683","#91b7c2"
"Cenere Blue Met.","mp22031","#4b516c"
"Chakra Blue Met.","mp25373","#273974"
"Champenoise Blue Met.","mp22088","#a4b0b1"
"China Blue Met.","mp22029","#00425a"
"Cuda Plum Met.","mp22023","#9b8bdb"
"Cygnus Blue Met.","mp22030","#06283d"
"Dark Matter Blue Met.","mp22027","#012c3e"
"Dark Sea Green Met.","mp26867","#538d91"
"Deepwater Blue Met.","mp21997","#003f52"
"Electric Blue Met.","mp21994","#005b79"
"Emerald Teal Met.","mp25406","#004053"
"Faerie Blue Met.","mp18124","#a0bdd2"
"Floe Blue Met.","mp25362","#aeacbe"
"Gelee Blue Met.","mp22078","#a29faf"
"Glacon Blue Met.","mp22090","#95adb1"
"Groovy Blue Met.","mp26171","#473485"
"Humo Blue Met.","mp27858","#6c87b9"
"Indigo Blue Met.","mp21992","#052c49"
"Lauderdale Blue Met.","mp25398","#308a94"
"Lavender Blue Met.","mp22010","#7f7d8d"
"Legend Blue Met.","mp22001","#003b4f"
"Marine Blue Met.","mp21993","#004661"
"Med. Gulf Blue Met.","mp34865","#004862"
"Midnite Blue Met.","mp21989","#0c243e"
"Mysteria Blue Met.","mp23002","#9992a7"
"Newport Blue Met.","mp21990","#004f6a"
"Pacific Blue Met.","mp22000","#5f9497"
"Panama Blue Met.","mp22003","#125d73"
"Passione Blue Met.","mp26181","#704a98"
"Pastello Blue Met.","mp22087","#849697"
"Pharaohs Blue Met.","mp23003","#a896eb"
"Phlox Blue Met.","mp22026","#8a7b90"
"Regal Blue Met.","mp22009","#56699b"
"Romanov Blue Met.","mp17314","#15183c"
"Royal Robe Met.","mp22024","#0e193c"
"Silver Blue Met.","mp23839","#8e96a2"
"Sleek Blue Met.","mp27188","#66afaf"
"Smooth Teal Met.","mp23561","#5d8d85"
"Tahiti Blue Met.","mp21991","#266986"
"Tetra Blue Met.","mp22007","#647eb9"
"Trillium Blue Met.","mp22025","#6f4ba9"
"Ultra Blue Met.","mp22006","#43518f"
"Violetta Frost Met.","mp22083","#c7b8c4"
"Violette Blue Met.","mp25353","#c3b4c2"
"Alhambra Mosaic Blue","mp11430","#464e8c"
"Alpine Sky Blue","mp357","#8cc0d5"
"Ameritech Blue","mp2171","#283e77"
"Amsterdam Blue","mp959","#5b6e89"
"Amulet Blue","mp2643","#5b6890"
"Anas Teal","mp12026","#006081"
"Anil Blue","mp4526","#1d1a44"
"Antwerp Blue","mp3362","#6b6a74"
"Aquagris","mp3559","#6b898c"
"Aquarious Blue","mp1063","#0084b6"
"Aquavert","mp2370","#006d95"
"Arles In Blue","mp6163","#4d6c7f"
"Asgard Wall","mp5480","#6c6a7c"
"Auckland Azure","mp8975","#7cbac9"
"Azulado","mp906","#1e1a42"
"Azureno","mp3427","#96a5d8"
"Azurine","mp970","#d5d2e7"
"Baby Boy Blue","mp344","#a3bbdb"
"Babylon Blue","mp5037","#5b4d65"
"Baffin Blue","mp8972","#aecfd4"
"Balinese Atoll","mp946","#00709b"
"Bambino Blue","mp7797","#a5bfd2"
"Bayville Blue","mp7965","#7facb0"
"Beale Street Blues","mp13702","#303759"
"Beethoven Blue","mp2356","#7385a1"
"Belize Blue","mp359","#27588b"
"Bering Straits Sky","mp955","#c6cfd8"
"Berries","mp5783","#a8c3c9"
"Blue Abyss","mp2103","#1d1a44"
"Blue And Grey","mp4510","#797b89"
"Blue Bangle","mp14188","#2e4672"
"Blue Bike","mp11976","#272362"
"Blue Bottom","mp4105","#004f6f"
"Blue Brigantine","mp4518","#41576b"
"Blue Chic","mp5878","#c0ccd5"
"Blue Collar","mp9460","#455c84"
"Blue Dandy","mp4348","#356b92"
"Blue Eyed Mary","mp7292","#7e7e90"
"Blue Fang","mp3341","#93939b"
"Blue Flag","mp1992","#446b91"
"Blue Frit","mp11988","#5f6585"
"Blue Funk","mp2098","#374f75"
"Blue Glass","mp340","#2c0060"
"Blue Hawaii","mp13728","#00618f"
"Blue Lead","mp6059","#5e6881"
"Blue Lightening","mp2625","#4875a2"
"Blue Nose","mp7455","#7993b3"
"Blue On Violet","mp9130","#37327d"
"Blue Period","mp4520","#4f6f8b"
"Blue Polo","mp14112","#37324e"
"Blue Ribbon","mp5080","#140043"
"Blue Specter","mp6984","#98bfc9"
"Blue Truth","mp5488","#4c7286"
"Blue Valley","mp8065","#667490"
"Blue Veil","mp7922","#ebede5"
"Blue Wonder","mp9971","#3a415b"
"Blues News","mp5040","#00668d"
"Blurple Haze","mp721","#938f9e"
"Bobby Blue","mp1816","#73c2cf"
"Brewster Blue","mp6785","#bebdd3"
"Brezo Blue","mp2844","#6c6290"
"Brindisi Blue","mp4832","#37547e"
"Brittany Blue","mp2641","#2e6972"
"Bushmans Bluey","mp9963","#38728a"
"Calm Blue","mp894","#bac3eb"
"Camille Blue","mp2896","#50a5c9"
"Candy Blue","mp4435","#626389"
"Captain Blue","mp5149","#507189"
"Castaway Blue","mp6783","#74aec7"
"Celeste","mp6855","#ddf4f5"
"Cerulean","mp7837","#aed6d8"
"Ceylon Sapphire","mp8426","#25467c"
"Ciel Bleu","mp4721","#49a1bc"
"Cloister","mp11713","#005a78"
"Coal Blue","mp11611","#5a6d87"
"Commelina Blue","mp67","#b7d4d8"
"Cook Islands Blue","mp2110","#2d3d6f"
"Copenhagen","mp2514","#56a3b4"
"Copenhagen Blue","mp958","#87a1b3"
"Cornwall Blue","mp965","#7084a9"
"Countrified Blue","mp2965","#9abed0"
"Cruiseliner Blue","mp8072","#1e0d4f"
"Cuernavaca Blue","mp2169","#1e185c"
"Cypress Bayou","mp5517","#437a87"
"Czech Flag Blue","mp2306","#312c4f"
"Daisy Blue","mp5753","#8ab1c6"
"Dansk Blue","mp3758","#3e425e"
"Dark Colonial Blue","mp75","#1b3056"
"Debonair","mp1731","#b0d2d5"
"Deepsea Spray","mp745","#c3ced3"
"Diner Door Blue","mp973","#5c76af"
"Diplomat","mp5694","#5f6173"
"Djibouti Flag Blue","mp10273","#375079"
"Dream I Can Fly","mp7932","#30a3bc"
"Dun Blue","mp9468","#466271"
"Faience Blue","mp5576","#8aa9c9"
"Far Nebula","mp6135","#3c3e58"
"Fiord Blue","mp5659","#49828c"
"Fordson Blue","mp12106","#00577b"
"Franco Blue","mp11183","#3c5475"
"Frescoe Sky","mp7694","#63749b"
"Gray Dawn","mp5010","#b3b7c6"
"Grecian Blue","mp5157","#073165"
"Greyblue","mp723","#c2bec0"
"Guantanamo Teal","mp375","#00597d"
"Hardees New Blue","mp4036","#004d73"
"Highway Blue","mp10180","#004d6e"
"Hong Kong Blue","mp4900","#32749b"
"Ice Cave Blue","mp886","#dcd8ef"
"Ice Palace","mp949","#97d4d9"
"Iceberg Blue","mp349","#bce1f4"
"Im So Blue","mp341","#1c0043"
"Impulse","mp10147","#39456d"
"In The Twilight","mp7081","#797884"
"Indanthrone Blue","mp10261","#0f1e5f"
"Indian Teal","mp12446","#4b5570"
"Indiglo","mp3597","#383e5d"
"Inkspot","mp11285","#1e0043"
"Innsbruck Blue","mp4979","#294160"
"Into The Blue","mp8064","#1d7c96"
"Jacque Blue","mp6198","#90b0bd"
"Jade Blue","mp3571","#2b616c"
"Jaded Blue","mp742","#649ca8"
"Jet Stream","mp7490","#c1d0e0"
"Jumping Juniper","mp8705","#729897"
"Labatt Blue","mp2750","#465178"
"Laid Back Blue","mp969","#ced7e4"
"Lake Placid","mp2392","#7ecbce"
"Lapp Lake","mp8066","#4d7c98"
"Las Palmas Blue","mp2783","#3b545c"
"Lazy Sunday","mp7529","#617a9b"
"Light Sky","mp1715","#bde1db"
"Macaw Blue","mp64","#2e4b91"
"Meridian Blue","mp7895","#3498a3"
"Mid Blue","mp10452","#33518f"
"Midnight Blue","mp2320","#4b3b5b"
"Midnight In Nome","mp8069","#506677"
"Ming Vase","mp6161","#004b69"
"Miramar","mp12682","#c0e7eb"
"Mojave Aster","mp3342","#4b6887"
"Monserrat Blue","mp17","#005b81"
"Mozart Blue","mp7031","#5d7985"
"Nantucket","mp6175","#5f5f85"
"Napoleon Blue","mp2598","#394577"
"Navajo Turquoise","mp10230","#207893"
"New Borns Eyes","mp7880","#b0c4d6"
"Night Mission","mp6678","#3b3850"
"North Sea Blue","mp8201","#004869"
"Ocho Rios Blue","mp3547","#2a5594"
"Oh So Blue","mp13999","#2f4f99"
"Oldham Blue","mp11818","#59777d"
"Paddington Blue","mp7327","#466baa"
"Pale Delphinium","mp893","#dde7ff"
"Pasha Blue","mp10596","#62546d"
"Pastel Smalt Blue","mp11589","#a7b7ec"
"Pastoral Blue","mp6046","#44668b"
"Patrician Blue","mp12008","#486a80"
"Peter O Teal","mp8339","#295b67"
"Plumage","mp6126","#005a7c"
"Process Cyan U","mp9133","#0088c5"
"Puget Sound Blue","mp11584","#194982"
"Purple Orchid","mp12013","#4e1461"
"Purple Print","mp2112","#785186"
"Queens Wreath","mp7461","#857f8e"
"Reflex Blue C 2X","mp1060","#201a44"
"Regalia Blue","mp2758","#181e53"
"Rendezvous Bay","mp7279","#57959c"
"River Teal Blue","mp741","#2a5962"
"Road House Blues","mp11862","#004f6e"
"Roman Bath Blue","mp950","#78cbd7"
"Rotterdam Blue","mp13704","#3e5d73"
"Royal Purple","mp2016","#4e1469"
"Sailboat Blue","mp2160","#1652a6"
"Santa Clara","mp7336","#60acb5"
"Scuro Blue","mp5264","#596e91"
"Sea Reflections","mp7030","#71909c"
"Skylight","mp2983","#dce5e4"
"Soda Can Blue","mp13912","#007cb3"
"South China Sea","mp10505","#43455c"
"St. Louis Blues","mp6186","#327473"
"St. Maarten Blue","mp356","#d1f8f5"
"Staid Blue","mp962","#d2d5dc"
"Starshine Blue","mp6062","#d9e1e4"
"Steamboat Blue","mp25133","#1f0d4f"
"Teal Edge","mp6679","#2e6972"
"Teal Plastic","mp11829","#608e94"
"Thalassa","mp8713","#62b8c0"
"Tintoretto Blue","mp8973","#374463"
"Tonal Blue","mp10359","#1f6e94"
"Toray Blue","mp13750","#28396a"
"Touch Of Dutch","mp10098","#747a8d"
"Tralee Blue","mp4654","#4b688f"
"Tres Blue","mp14019","#152c69"
"Van Deusen Blue","mp7440","#536575"
"Vans Blue Money","mp13740","#16143d"
"Vanuatu Blue","mp11703","#005779"
"Venetian Tile Blue","mp943","#8dcccf"
"Very Blue","mp10259","#313558"
"Victory Navy Blue","mp1989","#3c3254"
"Vienna Lake","mp4840","#9bccd4"
"Vinca Blue","mp13836","#8c92c5"
"Violet Kohl","mp11225","#7e767b"
"VW Bug Blue","mp907","#8ec7d9"
"Waloon Blue","mp2774","#6f86a2"
"Whitewashed Blue","mp948","#b7dfde"
"Wilmington Spruce","mp7535","#43949d"
"Working Blue","mp9431","#4e2d7d"
"Yin Yang","mp7477","#777d96"
"Alcazar Brown","mp11569","#855c4e"
"Alton Brown","mp2250","#533f42"
"Anodized Black","mp13338","#4c2f30"
"Antler","mp6720","#b79882"
"Arabica Bean","mp2833","#7d583e"
"Baked Cumin","mp7646","#b69667"
"Bear Creek","mp7050","#836452"
"Beaver Creek","mp6666","#978067"
"Beige Frame","mp12813","#bda890"
"Beigewood","mp7621","#9b8067"
"Bellaire Brown","mp12808","#391e1f"
"Brogan Brown","mp11559","#8a553c"
"Brown Bear","mp555","#4e3232"
"Brown Betty","mp158","#784d2f"
"Brown Bomber","mp13306","#6e3820"
"Brown County","mp4991","#956f54"
"Brown Ebony","mp13799","#55322e"
"Brown Shoe","mp1077","#5f4141"
"Brownian Motion","mp13377","#83675e"
"Camino","mp6390","#b4a290"
"Capilano Bridge","mp10441","#c1a47e"
"Cast Bronze","mp7458","#5a3d3d"
"Cattail Brown","mp2808","#8b6044"
"Chocolat Noir","mp13335","#5a3d3d"
"Chocolate Bliss","mp10161","#73544c"
"Chocolate Thunder","mp11705","#471600"
"Choconut","mp554","#564141"
"Chukker Brown","mp12860","#b39a7e"
"Clay Ball","mp11949","#aa9784"
"Clay Beige","mp12385","#ab9784"
"Cocoa Crispy","mp857","#5d2e27"
"Craft Brown","mp3181","#9f7f69"
"Dark Horse","mp11194","#442929"
"Dark Roast","mp12213","#442929"
"Dopplebock","mp3364","#431906"
"Doric Brown","mp4418","#503434"
"Fudge Brownie","mp6063","#4f2414"
"Grey Gelding","mp3337","#9c7f59"
"Greytan","mp11315","#cfc4b1"
"James Brown","mp13200","#814830"
"Madrone","mp5239","#975b42"
"Mahogany Leather","mp655","#643624"
"Malva Mauve","mp12994","#774633"
"Mocha Latte","mp9189","#af845a"
"Modena Mud","mp607","#8e614a"
"Nutella","mp8137","#6c3b1e"
"Obsidian","mp4836","#4c2f30"
"Orso Brown","mp2804","#563225"
"Plantation Brown","mp2779","#886251"
"Pumpernickle","mp6179","#7d6461"
"Raw Brown","mp608","#9f684b"
"Rich Brown","mp10217","#42190d"
"Ruddock Brown","mp13262","#877363"
"SIS Brown","mp12184","#612c16"
"Smoked Hickory","mp6031","#9d7a61"
"Spanish Moss","mp3078","#705b3e"
"Spiced Brown","mp6645","#6a3a28"
"Stonebark","mp14148","#806452"
"Tantara","mp12567","#c6ac87"
"Teddy Bear","mp6952","#a9815e"
"Terminal Tan","mp4427","#a57d62"
"Town Brown","mp2949","#b09168"
"Unbriel","mp11721","#774b26"
"Unicor Brown","mp12718","#6e5657"
"Valrhona Cocoa","mp5132","#6d4a3e"
"Yearling","mp3265","#ae906c"
"Alabaster Met.","mp20086","#b9b199"
"Alpha Bronze Met.","mp20146","#ac9c7c"
"Ancient Bronze Met.","mp20308","#766566"
"Anodized Aluminum Met.","mp20140","#a79f8e"
"Art Deco Bronze Met.","mp20161","#836d65"
"Auguste Bronze Met.","mp20183","#766566"
"Bank Bronze Met.","mp20144","#83746f"
"Bell Metal Bronze Met.","mp20185","#857069"
"Bronze Doro Met.","mp36581","#a19a88"
"Bronze Metal Met.","mp20156","#795b42"
"Bronzeglow Met.","mp20084","#ae9a8c"
"Castell Bronze Met.","mp20157","#63452f"
"Champagne Brut Met.","mp20090","#aba18f"
"Charon Grey Met.","mp56301","#8f867d"
"Cingular Grey Met.","mp28072","#666362"
"Corinthian Bronze Met.","mp20189","#6c584f"
"Dark Bronze Met.","mp20303","#595553"
"Doric Bronze Met.","mp20307","#5a4d50"
"Duronodic 313 Met.","mp20190","#625150"
"Duronodic Bronze Met.","mp20147","#968674"
"Elston Brown Met.","mp29237","#b5a698"
"Equus Bronze Met.","mp20181","#6f595a"
"Etruscan Bronze Met.","mp20159","#957d62"
"Frosty Nickel Met.","mp20046","#b5a698"
"Grecian Bronze Met.","mp20305","#7b665d"
"Grey Taupe Met.","mp30835","#a19887"
"Gris Bronze Met","mp54906","#afa590"
"Gustave Grey Met.","mp51681","#7a736e"
"Hermes Bronze Met.","mp20160","#624d4e"
"Ivory Met.","mp20062","#baac9e"
"Leaded Bronze Met.","mp20149","#af9e89"
"Light Taupe Met.","mp20060","#c9bfa7"
"Marrone Met.","mp28919","#d0c2ac"
"Minoan Bronze Met.","mp20191","#7c665c"
"Mist Grey Met.","mp20044","#b6af9c"
"Misty Heather Met.","mp20031","#b3a29d"
"Mt. Sinai Bronze","mp11663","#a39783"
"Nouveau Bronze Met.","mp20162","#80655c"
"Old Gold Met.","mp20138","#b09a80"
"Pale Bronze Met.","mp27916","#b7b0a2"
"Patinated Bronze Met.","mp20306","#312222"
"Pearl Silver Met.","mp20082","#c7bda3"
"Pewter Tankard Met.","mp20087","#a19192"
"Phosphor Bronze Met.","mp20304","#6a554d"
"Platinum Met.","mp20083","#c1b7aa"
"Pumice Met.","mp20037","#bbb2aa"
"Remington Bronze Met.","mp20153","#653c2d"
"Russell Bronze Met.","mp20182","#7b6566"
"Sandalwood Met.","mp20051","#c8b99b"
"Shadow Bronze Met.","mp20148","#9f8e7a"
"Sparkle Bronze Met.","mp20184","#7b665f"
"Statuary Bronze Met.","mp20158","#85655c"
"Taunton Taupe Met.","mp20145","#c6b79d"
"Touch Of Taupe Met.","mp20088","#aea58e"
"Warm Gray Met.","mp20186","#93897e"
"Weathered Bronze Met.","mp20155","#775b4a"
"Yuma Tan Met.","mp20085","#b2a796"
"American Blue","mp28073","#005886"
"Amethyst Violet","mp25542","#693e82"
"Anodic Black","mp41335sp","#25161d"
"Apricot","mp29496","#ee9a70"
"Aztec Copper","mp46402sp","#c6694b"
"Aztec Gold","mp46401sp","#d99c52"
"Baby Blue Metallic","mp45612","#8e9cc2"
"Balsam Green Metallic","mp27540","#005f4b"
"Bayou Blue","mp25771","#387472"
"Bicycle Blue","mp25808","#355284"
"Blue Smoke","mp56851","#798fa1"
"Bluest Blue","mp55697","#0d3765"
"Bluetooth","mp55795","#373552"
"Bone White","mp25833","#f9efd1"
"Bright Orange","mp23906","#e67215"
"Brilliant Gold","mp46400sp","#f0dbaa"
"Brushed Aluminum","mp41342sp","#bbbbbf"
"Burgundy Maroon","mp42215sp","#64052b"
"Burgundy Metallic","mp19757","#79413f"
"Cabot Trail","mp12257","#9c877c"
"Canterbury Cream","mp25900","#fce5b6"
"Capri Blue","mp42219sp","#001e6d"
"Cerise Lipstick","mp26452","#b11e60"
"Champagne Grey Metallic","mp16771","#a59e8e"
"Chartreuse Yellow","mp25026","#f1d655"
"Cicada Grey","mp25836","#95a195"
"Citron Glace","mp29545","#f9e160"
"Citrus Yellow","mp10211","#f8c300"
"Clay Basket Brown","mp25839","#8f786e"
"Cool Gray","mp55840","#b7b1a3"
"Copper","mp46253sp","#ad5e4a"
"Coral","mp29214","#ff825e"
"Country Club Green","mp24502","#2e8268"
"Country Red","mp23446","#703231"
"Crimson Red","mp23966","#db2925"
"Dark Bronze","mp41313sp","#5a504c"
"Deep Green","mp24510","#004546"
"Deep Purple","mp25550","#551a4d"
"Durango Grey","mp25849","#979182"
"Electrical Blue","mp24100","#4183ba"
"Federal Green","mp42259sp","#006923"
"Fern Green Metallic","mp30043","#62b973"
"Fiesta Orange","mp29633","#e9811a"
"Fire Red","mp24069","#da251d"
"Fire Weed Red","mp23647","#9d5849"
"Forest Green","mp55690","#1a6755"
"Gloss Black","mpsoa929sp","#1f1a17"
"Gloss Hi-Hide White","mp6422sp","#fbfdf9"
"Graceful Grape","mp25867","#956e8a"
"Granny Smith","mp28434","#8cb452"
"Grape Jello","mp29705","#6a1b4e"
"Green Jewel","mp25066","#468a5e"
"Hapsburg Blue Metallic","mp24661","#00537d"
"Jonquil Yellow","mp29464","#fcd600"
"Kryptonite Green","mp25899","#419547"
"Lake George","mp43348","#d3d8d8"
"Lily Morada","mp25854","#7e7694"
"Mardi Gras Teal","mp24340","#4ca2a8"
"Marina Blue","mp29320","#375688"
"Mediterranean Sky","mp20498","#c3cdd5"
"Medium Bronze","mp41312sp","#88705a"
"Mexicali Red","mp42214sp","#9c213d"
"Moonlit Pond","mp55396","#004447"
"Moss Green Metallic","mp42868","#a7b0a4"
"Mustard","mp28153","#e1aa00"
"Napa Merlot","mp29732","#772347"
"Navel Orange","mp29653","#eb811b"
"North Sea Blue","mp23708","#686e7e"
"Old Copper","mp41314sp","#684d3c"
"Old Orchid Metallic","mp21843","#7e416b"
"Orange County","mp56966","#ea4d24"
"Orange Flare","mp28239","#e35f13"
"Pale Bronze Metallic","mp41279","#958775"
"Pastel Orange","mp26406","#ffb15a"
"Peach Blossom","mp58094","#d37463"
"Persimmon","mp58765","#c2382a"
"Prickly Pear","mp56060","#575b0f"
"Proseco Blue Steel","mp48108sp","#807f87"
"Proseco Brass Alloy","mp48103sp","#b0a692"
"Proseco Bronze Hint","mp48105sp","#b39e93"
"Proseco Gold Standard","mp48101sp","#aba296"
"Proseco Golden Glow","mp48107sp","#afa28d"
"Proseco Polished Pewter","mp48104sp-","#999087"
"Proseco Silver Rose","mp48102sp","#b6ada3"
"Rally Red","mp24846","#be2446"
"Raspberry Metallic","mp19759","#8b2348"
"Rich Brown","mp10217","#4a2b22"
"Rose Magenta","mp25248","#872650"
"Rose Quartz Metallic","mp47128","#c6a99e"
"Royal Blue Metallic","mp50184","#072946"
"Royal Purple","mp25956","#4a4267"
"Salmon","mp25616","#f2ae99"
"Savannah Clay","mp22823","#c18a73"
"Scandinavian Blue","mp30493","#5e5793"
"Scarlet Red","mp42212sp","#be2241"
"Schoolbus Yellow","mp55149","#e9a400"
"Sea Green","mp58098","#4db187"
"Signal Jet Black","mp41306sp","#2c2825"
"Silver Surfer Metallic","mp33172","#c0c1c3"
"Smoke Screen","mp34412","#a5a8a4"
"Snowflake","mp55685","#fcf8e2"
"Spring Green","mp26749","#689850"
"Staid Gray Metallic","mp32195","#666568"
"Stormy Blue","mp25837","#003b4f"
"Sundance Yellow","mp42218sp","#f7bc00"
"Sunrise Silver Metallic","mp55753","#dbd2b8"
"Taco Bell Violet 2","mp25834","#471f55"
"Tangerine","mp26434","#de411a"
"Taos Sand Beige","mp25829","#eacb98"
"Tropic Turquoise","mp29439","#71b8a8"
"Tucson Gold","mp46258sp","#d2a24a"
"Umbra Grey Metallic","mp28448","#8a8584"
"Very Violet","mp25502","#886ba2"
"Yellow Corn","mp28240","#f9b800"
"Yellow Petal","mp25890","#f1e459"
"Adonis Bronze Met.","mp41031","#77685d"
"Airain Bronze Met.","mp21939","#9b6451"
"Anchor Bronze Met.","mp46305","#77574f"
"Antique Bronze Mica","mp40689","#9b7e6a"
"Auric Copper Met.","mp43017","#a36941"
"Bank 1 Plaza Bronze Met.","mp45523","#7c604a"
"Beaten Bronze Met.","mp43777","#6b3929"
"Black Bronze Met.","mp41690","#3d2c29"
"Blended Bronze Met.","mp47127","#a08b72"
"Brazed Bronze Met.","mp46540","#644d49"
"Briny Bronze Met.","mp45031","#9c8c72"
"Bullet Bronze Met.","mp38641","#a3635c"
"Cabo Bronze Met.","mp38076","#823e3c"
"Chemic Bronze Met.","mp25647","#604c44"
"Choco Bronze Met.","mp56334","#533334"
"Cinnamon Copper Met.","mp41376","#884b43"
"Classic Copper Met.","mp15838","#a26a45"
"Classy Copper Met.","mp47606","#b77f58"
"Cobre Copper Met.","mp46534","#a26a41"
"Copper Alloy Met.","mp48868","#a26e4a"
"Copper Lining Met.","mp46066","#9d5936"
"Crescent Copper Met.","mp47875","#aa6549"
"Eave Copper Met.","mp48656","#ab6545"
"Ebon Bronze Met.","mp18439","#643d2d"
"Greenward Bronze Met.","mp42607","#967962"
"Hammered Copper Met.","mp21956","#ae5a44"
"Leonardo Bronze Met.","mp49025","#9b745c"
"Light Copper Met.","mp21958","#c28254"
"Mere Bronze Met.","mp41416","#665251"
"Minos Bronze Met.","mp41887","#554f48"
"Neo Bronze Met.","mp52048","#716961"
"Olden Copper Met.","mp43770","#a16a48"
"Rich Copper Met.","mp21957","#c07b56"
"Roman Gold Met.","mp27546","#d79e73"
"Rosso Gold Met.","mp21940","#a06a4d"
"Rosy Copper Met.","mp40684","#ba846e"
"Rouge Gold Met.","mp21941","#bd805e"
"Scott Bronze Met.","mp40366","#604c44"
"Soft Copper Met.","mp40495","#be8c75"
"Temple Bronze Met.","mp46765","#998b85"
"Touch O Bronze Met.","mp41254","#c9b69f"
"Warm Copper Met.","mp52234","#b97254"
"Barbary Gold Met.","mp21109","#bca370"
"Bronzegold Met.","mp23920","#815e48"
"Byzantine Gold Met.","mp21961","#cea071"
"Chestnut Gold Met.","mp48860","#8c5d48"
"Coppergold Met.","mp21248","#b7a34b"
"Cuprous Gold Met.","mp20505","#b78759"
"Desert Gold Met.","mp25466","#906442"
"Desert Sand Met.","mp20358","#a1876e"
"Dorado Gold Met.","mp20508","#b78f5f"
"Ebony Gold Met.","mp45519","#6c544a"
"Flaxen Gold Met.","mp25618","#b78759"
"Fools Gold Met.","mp21107","#c2b17c"
"Forty-Niner Gold Met.","mp20509","#c3a474"
"Fused Gold Met.","mp22827","#8f6a54"
"Ginger Gold Met.","mp44200","#96634f"
"Glazed Gold Met.","mp20561","#7c715f"
"Gold Alloy Met.","mp21111","#aa9364"
"Gold Bond Met.","mp21246","#92784c"
"Gold Chain Met.","mp21108","#bbaa71"
"Gold Dust Met.","mp28535","#c6a36f"
"Gold Foil Met.","mp20354","#bdac7d"
"Gold Metal Met.","mp38113","#c5a76c"
"Golden Brass Pearl","mp46394","#ccaf59"
"Golden Bronze Met.","mp20356","#8c7868"
"Golden Clay Met.","mp42080","#716843"
"Golden Fern Met.","mp48223","#b0a484"
"Golden Shadow Met.","mp26048","#b38c68"
"Golden Umber Met.","mp46321","#8b6852"
"Golden Vert Met.","mp35175","#a2947b"
"Guinea Gold Met.","mp21247","#a4875b"
"Heather Gold Met.","mp21110","#a38458"
"Henna Gold Met.","mp49153","#8b6852"
"Hint of Gold Pearl","mp47787","#f7eab9"
"Honeyed Gold Met.","mp25255","#ac794d"
"Inca Gold Met.","mp20503","#c4a376"
"Las Vegas Gold Met.","mp20359","#af9d77"
"Moneta Gold Met.","mp21250","#d2b680"
"Noble Gold Met.","mp20353","#b09776"
"Nutty Gold Met.","mp51325","#96634f"
"Olive Gold Met.","mp31592","#a4977a"
"Orange Gold Met.","mp21960","#bd8553"
"Pale Green Gold Met.","mp21106","#b9ae8a"
"Plaque Gold Met.","mp21962","#c29858"
"Powder Gold Met.","mp30584","#c1a577"
"Royal Gold Pearl","mp46399","#d1a152"
"Saturn Gold Met.","mp20504","#c2ac7e"
"Seared Gold Met.","mp50639","#66504a"
"Shimmer Gold Met.","mp14571","#c9ae81"
"Similoro Gold Met.","mp21249","#c89f67"
"Sonora Gold Met.","mp53227","#987c62"
"Sparkle Gold Met.","mp26659","#a3875e"
"Sungold Firemist Met.","mp18672","#bea972"
"Tawny Gold Met.","mp26264","#b38156"
"Titian Gold Met.","mp21607","#9f6f4e"
"Venerable Gold Met.","mp46490","#a28769"
"Victorian Gold Met.","mp20352","#bca27d"
"Yellow Gold Pearl","mp41844","#d0b060"
"Abruzzo Green Met.","mp33129","#9d9337"
"Andradite Green Met.","mp34941","#569069"
"Antilles Green Met.","mp29499","#4b8d7d"
"April Green Met.","mp34365","#3f6353"
"Augusta Green Met.","mp23423","#3a5a59"
"Bruni Green Met.","mp43443","#88aa2f"
"Cana Green Met.","mp23421","#4a8983"
"Cannon Green Met.","mp37553","#4b4d46"
"Carbone Green Met.","mp23416","#434523"
"Catmint Green Met.","mp23395","#699c77"
"Chilly Green Met.","mp30226","#b1c4b7"
"Classic Green Bronze Met.","mp23430","#51514b"
"Cold Sea Green Met.","mp25807","#6d847b"
"Column Green Met.","mp42232","#686748"
"Dark Olive Green Met.","mp23431","#77736d"
"Dolomite Green Met.","mp23408","#3f7162"
"Dore Green Met.","mp38477","#91a755"
"Duckweed Green Met.","mp35003","#809561"
"Ebony Green Met.","mp23415","#434532"
"Envy Green Met.","mp42233","#928a5d"
"Esmerelda Green Met.","mp23420","#143541"
"Frosty Jade Green Met.","mp23434","#b5c4c1"
"Frosty Sea Green Met.","mp23432","#a2afa3"
"Gelid Green Met.","mp27231","#93b488"
"Glinty Green Met.","mp38837","#4fa88b"
"Green Steel Met.","mp31526","#355a47"
"Green Velvet Met.","mp23406","#5ba08f"
"Guadaloupe Green Met.","mp47705","#007870"
"Ivy Green Met.","mp40749","#686d51"
"Kamchatka Green Met.","mp53254","#57715d"
"Kelp Green Met.","mp42085","#6e6f55"
"Kobold Green Met.","mp23394","#467d5d"
"Kuyaba Green Met.","mp23409","#5db29d"
"Light Nebula Green Met.","mp23433","#afbeb1"
"Light Sage Green Met.","mp23435","#afc3b8"
"Lux Green Met.","mp37552","#61825f"
"Malachite Green Met.","mp23424","#2d6a65"
"Mean Joe Green Met.","mp23405","#457161"
"Metal Olive Met.","mp23417","#818c82"
"Mint Green Met.","mp27234","#90b58d"
"Moro Green Met.","mp22694","#99b1a3"
"New Growth Green Met.","mp43440","#737b48"
"Nippy Green Met.","mp36394","#499a80"
"Olive Mist Met.","mp23891","#a9a175"
"Parsley Green Met.","mp23398","#66a588"
"Patine Green Met.","mp30395","#6cb2aa"
"Puebla Green Met.","mp42083","#86865d"
"Rally Green Met.","mp23407","#38534c"
"Romagna Green Met.","mp49209","#5d6246"
"Saturated Green Met.","mp37855","#8b8f61"
"Seasprite Green Met.","mp23436","#acc5bc"
"Selva Green Met.","mp23393","#2f5e47"
"Seven Seas Green Met.","mp23411","#3c4443"
"Soft Olive Met.","mp27564","#8d8a68"
"Steel Jade Met.","mp23413","#748f83"
"Tamarack Green Met.","mp23412","#374e4c"
"Tijeras Teal Met.","mp23422","#00022d"
"Veld Green Met.","mp38332","#3f5938"
"Vivid Teal Met.","mp51137","#03726d"
"XKE Green Met.","mp23404","#3c5b54"
"Acqua Di Mare","mp15263","#4c7d7e"
"Adirondack Green","mp14353","#466552"
"Aegean Green","mp10688","#545c46"
"Alga Green","mp817","#908e22"
"Allegreto Teal","mp15236","#446466"
"Alpine Green","mp5137","#2e5d56"
"Amana Green","mp13568","#5d6f64"
"Amazon Parrothead","mp14305","#29766f"
"Andes Emerald","mp8474","#14735c"
"Anole Green","mp13427","#5e9d48"
"Antique Bottle Green","mp16303","#335056"
"Aqua Riva","mp14879","#29928d"
"Aquarious Green","mp11560","#1e615b"
"Aran Islands Green","mp14110","#3e5752"
"Ardosia Slate","mp15901","#7b8c89"
"Army Cot Green","mp809","#545341"
"Aston Martin Green","mp14461","#2e4c46"
"Bahia Mar Green","mp14690","#b7b592"
"Balsamico","mp16140","#4b5b52"
"Bay Laurel","mp15287","#7e7d5f"
"Baytown Green","mp22112","#4d594f"
"Beaufort Seaspray","mp14544","#4a9385"
"Beryl","mp439","#79debf"
"Big River","mp14694","#879484"
"Bitter Lime","mp1509","#d3d463"
"Black On Green","mp15686","#3c4737"
"Bleu Mer","mp16233","#335056"
"Blue Grass","mp13463","#6daa96"
"Brae Loch Green","mp10833","#3b5553"
"Brazil Emerald","mp3275","#2a7165"
"British Railways Green","mp16333","#316948"
"Bronx Zoo Green","mp16081","#38453a"
"Camo Green","mp14460","#4b5f41"
"Cape Breton Green","mp14167","#415c5f"
"Catalan Forest","mp16141","#434b44"
"Cavern Pool","mp4952","#007067"
"Cedar Bough","mp9000","#3f5e46"
"Cedar Sap","mp500","#92881a"
"Chalkos Green","mp11406","#899e8c"
"Chartreuse Liqueur","mp1510","#cbcc5b"
"Christchurch Teal","mp14335","#006f6b"
"Chrysocolla Green","mp14935","#294842"
"Citronella","mp491","#b9c660"
"Cladonia Green","mp13461","#536d68"
"Clintonite Green","mp14762","#bdbc80"
"Cloud Forest","mp14301","#455f50"
"Clubhouse Canvas","mp14743","#72795f"
"Colorado Spruce","mp5168","#325e5f"
"Copper Sulphate","mp11625","#778b7a"
"Cornus Green","mp11816","#395855"
"Craneville Green","mp13067","#386668"
"Crayon Green","mp11399","#9ab946"
"Crock Pot Green","mp812","#a9a171"
"Cuprous Green","mp13471","#bde6d3"
"Curacao Green","mp13543","#1e8159"
"Cushion Moss","mp11006","#abad99"
"Cypress Green","mp11171","#a9a38c"
"Dabbler Teal","mp13397","#405658"
"Dark Forest Green","mp10641","#393d2b"
"Deep Forest","mp10381","#334732"
"Delaware Teal","mp15790","#495b5a"
"Depth Of Green","mp12435","#273421"
"Desert Palm","mp1625","#867f2e"
"Desperse Green","mp15726","#4d5a52"
"Dominican Green","mp13539","#208d5c"
"Donegal Green","mp14092","#277e55"
"Dufflebag Green","mp795","#636436"
"Earl Green","mp14164","#737a64"
"Emerald Sea","mp1669","#128a69"
"Erin Isle","mp1675","#56b884"
"Erte Teal","mp14684","#21a499"
"Extra Virgin","mp479","#686c34"
"Farmleigh Green","mp11360","#4e7148"
"Field O Green","mp10454","#216146"
"Finnegan Green","mp13496","#5b7869"
"Finnish Fir","mp13420","#577970"
"Fitzgerald","mp11688","#61a592"
"Floresta Green","mp13404","#455c52"
"Forest","mp6369","#4e7258"
"Forest Green","mp10455","#38533c"
"Foret Parc Green","mp22118","#527048"
"Fraser Fir","mp15540","#4b6665"
"Freshfields","mp11532","#64735d"
"Gabon Green","mp10493","#1d432d"
"Gaeta Olive","mp15718","#464a47"
"Galway Green","mp10503","#22644d"
"Gamut Green","mp13013","#4f6c60"
"Garment Green","mp4535","#315f5a"
"Garrison","mp12734","#555246"
"Garrone Green","mp15380","#4b6361"
"Gecko Green","mp469","#519c4b"
"Givenchy Green","mp2987","#246f5c"
"Glade Green","mp10141","#29614d"
"Glasgow Green","mp14007","#516442"
"Gold Lichen","mp11447","#b3ae5d"
"Golden Green","mp9010","#958f59"
"Golden Sage","mp15787","#747f72"
"Goose Bay Green","mp16005","#4a5f4f"
"Gordal Olive","mp16211","#5f6350"
"Gordo Avocado","mp12511","#8f8c76"
"Great Falls","mp11228","#467877"
"Green Cheer","mp1542","#bae18d"
"Green Cove","mp15460","#475e5c"
"Green Door","mp11742","#3b5254"
"Green Felt","mp5096","#325656"
"Green Frog","mp2782","#446953"
"Green Gate","mp10818","#3d4a3e"
"Green Ghost","mp9009","#a9b28b"
"Green Goddess","mp421","#00a58c"
"Green Herb","mp56","#87984b"
"Green Hornet","mp1538","#5d9055"
"Green Khaki","mp9141","#8f8545"
"Green Lantern","mp14746","#5e7d4b"
"Green Mix","mp15669","#708678"
"Green Ore","mp1086","#8d7b41"
"Green Palace","mp15584","#435350"
"Green Party","mp13540","#30865c"
"Green Phase","mp14885","#0d9d89"
"Green Plaza","mp13485","#b6cfc1"
"Green Racer","mp10245","#6b8b3c"
"Green Ribbon","mp39","#387c57"
"Green River","mp12260","#a29666"
"Green Sauce With Lemon","mp497","#ccdf52"
"Green Shade","mp13544","#819f93"
"Green Spirit","mp1507","#f1ec78"
"Green Tarp","mp12414","#66644b"
"Green Tent","mp12341","#898b6d"
"Green Trolley","mp15904","#375649"
"Green Vireo","mp13552","#278d56"
"Green Waders","mp13531","#779459"
"Greenfoam","mp13831","#91b6aa"
"Greenhorn","mp9900","#b3cc9a"
"Greenie Greenie","mp482","#b0d471"
"Greenstone","mp493","#8f8638"
"Greenward","mp448","#159c6d"
"Greenway","mp15739","#39605f"
"Grenbleu","mp15254","#396b6e"
"Grigio Rock","mp14471","#657874"
"Grunen Green","mp13317","#d7d639"
"Guatemala Green","mp16231","#316467"
"Haas Green","mp816","#716c30"
"Haworthia Green","mp14681","#648886"
"Hawthorne Leaf Green","mp12719","#8aa18d"
"Herb Blend","mp16122","#49826b"
"Herbivore","mp13216","#74735f"
"Highlands Green","mp7522","#56927f"
"Hogsmeade Green","mp14334","#3a605b"
"Horta Green","mp14551","#3c524c"
"Howie Green","mp1515","#9da348"
"IBM Dark Green","mp14835","#46504f"
"Ionian Sea","mp418","#81d6c0"
"Irish Pub Green","mp10322","#3e896f"
"Island Cay","mp2706","#62beab"
"Jamaica Me Happy","mp419","#62c7b1"
"Jewelweed Leaf","mp15714","#3e5a58"
"Kalamata","mp486","#696a1a"
"Kenai Teal","mp14212","#3e5758"
"Kennicott Patina","mp14282","#8faa96"
"Kentdale Slate","mp16223","#5d746d"
"Kilkenny Mist","mp445","#a9eed3"
"Kilt Green","mp13508","#3d4f3c"
"Lambeau Green","mp11126","#375a43"
"Laser Lime","mp11856","#77a948"
"Lavagna Green","mp16327","#678788"
"Leaf Scent","mp1505","#f2e9bc"
"Lemon Pudding","mp494","#eaeb6c"
"Lexington Green","mp14954","#668b81"
"Lime Fizz","mp818","#a1a947"
"Lime Lollipop","mp468","#8ac363"
"Lime Mist","mp1522","#dbe99f"
"Lime Peel","mp12444","#66673f"
"Lime Sorbet","mp1523","#cee090"
"Limeade","mp488","#d5e456"
"Limette","mp1514","#aab446"
"Limonada","mp9570","#6db66e"
"Limonlima","mp483","#8abb42"
"Limony Froth","mp9003","#92c68b"
"Long Green","mp14936","#3f5b4c"
"Los Cabos Teal","mp14688","#008479"
"Luxor Green","mp13056","#374c37"
"Main Street","mp12259","#91997d"
"Mansion Green","mp15181","#375148"
"Manzanillo Green","mp14424","#365d44"
"Marinated Olive","mp15975","#6b6d50"
"Maritaca Green","mp13402","#616a65"
"Marquee Green","mp1068","#509340"
"Mediterranean Green","mp12613","#3ebca0"
"Melon Rind","mp12574","#4f7b67"
"Mentha Green","mp13098","#64967f"
"Merrimack Green","mp14185","#445652"
"Milky Turquoise","mp425","#7acdb9"
"Mint Mist","mp397","#bde2d4"
"Minton Green","mp21205","#009675"
"Mossy Pine","mp7250","#576a62"
"Motorcycle Green","mp14975","#386249"
"Mount Of Olive","mp803","#646739"
"Nagano Pine","mp13422","#376663"
"Natures Green","mp20008","#4d6e47"
"Nephrite Jade","mp13542","#007366"
"New Brunswick Green","mp11261","#51706d"
"New Fern Green","mp440","#28c09f"
"New Racing Green","mp13437","#404f3c"
"New Zealand Forest","mp6183","#5f776e"
"Nick Green Slime","mp13551","#79ad52"
"Nicolet Forest","mp14961","#41543c"
"Nijo Castle Stone","mp15212","#5f797b"
"Noir Green","mp22129","#525941"
"Noreaster Green","mp14788","#415f5e"
"Nori Green","mp14770","#5c5646"
"Northland Copse","mp15671","#537163"
"Old San Juan Jade","mp426","#44bba5"
"Olea Green","mp15356","#575848"
"Olimbos Green","mp11083","#847661"
"Olivaceous","mp9910","#76765e"
"Olivary","mp11007","#635328"
"Olive Flower","mp492","#97983d"
"Olive Whip","mp805","#a9ab80"
"Ophios Green","mp15184","#638943"
"Oxygreen","mp13494","#699b80"
"Pale Citron","mp1529","#e4f0b8"
"Palm Tint","mp5885","#97b1a2"
"Palmer House Green","mp15582","#658373"
"Palta Green","mp12636","#617559"
"Party Green","mp11618","#25703c"
"Paten Green","mp13274","#89a18b"
"Peel Green","mp1508","#eae071"
"Pepperoncini","mp513","#9c8f3e"
"Perfect Gem","mp11709","#3bbfa6"
"Pickled Pepper","mp825","#9c935a"
"Pine Bluff","mp14819","#5c6655"
"Pine Frost","mp5140","#56857b"
"Pinesap","mp11101","#545c53"
"Pineweed","mp14084","#526a43"
"Pino Verde","mp15379","#465555"
"Pinyon Green","mp13392","#45604e"
"Piscine Green","mp5508","#1a6663"
"Play-Doh Green","mp13525","#7bad48"
"Playground Green","mp820","#e1e563"
"Plaza Verde","mp454","#5fc08f"
"Prince Edward Green","mp15916","#3e625f"
"Pyromorphite Green","mp11809","#5f8d77"
"Quetzal Teal","mp14221","#008278"
"Rock Island Green","mp22384","#1a7b60"
"Salvia Divinorum","mp14530","#c9d9c1"
"San Diego Green","mp11953","#565e50"
"Sea Teal","mp1694","#a4e0d2"
"Seerstone","mp824","#817a35"
"Serrano Green","mp15336","#3c764b"
"Seton Green","mp10577","#366854"
"Seventies Avocado Stove","mp804","#878666"
"Sharp Green","mp1532","#9ec562"
"Shocking Green","mp1543","#9ed675"
"Sligo Green","mp13512","#4f665b"
"Sourgrass","mp505","#c5bf3d"
"Spicy Green","mp15565","#6d9d60"
"Spruce Pine","mp13106","#849578"
"St. Barts Bay","mp14521","#00837a"
"St. Lawrence Green","mp13548","#91a99c"
"Statue Bronze","mp823","#635341"
"Subtlest Green","mp432","#ccfbe6"
"Sulfurous Green","mp811","#8c8a4c"
"Sumatra Forest","mp429","#00866e"
"Summer","mp5931","#a4cab0"
"Summer Lawn","mp11859","#347151"
"Sunlit Glade","mp1662","#9fd7a3"
"Swamp Cypress","mp14744","#7d7f49"
"Sweet Olive","mp11959","#e7db9f"
"Sycamore Stand","mp12698","#8e968a"
"Tackle Box Green","mp15953","#4a6446"
"Talcstone","mp14647","#8ba9a6"
"Taos Turquoise","mp2862","#4c8682"
"Tarn Water","mp4787","#66948b"
"Tartan Green","mp10800","#424e4d"
"Teal Feather","mp2882","#2c6767"
"Teal Glaze","mp14472","#366c6b"
"Teal Pallas","mp14903","#405f60"
"Teal We Meet Again","mp15752","#277063"
"Telluride Teal","mp15738","#3d605e"
"Tempera Teal","mp16090","#417c75"
"Terrapin Teal","mp12136","#395a5b"
"Thunderbird Teal","mp10498","#5d9e9a"
"Thyme and Place","mp16007","#778f79"
"Tin Soldier Green","mp14769","#444934"
"Tobago Teal","mp13399","#266d6c"
"Toned Down Teal","mp10535","#69817c"
"Treasury Green","mp12635","#597966"
"Tsavorite Green","mp13434","#3e5454"
"Tucuman Parrot Green","mp14748","#56824d"
"Turquoise Lament","mp428","#00947b"
"Turquoise Necklace","mp14831","#569d95"
"Turquoise Tortoise","mp15741","#3c6b64"
"Tuscan Hill Green","mp933","#96894b"
"Tuscan Olive","mp12457","#6e694b"
"Tutu Teal","mp13489","#2f6161"
"Twilight Forest","mp10416","#566460"
"Ulster Green","mp14187","#466252"
"Ural Forest","mp14963","#4b5b52"
"Urban Forest","mp11372","#4f5a4f"
"Veratrum","mp506","#bbb33d"
"Verde Bosco","mp16317","#495b52"
"Vert","mp498","#b2b34b"
"Vientiane Green","mp14151","#639492"
"Villandry Gardens","mp15614","#576552"
"Viva Verde","mp461","#8bd6a9"
"Walworth Green","mp13549","#525742"
"Warrior Green","mp12120","#686958"
"Wealthy Green","mp14796","#32514b"
"Wild Olive","mp1603","#91793d"
"Wisp O Green","mp459","#a9dbb2"
"Woodland Moss Green","mp9896","#6a7260"
"Woodland Night","mp4503","#405453"
"Zirconia Teal","mp14689","#2b7878"
"Battleship","mp6388","#a8a5a2"
"Bison Gray","mp5765","#626062"
"Causeway Stone","mp14128","#bbb5b4"
"Compass","mp15661","#837d78"
"Concrete Block","mp10268","#898481"
"Cosmopolitan Grey","mp11464","#959293"
"Coy Grey","mp3066","#b0aba1"
"Dapple Gray","mp6681","#a5a1a3"
"Dark Slate","mp10269","#515558"
"Deep River","mp7102","#5e5c5b"
"Drake","mp5732","#867f75"
"Drum Hill Gray","mp8747","#979495"
"Fogbank","mp12534","#9e9892"
"Galena Grey","mp557","#b5b6ac"
"Garbo Silver","mp2650","#f2f1e9"
"Gentle Gray","mp7596","#c2c3c3"
"Gibraltar Cliffs","mp7194","#979792"
"Gloomy Gray","mp10124","#76706e"
"Gray Bunny","mp8036","#c6c4ba"
"Gray Ledge","mp8521","#676768"
"Gray Matter","mp9648","#8b8784"
"Grayjay","mp14176","#999085"
"Graymore","mp11163","#676567"
"Graynola","mp13795","#6c6765"
"Grays Anatomy","mp14141","#6e6a6a"
"Grays Lake","mp13901","#7c787b"
"Graytint","mp7273","#f1f1eb"
"Grey Fog","mp3340","#b7b3ab"
"Grey Haven","mp544","#aba8a4"
"Grey Mare","mp5252","#888783"
"Grey Siding","mp11292","#928983"
"Greybeard","mp7538","#b1aeab"
"Greyshank","mp13914","#83827f"
"Inerte Grey","mp3849","#756f6a"
"Institute Gray","mp2048","#888884"
"Iron Age","mp8029","#6f6b68"
"Just Grey","mp10158","#958f8c"
"Kitty Gray","mp7567","#716f6e"
"Lead Pipe","mp10206","#7a7573"
"Legi Slate","mp2249","#6b7983"
"Lignite","mp561","#61605f"
"Low Level Cloud","mp11317","#bebdba"
"Metalshop Grey","mp3730","#686868"
"Metro Gray","mp7425","#cecac0"
"Modeling Clay","mp10277","#8a8176"
"Moscow Mule","mp12386","#949188"
"Mudstone","mp547","#605e5f"
"Neptunian Grey","mp13915","#6a6869"
"Neutral Grey","mp5295","#9c9690"
"Neutro Grey","mp3076","#9a9a98"
"Old Town","mp5341","#848583"
"Pahoehoe Gray","mp11316","#727072"
"Patagonia Glacier","mp7430","#cbc9ba"
"Pennsylvania Bluestone","mp14054","#838185"
"Portland Cement","mp543","#c4c2bd"
"Quebec Blue","mp12217","#6a686b"
"Shaker Gray","mp7054","#7e7d7e"
"Shipyard Grey","mp12416","#6a6866"
"Silverback","mp8361","#9a9692"
"Smoked Pearl","mp5044","#6b696b"
"Steel Wool","mp4761","#767775"
"Stonington Gray","mp7897","#c9c6c0"
"Stormy Sky","mp7026","#726d6a"
"Timber Wolf","mp7024","#9e9996"
"Tower Gray","mp2916","#737172"
"Toyota Light Grey","mp11938","#aaa598"
"Traffic Grey","mp2225","#80817f"
"Vanadium Grey","mp11490","#6a6a67"
"Vanderbilt Gray","mp6668","#959290"
"Zone Grey","mp14170","#817d7b"
"Aquateen","mp3379","#c6dfda"
"Ashley Blue","mp2897","#c0ccdc"
"Baby Girl","mp1495","#f3c4b7"
"Beach Haven","mp7502","#fdedb8"
"Bikini Blue","mp7491","#abd7d4"
"Blue Marlin","mp6494","#d1dce2"
"Bluepoint","mp3244","#ade7e9"
"Casual Blue","mp3252","#d1dee2"
"Cold Stone Cream","mp1451","#f9d692"
"Creamy Cucumber","mp1549","#f2fde4"
"Dawn Sun","mp1201","#ff8c7a"
"Dermatone","mp7957","#e5c2b8"
"Fleet White","mp3408","#ebebea"
"Frosted Mint","mp1661","#dbf9d7"
"Golden Lab","mp7380","#f6d992"
"Green Dream","mp9535","#65bdad"
"Heather Plum","mp7785","#b69bba"
"Lilac Grey","mp8456","#c7bfbf"
"Lime Ice","mp11958","#e6d99d"
"Little Toot","mp8835","#f7cc86"
"Marry Me","mp7489","#f2d0b5"
"Miami Teal","mp7381","#6ec2b0"
"Miami Waters","mp12202","#c3e7dd"
"Monet Lavender","mp12533","#c3b2bb"
"Mosaic Glass","mp11759","#d9d7b7"
"Nephrite","mp10103","#88cfb5"
"Old Copper Roof","mp3397","#93bfb4"
"Palomino Mane","mp3573","#f9e8b4"
"Pastille Blue","mp12322","#adc5d6"
"Peach Smoothie","mp12409","#f2b281"
"Peach Treat","mp187","#f5c29a"
"Peach Veil","mp6944","#f9d9b0"
"Peach Whisper","mp1220","#f8d4b6"
"Peachy Pink","mp181","#ffa173"
"Persian Melon","mp1203","#f4b99f"
"Pueblo Rose","mp8803","#efac78"
"Quiet Refuge","mp12204","#909fc6"
"Sedum Green","mp5742","#b6e7da"
"Sheer Natural","mp10551","#ffebd4"
"Shy Pink","mp660","#f2c9ba"
"Sky Pilot","mp11249","#7dbec1"
"Spiderwort","mp11712","#a293a7"
"Still Life Beige","mp1025","#f8d1a2"
"Tangled Up In Blue","mp8334","#d2e5e9"
"Tangy Glo","mp1226","#f1a874"
"Toasted Tan","mp6847","#f0c0a5"
"Violet Mist","mp7663","#e6ced8"
"Violet Water","mp7499","#e0d0d5"
"Wilted Lilac","mp5874","#b1a3af"
"Zen Blue","mp11896","#bec6e4"
"Copper Prl over Hot Oro","mp23469-23560","#be9584"
"Copper Prl over Scarlet Letter","mp23467-23560","#ac4d46"
"Copper Prl over Victoria Green","mp23464-23560","#6d6a64"
"Crimson Prl over Black","mp23591-23351","#7b475b"
"Crimson Prl over Eagle Feather","mp23466-23551","#dee5d5"
"Crimson Prl over Hot Oro","mp23469-23551","#c5afa9"
"Crimson Prl over Hot Plata","mp23468-23551","#b8b9ba"
"Crimson Prl over Scarlet Letter","mp23467-23551","#b45865"
"Crimson Prl over Victoria Green","mp23464-23554","#81afb4"
"Eagle Feather Basecoat","mp23466","#d5d8ce"
"Frost White Prl over Black","mp23591-23558","#676e72"
"Frost White Prl over Eagle Feather","mp23466-23558","#e6efd6"
"Frost White Prl over Hot Plata","mp23468-23558","#bfc1c1"
"Frost White Prl over Scarlet Letter","mp23467-23558","#af777e"
"Gold Dust Prl over Eagle Feather","mp23466-23554","#eae6cc"
"Gold Dust Prl over Hot Oro","mp23469-23554","#c0aa93"
"Gold Dust Prl over Hot Plata","mp23468-23554","#bfb8aa"
"Gold Dust Prl over Victoria Green","mp23464-23554","#7a927b"
"Hot Oro Basecoat","mp23469","#c0b0a7"
"Hot Plata Basecoat","mp23468","#bfc1c1"
"Opal Blue Prl over Black","mp23591-23552","#3a6d8e"
"Opal Blue Prl over Eagle Feather","mp23466-23552","#e6e6d6"
"Opal Blue Prl over Hot Oro","mp23469-23552","#beb3ba"
"Opal Blue Prl over Hot Plata","mp23468-23552","#a9b2b8"
"Opal Blue Prl over Scarlet Letter","mp23467-23552","#af648b"
"Opal Blue Prl over Victoria Green","mp23464-23552","#2d8ca5"
"Russet Prl over Black","mp23591-23559","#69213a"
"Russet Prl over Victoria Green","mp2346423559","#6e7a73"
"Scarlet Letter Basecoat","mp23467","#b12941"
"Victoria Green Basecoat","mp23464","#11797b"
"Anasazi Red Met.","mp25307","#6d3e49"
"Arapaho Red Met.","mp22341","#b1364b"
"Blush Wine Met.","mp22298","#b04469"
"Brick Red Met.","mp22351","#a06a60"
"Bronce Red Met.","mp22340","#68283d"
"Bronze Red Met.","mp22346","#a0514f"
"Browntone Met.","mp25296","#965638"
"Carmine Met.","mp34988","#581a35"
"Cereza Red Met.","mp22311","#a7364b"
"Cherry Red Met.","mp22287","#af4c65"
"Ciliegia Red Met.","mp22289","#c6709e"
"Clay Red Met.","mp22348","#9c213c"
"Concord Grape Met.","mp22306","#58173a"
"Cote de Nuits Met.","mp46760","#521633"
"Cuivre Red Met.","mp22353","#aa6a60"
"Deep Rust Red Met.","mp22309","#6b213e"
"Faded Copper Met.","mp25281","#c89b8c"
"Fortuna Red Met.","mp25336","#c24576"
"Frosty Grape Met.","mp22360","#bb8f93"
"Frosty Lavender Met.","mp22363","#d3afb1"
"Frosty Ruby Met.","mp22359","#ce5d8e"
"Frosty Rust Met.","mp22358","#b89288"
"Frosty Wine Met.","mp22362","#c79b95"
"Heady Pink Met.","mp25338","#c2456d"
"Light Iris Met.","mp22305","#a7718e"
"Light Woodrose Met.","mp22361","#e5a9a5"
"Marin Red Met.","mp25314","#5e1a39"
"Merlot Red Met.","mp22303","#62183f"
"Mirtillo Red Met.","mp22295","#cb87aa"
"Myst Pink Met.","mp25341","#b96492"
"New Bronze Met.","mp47934","#ab654e"
"Orchidea Red Met.","mp22296","#d298b2"
"Pima Red Met.","mp22342","#ae2b00"
"Porpora Red Met.","mp22307","#691844"
"Porto Red Met.","mp22294","#5b1737"
"Rame Red Met.","mp22350","#663540"
"Raspberry Met.","mp19759","#bc506a"
"Red Canyon Met.","mp47251","#5f1b36"
"Red Creek Met.","mp25295","#ac5c45"
"Reserva Red Met.","mp22310","#a7363f"
"Rosetaupe Met.","mp22695","#dfc3b3"
"Roso Red Met.","mp25321","#713349"
"Rosy Glow Met.","mp46109","#bda899"
"Sangiovese Red Met.","mp44249","#6e1c43"
"Sunset Bronze Met.","mp21609","#995647"
"Sweet Pink Met.","mp25340","#bf7c9f"
"Uva Red Met.","mp25344","#672042"
"Violeta Met.","mp23308","#b378a3"
"Alizarine Red","mp11124","#c8323c"
"Amerhyst","mp8822","#926276"
"Amontillado","mp14731","#59173a"
"Apricot Glaze","mp1222","#f1ac8a"
"April Love","mp8900","#f2aaac"
"Aranciata Orange","mp1229","#ea743c"
"Arizona Rose","mp1007","#d49c92"
"Autumn Oak Leaf","mp177","#c35941"
"Barbera Red","mp11531","#7c0315"
"Bardolino Vino","mp12767","#5d0010"
"Barolo","mp16105","#5d0010"
"Beetroot","mp4766","#662d44"
"Berry Berry","mp876","#862c57"
"Berry Frappe","mp233","#aa2241"
"Black Princes Ruby","mp14833","#b40032"
"Blazing Dark","mp11718","#bf3851"
"Blazon Red","mp16091","#870000"
"Boticelli","mp4897","#a80263"
"Bouquet","mp8856","#a57086"
"Brick Pink","mp1006","#e5b3a8"
"Burgundy Bash","mp3646","#8c0000"
"Butte Force Tan","mp2728","#d39a82"
"Campbells Soup Red","mp10252","#b93b3e"
"Candystriper","mp9270","#dc5a5a"
"Canyon Coral","mp4349","#e48b5d"
"Caribbean Sunset","mp7424","#ca96ac"
"Carmolito","mp8698","#b45144"
"Carnegie Brick","mp4417","#a54c43"
"Cartoon Fleshtone","mp1011","#f9d2c8"
"Celosia Bloom","mp9244","#c36c4b"
"Charade Pink","mp1740","#e78d8e"
"Chili Powder","mp6290","#c35445"
"Chinese Pagoda","mp6893","#d8414e"
"Chinese Red","mp10843","#f04e40"
"Cinco De Mayo","mp7350","#c86b6c"
"Claret Jug","mp10658","#7e2642"
"Colonial Red","mp15967","#752332"
"Combine Red","mp15351","#c31427"
"Conch Shell","mp10588","#e8af8e"
"Copa Coral","mp9214","#e28e6b"
"Coral Necklace","mp859","#e27676"
"Cordoba Red","mp671","#813d48"
"Country Redwood","mp7693","#9a4643"
"Crabapple","mp5094","#e88768"
"Cranberry","mp273","#c4076e"
"Dark Tatar Red","mp14402","#823d3f"
"Davies Crest Red","mp1126","#800000"
"Deep Cerise","mp4870","#d44c62"
"Deep Russet","mp5462","#af5641"
"Deepwater Coral","mp216","#e36c6c"
"Dollar General Red","mp11387","#d23746"
"Egyptian Rust","mp4574","#c8644c"
"Elderberry Wine","mp14062","#9a3748"
"Ember Red","mp4631","#aa5153"
"Engine Orange","mp8528","#e4693d"
"Enzo Red","mp8514","#c3001e"
"Equestrian Purple","mp14720","#b16595"
"Escarlate","mp860","#da5d63"
"Esprit Red","mp10256","#b92223"
"Essence Of Mauve","mp688","#dcc4be"
"Fan Coral","mp7268","#ea8566"
"Fashion Pink","mp12665","#c53e56"
"Fiesta Red","mp10338","#cd221e"
"Fire Coral","mp8096","#ba635c"
"Firebreathing Red","mp15026","#fb0000"
"Flash Red","mp12019","#b22223"
"Flexi-Flyer Red","mp8937","#b43b40"
"Floribunda Red","mp25001","#c53e56"
"Ford Tractor Red","mp12009","#800000"
"Foxborough Brick","mp9252","#c86b5a"
"French Magenta","mp11237","#b62e75"
"Fuschia Red","mp5122","#bd066a"
"Giana Zinfandel","mp11798","#6b2b42"
"Goji Berry","mp13183","#9e075a"
"Grapejuice","mp878","#781a4b"
"Grapesicle","mp3382","#caa0af"
"Gravely Tractor Red","mp10844","#cd2222"
"Gryffindor Red","mp10254","#cd373c"
"Habanero Pepper","mp7163","#dd5952"
"Hint Of Copper","mp13310","#e58a62"
"Hotrod Red","mp10224","#b22222"
"Japonica","mp1741","#df7376"
"Jupiter Glow","mp7237","#da6a52"
"Kiwano Orange","mp12601","#e65732"
"Kubota Orange","mp1049","#eb603f"
"Kurdistan","mp10894","#9a535f"
"Lift Truck Orange","mp176","#de6b3d"
"Lip Gloss","mp11851","#cf5d63"
"Lorens Lip Gloss","mp9299","#d32d6b"
"Lucky Red","mp16043","#b40000"
"Machine Orange","mp855","#dc663b"
"Magenta Magic","mp870","#b42241"
"Magenta Sigh","mp285","#bd2d7f"
"Marsala Pansauce","mp15262","#863c59"
"Massey-Ferguson Red","mp14801","#be0032"
"Matchbox Car Orange","mp190","#ed6d35"
"Maui Coral","mp8744","#dc656d"
"Mauvetone","mp999","#d5aaaa"
"Mehndi Red","mp12429","#a62e18"
"Melancholy Mauve","mp5180","#8b555f"
"Melody","mp1223","#ef9e6d"
"Mesa Red","mp3366","#c07870"
"Meso Red","mp11850","#ec8e73"
"Midnight Sun","mp12876","#e37449"
"Mineral Hill","mp11661","#d99b78"
"Minium Red","mp7856","#c86b51"
"Moline Orange","mp170","#e06d36"
"Motherwort Pink","mp993","#c89ba1"
"Mountain Majesty","mp4649","#925d66"
"Murex Purple","mp3563","#884b77"
"Native Copper","mp8843","#b1574f"
"Oenophile","mp274","#a8055f"
"Orange County","mp7869","#d07a5a"
"Orange Cowry","mp13189","#cf6034"
"Orange Ember","mp205","#d74b37"
"Orange Nature","mp10429","#c35f3c"
"Orange Revolution","mp4589","#e86e46"
"Orange Rose","mp9230","#db7146"
"Orange Supreme","mp1224","#ff7d4f"
"Orange Tang","mp197","#eb6037"
"Orchid Bouquet","mp5136","#c4a1af"
"Orchis Purple","mp12477","#7a1a4a"
"Pairie Rose","mp3415","#c4215d"
"Pale Peony","mp289","#dfbecb"
"Palermo Purple","mp292","#a9598b"
"Pandora","mp8860","#e1524c"
"Pansy","mp5015","#7d5283"
"Passion Fruit","mp10908","#e17659"
"Pepsi Red","mp12565","#d70000"
"Pesca Peach","mp1225","#f1ac7f"
"Piglet Pink","mp214","#ed9aa0"
"Pinata","mp7332","#f05241"
"Pink Corsage","mp7245","#d04b81"
"Pink Panther","mp89","#e8888a"
"Pink Perfection","mp228","#f2aaa4"
"Pink Pompey","mp5718","#e47257"
"Pinking","mp865","#f5bcb8"
"Pinkish","mp244","#e17277"
"Plastic Pumpkin","mp853","#f47d34"
"Plum Crazy","mp4400","#8d5467"
"Plum Kuchen","mp4998","#6f4360"
"Plumb Line","mp5491","#c88f96"
"Polly Purple","mp9375","#a26c91"
"Porky Pink","mp249","#f1a9a6"
"Powerful Pink","mp988","#d94b91"
"Prague Streetsign Red","mp15025","#c8221e"
"Pressed Rose Pink","mp14440","#c9947f"
"Prestone Pink","mp16322","#d95489"
"Pretty In Pink","mp221","#f4b9ae"
"Princess Purple","mp291","#b972a7"
"Process Magenta U","mp12654","#cd4c66"
"Pulga Puce","mp13360","#b37a81"
"Purple Gallinule","mp14722","#875b8c"
"Purple Robe","mp875","#b52d7e"
"Purpleleaf Sandcherry","mp9360","#aa739d"
"Purplestone","mp11309","#8b5d7d"
"Ramjet Red","mp15194","#d6323c"
"Rapid Red","mp8131","#cd4137"
"Raspberry Wine","mp13969","#7a404e"
"Red Butte","mp10540","#bf6365"
"Red Camaro","mp10241","#d6323c"
"Red Car Line","mp15775","#ae0027"
"Red Desert","mp10327","#cb6f4e"
"Red Dragon","mp15024","#cd0000"
"Red Ferrari","mp15394","#b9221e"
"Red Ocher","mp5083","#a02813"
"Red Rage","mp15195","#be2222"
"Redbone","mp13362","#a54d49"
"Redcliff","mp6569","#a24d49"
"Rhodamine Red C","mp1090","#ee4d9b"
"Ripasso Red","mp13353","#8c2d30"
"Rosa","mp5957","#e0ae96"
"Rosa Moschata","mp13361","#dc8c97"
"Rosalita","mp11158","#e47251"
"Rose Essence","mp15170","#c64966"
"Rose Petal","mp225","#da4646"
"Roseate Spoonbill","mp5041","#cd066a"
"Rosie Ogrady","mp15762","#bc7a85"
"Rossinni Red","mp226","#b91427"
"Ruby Dee","mp14926","#ba0662"
"Ruby Laser","mp3543","#cd0000"
"Santa Ana Red","mp4705","#af584c"
"Scarlata","mp12602","#cd221e"
"Scarlet Flower","mp14776","#c72b53"
"Sedona Red","mp7100","#a95750"
"September Sun","mp15348","#d25048"
"Sequoia","mp3122","#762f30"
"Serene","mp6362","#bd6162"
"Singed Orange","mp9215","#e67359"
"Smoked Paprika","mp15389","#ae4e50"
"Sonoma Shiraz","mp8303","#5f183b"
"Southern Clay","mp192","#c35941"
"Spanish Red","mp7298","#b34f4a"
"Split Second Red","mp11936","#930000"
"Talavera Tile","mp3395","#b95644"
"Tawny Port","mp7276","#9a4246"
"Texas Scarlet","mp15430","#c31e1e"
"Tomato Spice","mp4534","#af3c3a"
"Town &amp; Country Red","mp15793","#781c1f"
"Tucson Red","mp7792","#af554f"
"Tyrian Purple","mp9382","#926597"
"Umbria Red","mp7505","#be3232"
"Velvet Rose","mp10747","#a04854"
"Violet Fantasy","mp694","#bc9aab"
"Violet Femmes","mp9369","#a0639b"
"Violet Fog","mp686","#bc92a2"
"Violet Lace","mp295","#c9adb9"
"Violet Vamp","mp296","#daafd2"
"Violet Wash","mp984","#e8c1c6"
"Warm Red U","mp9250","#e86457"
"Watermelon Gelato","mp10113","#bd6162"
"Wine Sauce","mp16068","#9d5255"
"Winetint","mp255","#863f4d"
"Yaqui Trail","mp5052","#c88d73"
"Yours Truly","mp7221","#fbddd2"
"Zinfandel","mp13827","#963c55"
"Airstream Sparkle Met.","mp19891","#a7a397"
"Amalgam Grey Met.","mp46699","#87817b"
"Basalt Met.","mp31147","#8d877f"
"Bessemer Grey Met.","mp23626","#797777"
"Black Hole Met.","mp19952","#3b4145"
"Blue Slate Met.","mp19970","#606062"
"BMW Sterling Grey Met.","mp54998","#7e7a75"
"Boron Grey Met.","mp52215","#837e79"
"Bright Silver Met.","mp18094","#bdbaae"
"Brightray Silver Met.","mp18082","#d2cdbe"
"Cast Steel Met.","mp18146","#888783"
"Cessna Black Met.","mp19925","#3b3f41"
"Beauty Pink","beauty-pink","#de2a7f"
"Black Style","black-style","#00030e"
"Fair Blue","fair-blue","#0d6dab"
"Fashion Purple","fashion-purple","#6e3674"
"Glamour Green","glamour-green","#006579"
"Shocking Green","shocking-green","#c2c827"
"Vanishing Pearl","vanishing-pearl","#c9bc9c"
"Amethyst","amethyst","#ac9bc7"
"Anthracite","anthracite","#404950"
"Antique Gold","antique-gold","#9c732a"
"Aquamarine","aquamarine","#cbdfd1"
"Azalea","azalea","#cf486f"
"Bluebell","bluebell","#a4d8e1"
"Bronze","bronze","#512f0b"
"Citrine","citrine","#f2ecd3"
"Copper","copper","#bf722f"
"Coral","coral","#feedd2"
"Emerald","emerald","#367166"
"Fairway","fairway","#769f44"
"Fine Gold","fine-gold","#dcad33"
"Flame","flame","#ec813b"
"Gold","gold","#fcca55"
"Jupiter","jupiter","#c6273a"
"Kunzite","kunzite","#e0d5e1"
"Lagoon","lagoon","#8fcdbe"
"Lapis Lazuli","lapis-lazuli","#123a56"
"Mars","mars","#a12833"
"Onyx","onyx","#041012"
"Opal","opal","#f8f0d2"
"Punch","punch","#98517e"
"Quartz","quartz","#f5eed7"
"Rose Quartz","rose-quartz","#f6c3c1"
"Ruby","ruby","#6e4b5a"
"Sapphire","sapphire","#3b537b"
"Silver","silver","#c9cbc6"
"Vista","vista","#7899c3"
"Amethyst","amethyst","#ac9bc7"
"Anthracite","anthracite","#404950"
"Antique Gold","antique-gold","#9c732a"
"Aquamarine","aquamarine","#cbdfd1"
"Azalea","azalea","#cf486f"
"Bluebell","bluebell","#a4d8e1"
"Bronze","bronze","#512f0b"
"Citrine","citrine","#f2ecd3"
"Copper","copper","#bf722f"
"Coral","coral","#feedd2"
"Emerald","emerald","#367166"
"Fairway","fairway","#769f44"
"Fine Gold","fine-gold","#dcad33"
"Flame","flame","#ec813b"
"Gold","gold","#fcca55"
"Jupiter","jupiter","#c6273a"
"Kunzite","kunzite","#e0d5e1"
"Lagoon","lagoon","#8fcdbe"
"Lapis Lazuli","lapis-lazuli","#123a56"
"Mars","mars","#a12833"
"Onyx","onyx","#041012"
"Opal","opal","#f8f0d2"
"Punch","punch","#98517e"
"Quartz","quartz","#f5eed7"
"Rose Quartz","rose-quartz","#f6c3c1"
"Ruby","ruby","#6e4b5a"
"Sapphire","sapphire","#3b537b"
"Silver","silver","#c9cbc6"
"Vista","vista","#7899c3"
"SuedeTex Ivory","suedetex-ivory","#fcfae5"
"SuedeTex Sand","suedetex-sand","#c6ba94"
"SuedeTex Tan","suedetex-tan","#ad7c3e"
"SuedeTex Cordovan","suedetex-cordovan","#421b27"
"SuedeTex Black","suedetex-black","#0d1414"
"Touche Cream","touche-cream","#f7f7cf"
"Touche Sterling","touche-sterling","#b0c2b0"
"Touche Pewter ","touche-pewter-","#687168"
"Touche Slate Blue","touche-slate-blue","#1f3d4c"
"Touche Lapis","touche-lapis","#1f314c"
"Touche Concord","touche-concord","#0b0a53"
"Touche Saffron","touche-saffron","#ae9527"
"Touche Mink","touche-mink","#352627"
"Touche Burgundy","touche-burgundy","#5c1736"
"Touche Scarlet","touche-scarlet","#99142f"
"Touche Black","touche-black","#0d1817"
"Wild White","wild-white","#fdffe6"
"Wild Clay","wild-clay","#9e3500"
"Wild Sand","wild-sand","#bb915c"
"Wild Brown","wild-brown","#16120f"
"Wild BLack","wild-black","#000000"