"Delicate White","1001-1","#f1f2ee"
"Aria","1001-2","#e3e4e2"
"Thin Ice","1001-3","#d9dcdb"
"Flagstone","1001-4","#acadad"
"Dover Gray","1001-5","#848585"
"Knight's Armor","1001-6","#5c5d5d"
"Black Magic","1001-7","#414040"
"Silver Feather","1002-1","#edebe7"
"Arctic Cotton","1002-2","#e6e3df"
"Cool Slate","1002-3","#d0ccc5"
"Gray Marble","1002-4","#b9b4b1"
"Antique Silver","1002-5","#918e8c"
"Gibraltar Gray","1002-6","#6f6a68"
"Phantom Mist","1002-7","#4b4441"
"Fall Chill","1003-1","#e1dddb"
"Balanced","1003-2","#d7d2d1"
"Silver Bells","1003-3","#b8b4b6"
"Equilibrium","1003-4","#a49f9f"
"Shining Armor","1003-5","#908b8e"
"Cracked Slate","1003-6","#69656a"
"Blackhearth","1003-7","#49454b"
"Go To Gray","1004-1","#dcd8d7"
"Free Reign","1004-2","#d1cdca"
"Hush","1004-3","#c4bdba"
"Silver Service","1004-4","#b2aaaa"
"Pewter Mug","1004-5","#8b8283"
"Phantom Hue","1004-6","#645d5e"
"Black Elegance","1004-7","#50484a"
"Dusky Dawn","1005-1","#e5e1de"
"Elusion","1005-2","#d2cfcc"
"Gray Shadows","1005-3","#c2bdba"
"Slate Pebble","1005-4","#b4ada9"
"Elephant Gray","1005-5","#8d847f"
"Oswego Tea","1005-6","#665d59"
"Dark Granite","1005-7","#4f443f"
"Gypsum","1006-1","#eeede4"
"Shark","1006-2","#dfdcd5"
"Early Evening","1006-3","#cac7bf"
"Mercurial","1006-4","#b6b0a9"
"So Sublime","1006-5","#8b847c"
"Deconstruction","1006-6","#7b736b"
"Metropolis","1006-7","#61584f"
"Willow Springs","1007-1","#e7e6e0"
"Swirling Smoke","1007-2","#cecac1"
"Ghost Writer","1007-3","#bcb7ad"
"Hot Stone","1007-4","#aba89e"
"Lazy Afternoon","1007-5","#97928b"
"Cool Charcoal","1007-6","#807b76"
"Bark","1007-7","#5f5854"
"Focus","1008-1","#e5e0d2"
"Storm's Coming","1008-2","#cfc9bc"
"Greyhound","1008-3","#b2aca2"
"Gray By Me","1008-4","#a1988b"
"Roller Coaster","1008-5","#8c8578"
"Artillery","1008-6","#746f67"
"Stone's Throw","1008-7","#605c58"
"Tundra Frost","1009-1","#e1e1db"
"Tornado","1009-2","#d1d3cf"
"Solitary State","1009-3","#c4c7c4"
"Gray Stone","1009-4","#b7b9b5"
"Phoenix Fossil","1009-5","#8e908d"
"Armory","1009-6","#6a6b65"
"Licorice","1009-7","#4e4f48"
"Pegasus","1010-1","#e8e9e4"
"Fog","1010-2","#d6d7d2"
"Solstice","1010-3","#babdb8"
"Stepping Stone","1010-4","#a4a7a4"
"Downpour","1010-5","#898a86"
"Up In Smoke","1010-6","#6e706d"
"Zombie","1010-7","#595a5c"
"Pacific Pearl","1011-1","#e8eae6"
"Elemental","1011-2","#d0d3d3"
"Stargazer","1011-3","#afb4b6"
"Ufo","1011-4","#989fa3"
"Improbable","1011-5","#6e7376"
"Glazed Granite","1011-6","#5b5e61"
"Onyx","1011-7","#464544"
"Icy Bay","1012-1","#e0e5e2"
"Inverness Gray","1012-2","#dce3e2"
"Tinsel","1012-3","#d2d9db"
"Gray Frost","1012-4","#b8bfc2"
"Steeple Gray","1012-5","#8e9598"
"Volcanic Ash","1012-6","#6f7678"
"Black Forest","1012-7","#434b4f"
"Radisson","1013-1","#e5e7e6"
"Spring Thaw","1013-2","#d9dcdd"
"Whirlwind","1013-3","#bec0c2"
"Silver Charm","1013-4","#adb0b4"
"Victorian Pewter","1013-5","#828388"
"Gray Flannel","1013-6","#585960"
"Napoleon","1013-7","#404149"
"Glacial Ice","1014-1","#eae9e7"
"Gray Whisper","1014-2","#e6e4e4"
"Silver Screen","1014-3","#e0dddd"
"Jack Rabbit","1014-4","#c0b2b1"
"Gray Violet","1014-5","#9b8e8e"
"Eagle Eye","1014-6","#736665"
"Black Walnut","1014-7","#554747"
"Vanilla Milkshake","1015-1","#f1ece2"
"Stone Quarry","1015-2","#ece4dc"
"Warmstone","1015-3","#e6d7cc"
"Subdued","1015-4","#ccb8b3"
"Heliotrope","1015-5","#a49491"
"Granite Boulder","1015-6","#816f6b"
"Mustang","1015-7","#5e4a47"
"Berry Frost","1016-1","#ebded7"
"Blossom Pink","1016-2","#e6d5ce"
"Cheerful Heart","1016-3","#dcc7c0"
"Forever Fairytale","1016-4","#d2bbb2"
"Iris Mauve","1016-5","#b39b94"
"Woodchuck","1016-6","#8e746c"
"Spiced Wine","1016-7","#664942"
"Touchable","1017-1","#ecdfd8"
"First Kiss","1017-2","#d9cac3"
"Fond Memory","1017-3","#c8bcb7"
"Riveter Rose","1017-4","#b7a9a2"
"Cinnamon Toast","1017-5","#8d7d77"
"Bold Brandy","1017-6","#796660"
"Chocolate Pretzel","1017-7","#60504b"
"Steel Me","1018-1","#ddd5ce"
"My Alibi","1018-2","#d4cbc4"
"City Street","1018-3","#bab2ab"
"Winter's Nap","1018-4","#a99f97"
"Talavera","1018-5","#a0928b"
"Flipper","1018-6","#7f726b"
"Sarsaparilla","1018-7","#5b4c44"
"Toasted Marshmallow","1019-1","#eae1d6"
"In The Buff","1019-2","#d6cbbf"
"Legendary","1019-3","#c6baaf"
"Simmering Smoke","1019-4","#a99f96"
"Wild Wilderness","1019-5","#91857c"
"Tattle Tail","1019-6","#80736a"
"Intrigue","1019-7","#635951"
"Atrium White","1020-1","#f1eee4"
"Maybe Mushroom","1020-2","#e2d8cb"
"Whippet","1020-3","#cec1b5"
"El Capitan","1020-4","#b7a696"
"Earl Gray","1020-5","#a6978a"
"Wicker Basket","1020-6","#847567"
"Monkey Madness","1020-7","#63584c"
"Mountain Gray","1021-1","#e8e3db"
"Synchronicity","1021-2","#cfc5b6"
"Discover","1021-3","#bdb0a0"
"Diversion","1021-4","#a99a89"
"Thunderbird","1021-5","#8c7b6c"
"Curlew","1021-6","#766859"
"Cabin Fever","1021-7","#5e5349"
"Hourglass","1022-1","#e5e0d5"
"Intuitive","1022-2","#cfc6bc"
"Silver Dollar","1022-3","#bdb6ae"
"Rock Slide","1022-4","#a1968c"
"Eiffel Tower","1022-5","#998e83"
"Granite","1022-6","#746a5e"
"Star Anise","1022-7","#5c5042"
"Oatmeal","1023-1","#e7e3d6"
"Cool Concrete","1023-2","#d9d0c1"
"Ashen","1023-3","#c9bfb2"
"Desert Dune","1023-4","#b5ab9c"
"Stone Gray","1023-5","#9f9484"
"Clam Shell","1023-6","#827566"
"Afternoon Tea","1023-7","#594e40"
"Off White","1024-1","#e8e4d6"
"Antique White","1024-2","#e1daca"
"Crushed Silk","1024-3","#d8cfbe"
"Moth Gray","1024-4","#d1c9ba"
"Stonehenge Greige","1024-5","#a79d8d"
"Patches","1024-6","#8a7d6b"
"Friar's Brown","1024-7","#5e5241"
"Commercial White","1025-1","#edece6"
"Silent Smoke","1025-2","#dbd7ce"
"Whiskers","1025-3","#d1ccc2"
"Sharkskin","1025-4","#b1aa9c"
"Dark Ash","1025-5","#8c8475"
"Sleeping Giant","1025-6","#786d5e"
"Coffee Bean","1025-7","#615544"
"Namaste","1026-1","#e1d8bb"
"Sanctuary","1026-2","#d4c9a6"
"Easy","1026-3","#beb394"
"Karma","1026-4","#b2a484"
"Gristmill","1026-5","#a29371"
"Hindu Lotus","1026-6","#8e8062"
"Hip Waders","1026-7","#746a51"
"Cocoon","1027-1","#dedbcc"
"Skipping Stone","1027-2","#d0cbb6"
"Heavy Hammock","1027-3","#beb9a2"
"Olive Gray","1027-4","#afa78d"
"Rattan Palm","1027-5","#8f876b"
"Conservation","1027-6","#796e54"
"Grapevine","1027-7","#5f563f"
"Hint Of Pine","1028-1","#e5e7d5"
"With A Twist","1028-2","#d1d1bb"
"Pine Crush","1028-3","#b7b8a5"
"Smoky Slate","1028-4","#a1a18f"
"Autumn Gray","1028-5","#817f6e"
"Momentum","1028-6","#746f5c"
"Walnut Grove","1028-7","#5c5644"
"Silvery Moon","1029-1","#e6e5dc"
"Veil Of Dusk","1029-2","#dad8c9"
"French Gray Linen","1029-3","#cac8b6"
"Photo Gray","1029-4","#aead96"
"Meander","1029-5","#8f8c79"
"Organic","1029-6","#747261"
"Plunge Pool","1029-7","#656457"
"Brainstorm","1030-1","#d1d3c0"
"Pale Pine","1030-2","#c3c7b2"
"Mellow Mood","1030-3","#b1b7a1"
"Edamame","1030-4","#9ca389"
"Mesmerize","1030-5","#8e9074"
"Positively Palm","1030-6","#76745d"
"Double Duty","1030-7","#686858"
"Mix Or Match","1031-1","#ccccba"
"Misty Meadow","1031-2","#bec0b0"
"Wandering Willow","1031-3","#a6a897"
"Restoration","1031-4","#939581"
"Seaweed Wrap","1031-5","#84846f"
"Nevergreen","1031-6","#666556"
"Osiris","1031-7","#5b5a4d"
"Metallic Mist","1032-1","#cdccbe"
"Hurricane Haze","1032-2","#bdbbad"
"Olive It","1032-3","#aeab9a"
"Sylvan","1032-4","#979381"
"Tortuga","1032-5","#84816f"
"King's Court","1032-6","#706d5e"
"Moss Rock","1032-7","#5e5b4d"
"Salty Breeze","1033-1","#dde2d7"
"Wayward Willow","1033-2","#d9dcd1"
"Silent Storm","1033-3","#c3c7bd"
"Light Drizzle","1033-4","#a7aea5"
"Gray Heron","1033-5","#89928a"
"Gunmetal Gray","1033-6","#646c64"
"Charcoal Smoke","1033-7","#474f43"
"Morning Song","1034-1","#e4ece9"
"Honesty","1034-2","#dfebe9"
"Pristine Petal","1034-3","#d5e1e0"
"Misty Surf","1034-4","#b5c8c9"
"Aqua Smoke","1034-5","#8c9fa0"
"Blue Blood","1034-6","#6b7f81"
"Mountain Pine","1034-7","#3b5257"
"Watery Blue","1035-1","#cfdfdd"
"Sky Diving","1035-2","#c6d6d7"
"Blue By You","1035-3","#a0b7ba"
"Symphony Of Blue","1035-4","#89a0a6"
"Puddle Jumper","1035-5","#6a8389"
"Superstition","1035-6","#5b6e74"
"Obsidian","1035-7","#445055"
"Gray Glimpse","1036-1","#e0e4e2"
"Winter Chill","1036-2","#c9d2d1"
"Nautical Star","1036-3","#aab5b7"
"After The Storm","1036-4","#919fa1"
"Rough Ride","1036-5","#7a8687"
"Phantom","1036-6","#6e797b"
"Mostly Metal","1036-7","#575e5f"
"Sea Frost","1037-1","#d5dcdc"
"Sky Splash","1037-2","#c9d3d3"
"Special Delivery","1037-3","#a5b2b7"
"Symmetry","1037-4","#8fa0a7"
"Night Rendezvous","1037-5","#66787e"
"Mysterious","1037-6","#535e63"
"Witchcraft","1037-7","#474c50"
"Evening Mist","1038-1","#e3e9e8"
"Dewdrop","1038-2","#dde4e3"
"Winter's Breath","1038-3","#d4dddd"
"Smoke Screen","1038-4","#adb6b9"
"Feldspar","1038-5","#858f94"
"Lava Gray","1038-6","#5e686d"
"Midnight Hour","1038-7","#3b484f"
"Ghost Whisperer","1039-1","#cbd1d0"
"Maiden Mist ","1039-2","#b9c0c0"
"Mirror Mirror","1039-3","#a8b0b2"
"Pachyderm","1039-4","#8f989d"
"Garrison Gray","1039-5","#7b8588"
"In The Shadows","1039-6","#656e72"
"High Salute","1039-7","#445056"
"Zen","1040-1","#cfd9de"
"Keepsakes","1040-2","#c0ced6"
"Ocean Drive","1040-3","#b0bec5"
"How Handsome","1040-4","#a0aeb8"
"Lost At Sea","1040-5","#8d9ca7"
"Freedom Found","1040-6","#657682"
"Goblin","1040-7","#525e68"
"Moonlit Snow","1041-1","#eaeeec"
"City Lights","1041-2","#dfe6ea"
"Billowing Clouds","1041-3","#d8dee3"
"Blue Dolphin","1041-4","#bcc5cf"
"Quicksilver","1041-5","#939fa9"
"Sheffield Gray","1041-6","#6b7680"
"Cavalry","1041-7","#3f4c5a"
"Calla Lily","1042-1","#e4eaed"
"Winter Haven","1042-2","#e1e6eb"
"Ocean Dream","1042-3","#d4dde2"
"Blue Beard","1042-4","#abb5c4"
"Prophetic Sea","1042-5","#818b9c"
"Blue Zephyr","1042-6","#5b6676"
"Admiralty","1042-7","#404e61"
"Snowbank","1043-1","#e8e9e9"
"Moondance","1043-2","#e1e1e2"
"Wayward Winds","1043-3","#dedfe2"
"Glistening Gray","1043-4","#b1b3be"
"Flannel Pajamas","1043-5","#8b8d98"
"Alley Cat","1043-6","#656874"
"Black Flame","1043-7","#484b5a"
"Love Bird","1044-1","#f1ebea"
"Mauve Wisp","1044-2","#eadde1"
"Tinted Rosewood","1044-3","#e1c8d1"
"Mauvelous","1044-4","#d6b3c0"
"Winsome Rose","1044-5","#c28ba1"
"Wild Strawberry","1044-6","#a5647e"
"Wild Plum","1044-7","#83455d"
"Magical Moonlight","1045-1","#f0eeeb"
"Barely Rose","1045-2","#ede0e3"
"Santolina Blooms","1045-3","#e3d0d5"
"Pink Potion","1045-4","#ceaebb"
"Keepsake Rose","1045-5","#b08693"
"Wild Geranium","1045-6","#986a79"
"Chilled Wine","1045-7","#6d4052"
"Milk And Cookies","1046-1","#e9e1df"
"Magic Moments","1046-2","#e9dbe0"
"Old Mission Pink","1046-3","#d8c2ca"
"High Society","1046-4","#cab7c0"
"Gothic Amethyst","1046-5","#a38b93"
"Velvet Slipper","1046-6","#846c76"
"Purple Basil","1046-7","#5c4450"
"Forever Faithful","1047-1","#efe6e1"
"Lost Love","1047-2","#e5d7d4"
"Just Gorgeous","1047-3","#d6c4c1"
"Ancestral","1047-4","#d0c1c3"
"Coffee Custard","1047-5","#ab9b9c"
"Choo Choo","1047-6","#867578"
"Carob Chip","1047-7","#5a484b"
"Lauren's Lace","1048-1","#efeae7"
"Silk Sheets","1048-2","#efdddf"
"Rose Cloud","1048-3","#e2c9ce"
"Rose Stain","1048-4","#d3b6ba"
"Coffee Rose","1048-5","#a9898d"
"Chocolate Sparkle","1048-6","#8c6c6f"
"Gooseberry","1048-7","#604046"
"Snowy Mount","1049-1","#f1eeeb"
"Sweet Bianca","1049-2","#eedadd"
"Nostalgia","1049-3","#d6b8bd"
"Lighthearted Rose","1049-4","#c7a1a9"
"Mauve Madness","1049-5","#aa7982"
"Cabernet","1049-6","#8e5b68"
"Red Red Wine","1049-7","#71424a"
"Bare Pink","1050-1","#f2e7e7"
"Pink Pail","1050-2","#eaced4"
"Love In A Mist","1050-3","#e1b9c2"
"Madagascar Pink","1050-4","#d194a1"
"Briar Rose","1050-5","#c07281"
"Heart's Content","1050-6","#a9586c"
"Magenta","1050-7","#953d55"
"Cozy Cottage","1051-1","#f2ddd8"
"Pink Cardoon","1051-2","#ecc9ca"
"Strawberry Mousse","1051-3","#e9b3b4"
"Pink Clay Pot","1051-4","#d99294"
"Cranberry","1051-5","#c27277"
"Grenadine","1051-6","#ac545e"
"Apple-a-day","1051-7","#903f45"
"Ginger Cream","1052-1","#efe0d7"
"Brandy Alexander","1052-2","#f3e2dc"
"Strawflower","1052-3","#ddbdba"
"Floral Tapestry","1052-4","#c39191"
"Horizon Glow","1052-5","#ad7171"
"Mesa Red","1052-6","#92555b"
"Ruby Lips","1052-7","#813e45"
"Cow's Milk","1053-1","#f1ede5"
"Shangri La","1053-2","#ecd4d2"
"Powdered Petals","1053-3","#e3c7c6"
"Radiant Rouge","1053-4","#d7b1b2"
"Brandy Snaps","1053-5","#b58e8b"
"Clay Ridge","1053-6","#956a66"
"Burgundy Wine","1053-7","#6c403e"
"Winter Wedding","1054-1","#f1e4dc"
"Sweet Truffle","1054-2","#f0dcd7"
"Whirligig","1054-3","#e6cdca"
"Tea Time","1054-4","#d9bebc"
"Tawny Mushroom","1054-5","#b39997"
"Oakwood Brown","1054-6","#8f716e"
"Chocolate Eclair","1054-7","#674848"
"Fresh Dough","1055-1","#f2ebe6"
"Hawaiian Shell","1055-2","#f3dbd9"
"Rose Hip","1055-3","#dbb9b6"
"Pepperberry","1055-4","#c79d9b"
"Cinnamon Diamonds","1055-5","#a97673"
"Barn Door","1055-6","#8e5959"
"Bordeaux","1055-7","#774041"
"Sea Anemone","1056-1","#e8dad6"
"Romeo","1056-2","#e3d2ce"
"Ashes Of Roses","1056-3","#d9bcb7"
"Raffia Cream","1056-4","#cda09a"
"Earth Rose","1056-5","#b57770"
"Fire Weed","1056-6","#9b5b55"
"Brick Dust","1056-7","#86423e"
"Macadamia Nut","1057-1","#eee3dd"
"Cool Melon","1057-2","#ebd1cd"
"Rose Petal","1057-3","#e6c1bb"
"Coral Cove","1057-4","#dda69f"
"Chili Pepper","1057-5","#ca7c74"
"Sienna Red","1057-6","#b1635e"
"Burning Bush","1057-7","#a0403e"
"Potpourri","1058-1","#f1e0db"
"Cameo Peach","1058-2","#ebcfc9"
"Tangy Taffy","1058-3","#e7cac3"
"Mesa Pink","1058-4","#ddb1a8"
"Sunstone","1058-5","#c7887f"
"Pizza Pie","1058-6","#ab6057"
"Autumn Ridge","1058-7","#9b423f"
"Apricot Cream","1059-1","#eeded8"
"Birthday Cake","1059-2","#e9d2cc"
"Reindeer","1059-3","#dac0ba"
"Parfait","1059-4","#c8a6a1"
"Ferris Wheel","1059-5","#ad7d76"
"Canyon Stone","1059-6","#93625b"
"Sweet Spiceberry","1059-7","#7b453e"
"Winter Peach","1060-1","#ebd9d0"
"China Silk","1060-2","#e3d1cc"
"Kangaroo Paw","1060-3","#decac5"
"Velveteen Crush","1060-4","#cdaea5"
"Bedford Brown","1060-5","#aa8880"
"Raspberry Truffle","1060-6","#8a5d55"
"Warm Mahogany","1060-7","#6d4741"
"Irish Cream","1061-1","#efe7df"
"Wistful Beige","1061-2","#eaddd7"
"Belle Of The Ball","1061-3","#e3cbc0"
"Just Rosey","1061-4","#c4a295"
"Cappucino Bombe","1061-5","#b4897d"
"Safari Brown","1061-6","#976c60"
"Bigfoot","1061-7","#715145"
"Butter Icing","1062-1","#efe3d9"
"Coral Cream","1062-2","#ead6ce"
"Ginger Shortbread","1062-3","#e3cec6"
"Sandpaper","1062-4","#d7b1a5"
"Big Cypress","1062-5","#b98675"
"Apple Brown Betty","1062-6","#9c6757"
"Warm Wassail","1062-7","#864f3e"
"Polo Tan","1063-1","#f4e5dd"
"Spice Cookie","1063-2","#f0ded3"
"Pale Coral","1063-3","#f2d1c4"
"Georgia Peach","1063-4","#ecbdb0"
"Orange Essential","1063-5","#d1907c"
"Crushed Cinnamon","1063-6","#b7735e"
"Ancient Copper","1063-7","#9f543e"
"Aubergine","1064-1","#f2e4dd"
"Pink Chablis","1064-2","#f4ded9"
"Texas Rose","1064-3","#f1d2c9"
"Peach Beige","1064-4","#ecbcb2"
"Holland Tile","1064-5","#dd9789"
"Sahara Sun","1064-6","#c67363"
"Rum Raisin","1064-7","#a4493d"
"Chantilly Lace","1065-1","#f1e2de"
"Fiesta","1065-2","#edd8d2"
"Honeysweet","1065-3","#e9cfc8"
"Sweet Peach","1065-4","#e2bcb3"
"Mexican Moonlight","1065-5","#c99387"
"Cinnabar","1065-6","#ae6456"
"Cedar Chest","1065-7","#91493e"
"Siesta Sands","1066-1","#f1e6e0"
"Slightly Peach","1066-2","#f1ddd8"
"Cool Cantaloupe","1066-3","#f1d3ca"
"Adorable","1066-4","#e3beb0"
"Copper Trail","1066-5","#c18978"
"Amaretto","1066-6","#ab6f60"
"Baked Bean","1066-7","#8c4f42"
"Pine Hutch","1067-1","#ecdbd2"
"Bare Beige","1067-2","#e8d3c9"
"Au Naturel","1067-3","#e8cac0"
"Summer Tan","1067-4","#e0b4a4"
"Copper Beech","1067-5","#b1715a"
"Warm Up","1067-6","#9e6654"
"Burled Redwood","1067-7","#8f4c3a"
"Sweet Gardenia","1068-1","#efe4da"
"Sablewood","1068-2","#ecdfd6"
"Sultan Sand","1068-3","#e3c9be"
"Suntan","1068-4","#d9b19f"
"Terrazzo Tan","1068-5","#be8973"
"Nutmeg","1068-6","#a8715a"
"Spiced Cider","1068-7","#915b41"
"Nosegay","1069-1","#efdbcd"
"Scotchtone","1069-2","#ebccb9"
"Starfish","1069-3","#e5bca5"
"Orange Maple","1069-4","#d3a083"
"Honey Graham","1069-5","#bc886a"
"Foxfire Brown","1069-6","#9f6949"
"Cinnamon Spice","1069-7","#935f43"
"Canyon Peach","1070-1","#eedacb"
"Blush Beige","1070-2","#edd5c7"
"Tantalizing Tan","1070-3","#e7c3ac"
"Clay Fire","1070-4","#d8a686"
"Hitching Post","1070-5","#c48d69"
"Ginger Spice","1070-6","#a66e49"
"Cinnamon Stick","1070-7","#966544"
"South Peak","1071-1","#eadfd2"
"Enjoy","1071-2","#ead4c4"
"Birthday Suit","1071-3","#e2c7b6"
"Cinnamon Ice","1071-4","#dbbba7"
"Cool Clay","1071-5","#ba947b"
"Prairie Fire","1071-6","#996e5a"
"Spiced Cinnamon","1071-7","#805b48"
"Almond Roca","1072-1","#f0e8e0"
"Sandy Beach","1072-2","#e9dad2"
"Wild Rice","1072-3","#d5bfb4"
"Taupe Tapestry","1072-4","#c3a79a"
"Tattered Teddy","1072-5","#a2806f"
"Suede Leather","1072-6","#896757"
"Bird House Brown","1072-7","#6c483a"
"Lotus Petal","1073-1","#f2e9dc"
"Malted Milk","1073-2","#e8d9ce"
"Pale Taupe","1073-3","#e3d1c8"
"Pueblo","1073-4","#d0bbb0"
"Tanglewood","1073-5","#a58f85"
"Derby Brown","1073-6","#8a7265"
"Fudge","1073-7","#63493e"
"Pearls And Lace","1074-1","#eee6db"
"Moroccan Moonlight","1074-2","#eae0d4"
"Bermuda Sand","1074-3","#dacbbf"
"Notorious","1074-4","#bda998"
"Peppered Pecan","1074-5","#957d6f"
"Caramelized Walnut","1074-6","#6e564a"
"Little Bear","1074-7","#604b42"
"Linen Ruffle","1075-1","#efebe3"
"Indian Muslin","1075-2","#eae3d8"
"Casual Elegance","1075-3","#dfd5c8"
"Thumper","1075-4","#bdada4"
"Ranch Mink","1075-5","#968379"
"Poppy Pods","1075-6","#736157"
"Fudge Truffle","1075-7","#604a3f"
"Fuzzy Unicorn","1076-1","#eae3db"
"Ash","1076-2","#e4ded5"
"Gotta Have It","1076-3","#d0c2b4"
"Cuppa Coffee","1076-4","#b09f8f"
"Locomotion","1076-5","#988171"
"Warrior","1076-6","#7d685b"
"Ground Coffee","1076-7","#63554b"
"Berkshire Lace","1077-1","#f0e1cf"
"Sandpiper","1077-2","#ebdac8"
"Persuasion","1077-3","#c4ae96"
"Weathered Wood","1077-4","#b19c86"
"Chocolate Moment","1077-5","#998069"
"Salted Pretzel","1077-6","#816b56"
"Coffee House","1077-7","#6c5b4d"
"Cream Puff","1078-1","#eee9dc"
"Water Chestnut","1078-2","#e8e1d5"
"Comfort","1078-3","#e3ceb8"
"Kangaroo","1078-4","#c4ad92"
"Confidence","1078-5","#a98a6b"
"Cocoa Delight","1078-6","#8d725a"
"Chocolate Ripple","1078-7","#76604e"
"String Of Pearls","1079-1","#ebe3d8"
"Stone Harbor","1079-2","#e8e0d8"
"Cocoa Cream","1079-3","#dbc8b6"
"Transcend","1079-4","#c3ac98"
"Cocoloco","1079-5","#aa8f7a"
"Caravel Brown","1079-6","#8c6e54"
"Molasses","1079-7","#74563d"
"Oatmeal Cookie","1080-1","#eadac6"
"Pumpkin Cream","1080-2","#e6c8a9"
"Nutmeg Glow","1080-3","#d8b691"
"Siesta Dreams","1080-4","#c9a480"
"Tropical Tan","1080-5","#ba8f68"
"Cinnamon Crunch","1080-6","#a37d5a"
"Slippery Stone","1080-7","#8d6a4a"
"Elegant Ivory","1081-1","#f1e6d6"
"Beachy Keen","1081-2","#e6d0b6"
"My Love","1081-3","#e1c6a8"
"Cinnamon Frost","1081-4","#d3b191"
"Fire Dust","1081-5","#b98d68"
"Cinnamon Twist","1081-6","#9f7250"
"Copper Pot","1081-7","#936647"
"Honeysuckle","1082-1","#eee2d5"
"Shoreland","1082-2","#ead9cb"
"Ice Cream Cone","1082-3","#e3d0bf"
"Weathered Sandstone","1082-4","#dfc0a6"
"Doeskin","1082-5","#c89b75"
"Cowboy Hat","1082-6","#b27d50"
"Ginger","1082-7","#97653c"
"Percale","1083-1","#f0e8dd"
"Euro Linen","1083-2","#f2e8db"
"Oak Buff","1083-3","#eed8c2"
"Malibu Dune","1083-4","#e7ceb5"
"Cheddar Biscuit","1083-5","#d2ad87"
"Caramel Kiss","1083-6","#b08a61"
"Bourbon","1083-7","#926b43"
"Sugar Soap","1084-1","#efe8dc"
"Onion Powder","1084-2","#ece2d4"
"Sourdough","1084-3","#ddcfbc"
"Happy Trails","1084-4","#cdb69b"
"Coffee Kiss","1084-5","#b19576"
"Cocoa Pecan","1084-6","#967b5d"
"Maple Syrup","1084-7","#75583d"
"Blank Canvas","1085-1","#eae4d6"
"Bone White","1085-2","#e4d9c5"
"Seriously Sand","1085-3","#dcccb4"
"Best Beige","1085-4","#c6b49c"
"Sauteed Mushroom","1085-5","#ab9378"
"Hat Box Brown","1085-6","#8f775d"
"Fig Branches","1085-7","#7a634d"
"Horseradish","1086-1","#eeeadd"
"Brandied Pears","1086-2","#eae2d1"
"Almond Cream","1086-3","#e1cfb2"
"Pony Tail","1086-4","#d2bc9b"
"Earthy Ocher","1086-5","#b89e78"
"Coffee With Cream","1086-6","#a68966"
"Cocoa Cupcake","1086-7","#967859"
"Madonna Lily","1087-1","#eee6db"
"Pearl","1087-2","#efe5d9"
"Antique Parchment","1087-3","#ead8c1"
"Chalkware","1087-4","#e0ceb7"
"Cracker Bitz","1087-5","#d1b088"
"Bread Basket","1087-6","#ab8659"
"Chewy Caramel","1087-7","#977043"
"Angel Food","1088-1","#f0e8d9"
"Ethereal","1088-2","#eedec7"
"Sugared Pears","1088-3","#ebd5b7"
"Splash Of Honey","1088-4","#d8b98c"
"Outback","1088-5","#c9a375"
"Cool Copper","1088-6","#ad8458"
"Sahara Splendor","1088-7","#9b7448"
"Pita Bread","1089-1","#f5e7d2"
"Magnolia Spray","1089-2","#f6e6cb"
"Chai Tea Latte","1089-3","#efd7b3"
"Faint Fawn","1089-4","#e2c59c"
"Bleached Maple","1089-5","#c7a06c"
"Honey Haven","1089-6","#bc9263"
"Caramelized Pecan","1089-7","#a17b4d"
"Magnolia Blossom","1090-1","#f4e7ce"
"Spice Is Nice","1090-2","#ebd0a4"
"Honey Bunny","1090-3","#dbb881"
"Drops Of Honey","1090-4","#d4ae76"
"Good Life","1090-5","#c49e69"
"Allegro","1090-6","#b28959"
"Sugar Maple","1090-7","#9c7647"
"Candlewick","1091-1","#f2ebd3"
"Crescent Moon","1091-2","#f1e9cf"
"Limitless","1091-3","#f0ddb8"
"Halo","1091-4","#e2c392"
"More Maple","1091-5","#d0ab70"
"Tan Your Hide","1091-6","#b5905a"
"Look At Me","1091-7","#a67e4b"
"Queen Anne's Lace","1092-1","#f2eede"
"Mesa Beige","1092-2","#f2ebd6"
"Tuscan Bread","1092-3","#e7d2ad"
"Craftsman Gold","1092-4","#d3b78b"
"Welcome Home","1092-5","#c09c6a"
"It Works","1092-6","#af8a5b"
"Weathered Wicker","1092-7","#97774d"
"Perfect Solution","1093-1","#f2edd7"
"Soleil","1093-2","#f0e5c7"
"Hearth","1093-3","#e1cca6"
"Somber","1093-4","#cbb489"
"Antiquity","1093-5","#c1a87c"
"Tangled Twine","1093-6","#b19466"
"Tattle Tan","1093-7","#a48454"
"Irresistible","1094-1","#e6ddc6"
"Loofah","1094-2","#e3d3b5"
"Birch Beige","1094-3","#d9c3a1"
"Crepe","1094-4","#d4bc94"
"Golden Granola","1094-5","#b8996b"
"Imagine","1094-6","#af9468"
"Molasses Cookie","1094-7","#8b714b"
"Parchment Paper","1095-1","#f1e8d8"
"Glazed Pears","1095-2","#efe3d2"
"Almond Brittle","1095-3","#e5d3b9"
"Golden Ecru","1095-4","#d8c39f"
"Applesauce Cake","1095-5","#c2a377"
"Chicory","1095-6","#a78658"
"Shaker Peg","1095-7","#886a3f"
"Instant Relief","1096-1","#ede7d2"
"Morocco Sand","1096-2","#ece3cc"
"Cookie Dough","1096-3","#dccaa8"
"Real Simple","1096-4","#ccb896"
"Creamy Caramel","1096-5","#b3956c"
"Timber Beam","1096-6","#a0855c"
"Seasoned Acorn","1096-7","#7f6640"
"Colonial White","1097-1","#e9e5d7"
"Southern Breeze","1097-2","#e4dfd1"
"Toasted Almond","1097-3","#dacfba"
"Dusty Trail","1097-4","#c9bba3"
"Stony Creek","1097-5","#ac9a7e"
"Rain Barrel","1097-6","#8b795f"
"Olive Wood","1097-7","#756244"
"Milk Paint","1098-1","#efe9d9"
"Heavy Cream","1098-2","#e8ddc6"
"Sand Fossil","1098-3","#decfb3"
"Spiced Vinegar","1098-4","#cdba99"
"Jute","1098-5","#ad9773"
"Tweed","1098-6","#937b56"
"Muddy River","1098-7","#715d3d"
"Always Almond","1099-1","#ebe5d2"
"Vanilla Love","1099-2","#e6e0cc"
"Lovely Linen","1099-3","#dbceac"
"Subtle Suede","1099-4","#d0bd94"
"Toasted Sesame","1099-5","#af9a73"
"Iced Cappuccino","1099-6","#9c8866"
"Favorite Fudge","1099-7","#877252"
"Mother Of Pearl","1100-1","#f2efe1"
"Adobe White","1100-2","#f2ecd9"
"Baked Bread","1100-3","#dacba9"
"Sailor's Knot","1100-4","#b8a47a"
"Sweet Sparrow","1100-5","#a8946b"
"Twisted Tail","1100-6","#9a845e"
"Paddle Wheel","1100-7","#88724d"
"China White","1101-1","#eae6d9"
"Navajo White","1101-2","#e5ddc8"
"Stylish","1101-3","#cec1a5"
"Rock Cliffs","1101-4","#c0af92"
"Bear Hug","1101-5","#ac9877"
"Leather Loafers","1101-6","#867354"
"Lemur","1101-7","#695f4f"
"Enduring Ice","1102-1","#ebe8db"
"Fossil Stone","1102-2","#e3ddcc"
"Dancing Dolphin","1102-3","#c4baa1"
"Prairie Dust","1102-4","#b9ab8f"
"Saddle Soap","1102-5","#9f906e"
"Woodbridge","1102-6","#847451"
"Pine Cone","1102-7","#665c46"
"Ivory Tower","1103-1","#f0eada"
"Almond Paste","1103-2","#e5dbc5"
"Soft Suede","1103-3","#d8cbad"
"Earthy Cane","1103-4","#c5b28b"
"Rattan","1103-5","#a58e61"
"Wool Tweed","1103-6","#917747"
"Twig Basket","1103-7","#77623a"
"White Rock","1104-1","#eee9d9"
"Abbey White","1104-2","#ebe5d0"
"Deserted Beach","1104-3","#e7dbbf"
"Sandy Pail","1104-4","#d2c098"
"Cool Camel","1104-5","#ae996b"
"Rustic Ranch","1104-6","#8d794f"
"Outrigger","1104-7","#82714d"
"Creamy White","1105-1","#f0e9d6"
"Fuzzy Sheep","1105-2","#f0e9d1"
"Caramelized Pears","1105-3","#e7d5ad"
"Foothills","1105-4","#e1cfa5"
"Appalachian Trail","1105-5","#cfb989"
"Buffalo Hide","1105-6","#bb9f6a"
"Graceful Gazelle","1105-7","#a78a50"
"Maiden Hair","1106-1","#f5e9ca"
"Upbeat","1106-2","#f1d9a5"
"Autumn Glow","1106-3","#e5c382"
"Turner's Yellow","1106-4","#e6c26f"
"Butterscotch Bliss","1106-5","#d7ad62"
"Amaretto Sours","1106-6","#c09856"
"Butterscotch Ripple","1106-7","#b08843"
"Minimal","1107-1","#f3eecd"
"Joyful","1107-2","#f6eec0"
"Turning Oakleaf","1107-3","#ede1a8"
"Demeter","1107-4","#ecda9e"
"Tropical Siesta","1107-5","#ddc073"
"Glorious Gold","1107-6","#cba956"
"Golden Field","1107-7","#c39e44"
"Oyster Cracker","1108-1","#f4f0d2"
"Silk Star","1108-2","#f5eec6"
"Butter Cookie","1108-3","#f0e4b2"
"Wayward Wind","1108-4","#e5d295"
"Spicy Mustard","1108-5","#d1b871"
"Shutter Bug","1108-6","#bba262"
"Obsession","1108-7","#ae9550"
"Slices Of Happy","1109-1","#ede5bc"
"Star Bright","1109-2","#e8ddae"
"Twinkle Toes","1109-3","#e2d39b"
"Citrus Yellow","1109-4","#d7c275"
"Split Pea Soup","1109-5","#c8b165"
"Woolen Mittens","1109-6","#b59f55"
"Autumn Festival","1109-7","#a28b36"
"September Morn","1110-1","#ede6b3"
"Subtle Sunshine","1110-2","#e4d89a"
"Serene Scene","1110-3","#d2c880"
"Secret Safari","1110-4","#c6bb68"
"Gremlin","1110-5","#a79954"
"Off The Grid","1110-6","#9f9049"
"Peas Please","1110-7","#8c7f3c"
"Prairie Winds","1111-1","#e8e6d9"
"Bamboo","1111-2","#e3dec6"
"Safari","1111-3","#d0c6a1"
"Nettle","1111-4","#bbac7d"
"Pineapple Sage","1111-5","#9c8f60"
"Pickled Okra","1111-6","#887647"
"Sphagnum Moss","1111-7","#75693d"
"Little Lamb","1112-1","#eae6d7"
"Cozy Cream","1112-2","#e0dbc7"
"Only Oatmeal","1112-3","#d4cdb5"
"Beach Dune","1112-4","#c6bb9c"
"Woolen Vest","1112-5","#b0a582"
"Willow Tree","1112-6","#9e8f66"
"Russian Olive","1112-7","#726647"
"I Miss You","1113-1","#dddbc5"
"Silver Sage","1113-2","#d1ceb4"
"Northern Landscape","1113-3","#c5c1a3"
"Green Gray Mist","1113-4","#afa984"
"Sweet Annie","1113-5","#9c946e"
"Green Briar","1113-6","#7a744d"
"Olive Green","1113-7","#5d583e"
"Featherstone","1114-1","#e8e7d7"
"River Reed","1114-2","#dedbc4"
"Canary Grass","1114-3","#d0cca9"
"Cress Green","1114-4","#bcb58a"
"Pea Soup","1114-5","#a49d70"
"Bronze Green","1114-6","#8d8752"
"Autumn Fern","1114-7","#797447"
"Really Rain","1115-1","#e8ecdb"
"Sage Splash","1115-2","#e4e5d2"
"Slow Dance","1115-3","#dbdcc4"
"Sage Splendor","1115-4","#c3c6a4"
"Pine Trail","1115-5","#9c9f75"
"Paid In Full","1115-6","#8c8e65"
"Gratefully Grass","1115-7","#71714e"
"Just Perfect","1116-1","#eaecd3"
"More Melon","1116-2","#e0e3c8"
"Forgive Quickly","1116-3","#e1e1be"
"Misty Moor","1116-4","#dad7ad"
"Gracious Glow","1116-5","#bab078"
"Loveliest Leaves","1116-6","#a69a5c"
"Frog's Legs","1116-7","#8c8449"
"Delicate Daisy","1117-1","#e9edc0"
"Awareness","1117-2","#e3ebb1"
"Charming","1117-3","#d4e092"
"Floral Bouquet","1117-4","#bacb7c"
"Beach Bag","1117-5","#adb864"
"Do Not Disturb","1117-6","#99a456"
"Enough Is Enough","1117-7","#898c4a"
"More Mint","1118-1","#e6e8c5"
"April Showers","1118-2","#dadeb5"
"True To You","1118-3","#cdd3a3"
"Jitterbug","1118-4","#bac08a"
"Always Apple","1118-5","#a0a667"
"Vintage Vibe","1118-6","#888f4f"
"Lucky","1118-7","#757d43"
"Magical Melon","1119-1","#e9e9d0"
"Fountain Frolic","1119-2","#e4e4c5"
"Beach Grass","1119-3","#dcddb8"
"Dancing Kite","1119-4","#c8cc9e"
"Fancy Flirt","1119-5","#b4b780"
"Golden Grass","1119-6","#9ea26b"
"Glade Green","1119-7","#868b53"
"Mental Note","1120-1","#eaeede"
"Gratitude","1120-2","#e0ead7"
"Great Joy","1120-3","#d8e6cb"
"Pistachio Pudding","1120-4","#c6d4ac"
"Harmonious","1120-5","#afc195"
"Luscious Lime","1120-6","#91a673"
"Mint Leaves","1120-7","#6a7d4e"
"Milkweed","1121-1","#e3e8d9"
"Lime Spritz","1121-2","#dae1cf"
"Pale Moss Green","1121-3","#d0dbc4"
"Quaking Grass","1121-4","#bbc6a4"
"Guacamole","1121-5","#9aa77c"
"Moss Point Green","1121-6","#7e8d60"
"Globe Artichoke","1121-7","#5f6c3c"
"White Smoke","1122-1","#e8e8d7"
"Lime Wash","1122-2","#dfe3d0"
"Pickling Spice","1122-3","#cfd2b5"
"Bahia Grass","1122-4","#b9bd97"
"Dill","1122-5","#9da073"
"Oregano","1122-6","#7f8353"
"Oakmoss","1122-7","#6d7244"
"Ageless","1123-1","#ececdf"
"Magical Stardust","1123-2","#eaeadb"
"Wild Wheat","1123-3","#e0e1d1"
"Only Olive","1123-4","#cbccb5"
"Envy","1123-5","#a4a582"
"Playing Hooky","1123-6","#8b8c6b"
"Rustling Leaves","1123-7","#6b6d4e"
"Touch Of Lime","1124-1","#e1e5d7"
"Pale Vista","1124-2","#d8dece"
"Frosty Pine","1124-3","#c7cfbe"
"Light Sage","1124-4","#b2b9a5"
"Cavern Moss","1124-5","#92987d"
"Dark Sage","1124-6","#6d765b"
"Grape Leaves","1124-7","#576049"
"Rain Cloud","1125-1","#e1e1d5"
"White Sage","1125-2","#d2d4c3"
"Whispering Pine","1125-3","#c8cab5"
"Olive Sprig","1125-4","#acaf95"
"Hemlock","1125-5","#909373"
"Toy Tank Green","1125-6","#6d6f4f"
"Pinetop","1125-7","#57593f"
"Sterling Shadow","1126-1","#e9ebde"
"Twilight Twist","1126-2","#e5e6d7"
"Pinch Of Pistachio","1126-3","#ddddcc"
"Side Kick","1126-4","#bfc3ae"
"Zebra Grass","1126-5","#9da286"
"Pine Garland","1126-6","#797e65"
"All About Olive","1126-7","#676c58"
"Lime Daiquiri","1127-1","#dde6d7"
"Liberated Lime","1127-2","#d8ddcc"
"Merry Music","1127-3","#ced3c1"
"Gargoyle ","1127-4","#abb39e"
"Shebang","1127-5","#81876f"
"Winning Ticket","1127-6","#636653"
"Fresh Basil","1127-7","#5c5f4b"
"Anonymous","1128-1","#dadcd3"
"Frivolous Folly","1128-2","#cfd2c7"
"Life Lesson","1128-3","#c5cabe"
"Balsam","1128-4","#bec4b7"
"Green Tea Leaf","1128-5","#939a89"
"Thyme Green","1128-6","#737b6c"
"Castle Stone","1128-7","#525746"
"Cloudy Day","1129-1","#dfe6da"
"Falling Star","1129-2","#cad5c8"
"Castaway","1129-3","#cdd4c6"
"Coastal Crush","1129-4","#b4c0af"
"Farm Fresh","1129-5","#8e9b88"
"Lottery Winnings","1129-6","#768371"
"Evergreen Boughs","1129-7","#50594f"
"Summer Rain","1130-1","#e1e8db"
"Mint Wafer","1130-2","#dce5d8"
"St. Augustine","1130-3","#d0ddcc"
"Lime Taffy","1130-4","#bad1b5"
"Pear Cactus","1130-5","#91af88"
"Moss Ring","1130-6","#729067"
"Mountain Forest","1130-7","#4d663e"
"Green Whisper","1131-1","#e3eee3"
"Herbal Mist","1131-2","#d2e6d3"
"Dreamcatcher","1131-3","#c8dfc3"
"French Market","1131-4","#a2c7a3"
"Chatty Cricket","1131-5","#89b386"
"Succulent Leaves","1131-6","#658e64"
"Clover Leaf","1131-7","#53734c"
"Clair De Lune","1132-1","#dbe9df"
"Solitaire","1132-2","#c6decf"
"Taffy Twist","1132-3","#aad0ba"
"Grand Gusto","1132-4","#86bb9d"
"Plumosa","1132-5","#64a281"
"Mallard Green","1132-6","#478865"
"Brunswick","1132-7","#236649"
"Icicle","1133-1","#dde7df"
"Tenderness","1133-2","#c8dbce"
"Limelight","1133-3","#bdd0c3"
"Silver Leaf","1133-4","#9db7a5"
"Slate Green","1133-5","#7a9682"
"Painted Turtle","1133-6","#56745f"
"Royal Hunter Green","1133-7","#3f5948"
"Hydrangea Floret","1134-1","#e6eae0"
"Tidal Foam","1134-2","#e2e8df"
"Pine Frost","1134-3","#deeae0"
"Pine Whisper","1134-4","#b3c6b9"
"Birch Forest","1134-5","#899a8b"
"English Ivy","1134-6","#6a7b6b"
"Pine Forest","1134-7","#415241"
"Poetic License","1135-1","#e4e8e1"
"Morning Rush","1135-2","#dee4dc"
"Secret Crush","1135-3","#d7dfd6"
"Aquamarine Dream","1135-4","#b3c4ba"
"Paradise Found","1135-5","#83988c"
"Calabash Clash","1135-6","#728478"
"Obligation","1135-7","#54645c"
"Sea Pearl","1136-1","#e0e9e4"
"Rainsong","1136-2","#dee8e3"
"Morning Breeze","1136-3","#d5e3de"
"Blue Shamrock","1136-4","#bacbc4"
"Spruce Shade","1136-5","#91a49d"
"Dwarf Spruce","1136-6","#71847d"
"Dark Green Velvet","1136-7","#4a5b51"
"Spring Rain","1137-1","#ecf1ec"
"Northern Lights","1137-2","#e6f0ea"
"Waterscape","1137-3","#dcece7"
"Copenhagen","1137-4","#adc8c0"
"Silver Laurel","1137-5","#829f96"
"Salal Leaves","1137-6","#637d74"
"Black Spruce","1137-7","#395648"
"Cactus Blossom","1138-1","#d8e5dd"
"Geyser","1138-2","#c4d7cf"
"Crystal Oasis","1138-3","#afc7bf"
"Donnegal","1138-4","#8caea3"
"Pine Ridge","1138-5","#6d9185"
"Christmas Ivy","1138-6","#477266"
"Midnight Clover","1138-7","#3c574e"
"Summer Breeze","1139-1","#d3e5db"
"Malted Mint","1139-2","#bfd6c8"
"Green Silk","1139-3","#a2c2b0"
"Catnip","1139-4","#80aa95"
"Sheffield","1139-5","#638f7b"
"Country Club","1139-6","#3d6c54"
"Billiard Green","1139-7","#305a4a"
"Echo","1140-1","#d7e7e0"
"Sweet Nothings","1140-2","#bbdbd0"
"Tarreyton","1140-3","#a1cdbf"
"Key Largo","1140-4","#7fb6a4"
"Derby Green","1140-5","#599c89"
"Pinehurst","1140-6","#2b7b66"
"Peacock Green","1140-7","#006a50"
"Ice Floe","1141-1","#d8e7e1"
"Green Wave","1141-2","#c3dcd5"
"Cassiopeia","1141-3","#aed0c9"
"Caribbean Green","1141-4","#89bab2"
"Treasure Isle","1141-5","#609d91"
"Carlisle","1141-6","#45867c"
"Deep Veridian","1141-7","#116356"
"Peaceful Night","1142-1","#d6e7e3"
"Big Sky","1142-2","#cde2de"
"Veridian Green","1142-3","#bcd7d4"
"Pitter Patter","1142-4","#9bc2bd"
"Catalina","1142-5","#72a49f"
"Jericho Jade","1142-6","#4d8681"
"Empress Teal","1142-7","#10605a"
"Delicate Mist","1143-1","#e1ebe5"
"Blue Lullaby","1143-2","#c8d7d2"
"Sea Sprite","1143-3","#b7ccc7"
"Parakeet Pete","1143-4","#94b1a9"
"Yucca","1143-5","#75978f"
"Smoky Emerald","1143-6","#4c726b"
"Holly Leaf","1143-7","#2e5a50"
"Morning Fog","1144-1","#d0dbd7"
"Thunder Bay","1144-2","#cbd9d7"
"Babbling Brook","1144-3","#becfcd"
"Holly Glen","1144-4","#a2b7b5"
"Green Granite","1144-5","#7c9793"
"Evening Emerald","1144-6","#56736f"
"Crystal Ball","1144-7","#365955"
"Rain Drop","1145-1","#e7eee8"
"Jack Frost","1145-2","#dae6e3"
"Cave Pearl","1145-3","#d6e5e2"
"Blue Willow","1145-4","#a8bbba"
"Scarborough","1145-5","#809391"
"Juniper Berry","1145-6","#576b6b"
"Night Watch","1145-7","#3c504f"
"Mild Mint","1146-1","#dce6e3"
"Spring Mist","1146-2","#d3e0de"
"Julep Green","1146-3","#c7dbd9"
"Frosty Glade","1146-4","#a0c0bf"
"Palmetto","1146-5","#6d9a9b"
"Lucky Shamrock","1146-6","#487a7b"
"Emerald Pool","1146-7","#155e60"
"Cameo Green","1147-1","#dce6e5"
"Mountain Dew","1147-2","#cfe2e0"
"Misty Aqua","1147-3","#bcdbdb"
"Aqua Fiesta","1147-4","#8cc3c3"
"Teal Bayou","1147-5","#57a1a0"
"Jade Jewel","1147-6","#247e81"
"Tahitian Treat","1147-7","#00686d"
"Meadowsweet Mist","1148-1","#d4e3e2"
"Pistachio Cream","1148-2","#d5e2e1"
"Cosmic Rays","1148-3","#cadada"
"Colonial Aqua","1148-4","#a1bdbf"
"Cathedral Glass","1148-5","#7a999c"
"Vining Ivy","1148-6","#4b7378"
"Deep Emerald","1148-7","#2a545c"
"Alpine Blue","1149-1","#dbe4e5"
"High Sierra","1149-2","#cedee2"
"Scandinavian Sky","1149-3","#c2d3d6"
"Mountain Stream","1149-4","#96afb7"
"Baritone","1149-5","#708e95"
"Azalea Leaf","1149-6","#4a6871"
"Blue Bayberry","1149-7","#2d5360"
"Aqua Sparkle","1150-1","#d3e4e6"
"Water Lily","1150-2","#cee0e3"
"Everglade Mist","1150-3","#b7d7de"
"Kingston Aqua","1150-4","#8fbcc4"
"Acapulco Cliffs","1150-5","#4e9aa8"
"Bermuda","1150-6","#1b7d8d"
"Caribbean Splash","1150-7","#00697c"
"Beachcomber","1151-1","#d9e4e5"
"Embellishment","1151-2","#cbdee2"
"Midsummer's Dream","1151-3","#b4d0d9"
"Crystal Lake","1151-4","#88b5c4"
"Aqua Blue","1151-5","#5e97a9"
"Adventure","1151-6","#34788c"
"Jamaican Dream","1151-7","#04627a"
"Subtle Blue","1152-1","#d9e3e5"
"Breakwater","1152-2","#d1dee4"
"Graceful","1152-3","#a8c0ce"
"Americana","1152-4","#7f9daf"
"Granite Falls","1152-5","#638496"
"Brigade","1152-6","#365d73"
"Shimmering Sea","1152-7","#2b526a"
"Ice Castles","1153-1","#e8efec"
"Artemesia","1153-2","#e3ebea"
"Blue Smoke","1153-3","#d7e0e2"
"Chambray","1153-4","#adbfc8"
"Chalky Blue","1153-5","#7b8f99"
"Silent Night","1153-6","#526771"
"Sailor's Coat","1153-7","#334b58"
"Shooting Star","1154-1","#ecf0eb"
"Aloof","1154-2","#d4e2e6"
"Dartmoor Mist","1154-3","#cddce3"
"Twinkle","1154-4","#adc6d3"
"Serene Stream","1154-5","#819daa"
"Prussian Blue","1154-6","#5d7b89"
"Regatta Bay","1154-7","#2d5367"
"Summer Shower","1155-1","#e1eaec"
"Prelude","1155-2","#dfebee"
"Simply Elegant","1155-3","#cedde7"
"Constellation","1155-4","#bccedb"
"Dresden Dream","1155-5","#8ea7b9"
"Canyon Blue","1155-6","#607b8e"
"Blue Lava","1155-7","#2e5169"
"Austrian Ice","1156-1","#dee6e7"
"Bit Of Heaven","1156-2","#cad7de"
"Always Blue","1156-3","#a2bacb"
"American Anthem","1156-4","#7595ab"
"Smoke Blue","1156-5","#53778f"
"Mountain Lake","1156-6","#2d5975"
"Celestial Blue","1156-7","#2c4d69"
"Glassine","1157-1","#d7e2e5"
"Blue Pearl","1157-2","#c5d9e3"
"Sonata","1157-3","#abc8d8"
"Arabella","1157-4","#82acc4"
"Vanity","1157-5","#5692b2"
"Cosmic Dust","1157-6","#347699"
"Blue Flame","1157-7","#005e88"
"Baby's Breath","1158-1","#d8e4e8"
"Magic Wand","1158-2","#c3d9e4"
"Blue Bows","1158-3","#a4c3d7"
"Serene Sea","1158-4","#78a7c3"
"Cosmopolitan","1158-5","#528bab"
"Blue Oasis","1158-6","#296d93"
"Stunning Sapphire","1158-7","#185887"
"Filigree","1159-1","#dfe7e8"
"Sentimental Lady","1159-2","#c4d3dc"
"Heavenly Blue","1159-3","#a3bbcd"
"Walden Pond","1159-4","#789bb6"
"Stormy Ridge","1159-5","#507b9a"
"Animation","1159-6","#1d5c83"
"Singing The Blues","1159-7","#2b4d68"
"Harbor Mist","1160-1","#dae1e3"
"Magical","1160-2","#c1ceda"
"Rendezvous","1160-3","#abbed0"
"Kaleidoscope","1160-4","#8da8be"
"Blue Beads","1160-5","#5a809e"
"Chinese Porcelain","1160-6","#3a5f7d"
"Blue Tang","1160-7","#2a4b6e"
"Cityscape","1161-1","#dae3e7"
"Sleep Baby Sleep","1161-2","#bed1e1"
"Everlasting","1161-3","#a1bed9"
"Blue Promise","1161-4","#729cc2"
"Ship's Harbor","1161-5","#4f84af"
"Starry Night","1161-6","#286492"
"Brilliant Blue","1161-7","#234e86"
"Harbor Light","1162-1","#d7e0e7"
"Stratosphere","1162-2","#c7d3e0"
"Blue Thistle","1162-3","#adc0d6"
"Alaskan Blue","1162-4","#7e9ec2"
"Shrinking Violet","1162-5","#5d84b1"
"Teeny Bikini","1162-6","#326395"
"Dragonfly","1162-7","#314a76"
"Elusive Blue","1163-1","#dde4e8"
"Memory Lane","1163-2","#c7d1db"
"Pageant Song","1163-3","#b6c3d1"
"Sterling Silver","1163-4","#9eafc2"
"Silver Blueberry","1163-5","#6c8096"
"Blue Fjord","1163-6","#4c6177"
"Blueberry Pie","1163-7","#314d67"
"Windswept","1164-1","#e8ecee"
"Iceberg","1164-2","#dae4ee"
"Blustery Day","1164-3","#d6dfe7"
"Sailor Boy","1164-4","#aebbd0"
"Blueberry Muffin","1164-5","#8290a6"
"Blue Cloud","1164-6","#627188"
"Annapolis Blue","1164-7","#384a66"
"January Dawn","1165-1","#dfe2e5"
"Twinkle Blue","1165-2","#d0d7df"
"Northern Exposure","1165-3","#bfc7d4"
"Innuendo","1165-4","#a4b0c4"
"Evening Hush","1165-5","#7b8ca8"
"Stained Glass","1165-6","#556682"
"Victory Blue","1165-7","#3a405a"
"Bright Star","1166-1","#dde2e6"
"Aster Petal","1166-2","#d4dae2"
"Blue Opal","1166-3","#bbc6d9"
"Easter Egg","1166-4","#99aac8"
"Kimono","1166-5","#6d86b6"
"Blue Odyssey","1166-6","#4f6997"
"Daring Indigo","1166-7","#374874"
"Arctic Dawn","1167-1","#e3e5e8"
"Windsor Haze","1167-2","#dcdfe5"
"Debonaire","1167-3","#cbd0dd"
"Lovely Lilac","1167-4","#a7b0cc"
"Skysail Blue","1167-5","#818db3"
"Blueberry Patch","1167-6","#627099"
"Blue Jewel","1167-7","#465383"
"Moon Lily","1168-1","#e6e6e7"
"Cumberland Fog","1168-2","#dadbdf"
"Pale Violet","1168-3","#c7ccd8"
"Lilac Time","1168-4","#a4abbf"
"Violet Aura","1168-5","#838ba4"
"Grape Haze","1168-6","#606a88"
"Egyptian Violet","1168-7","#3d496d"
"Windswept Beach","1169-1","#e3e4e5"
"Rare Orchid","1169-2","#dbdce2"
"Glacier Pearl","1169-3","#d1d2dc"
"Timeless Lilac","1169-4","#afb2c4"
"Violet Verbena","1169-5","#898ca3"
"Great Grape","1169-6","#6b6d85"
"Royal Hyacinth","1169-7","#464b6a"
"Water Iris","1170-1","#e2e3eb"
"Monet's Lavender","1170-2","#dde0ea"
"Violet Shadow","1170-3","#d1d3e0"
"Spring Lilac","1170-4","#b1b3cb"
"Fresh Lavender","1170-5","#8e90b4"
"Wild Wisteria","1170-6","#686b93"
"Roman Violet","1170-7","#4d517f"
"Silent Delight","1171-1","#e5e7e8"
"Little Dipper","1171-2","#e4e6ea"
"Irradiant Iris","1171-3","#dadee6"
"Cosmic","1171-4","#b8b9cb"
"Cotton Flannel","1171-5","#9090a2"
"Old Mill Blue","1171-6","#6e6f82"
"Chinaberry","1171-7","#464960"
"Snow Storm","1172-1","#eeedea"
"Winter Morn","1172-2","#eae8ec"
"Jam Session","1172-3","#d4cfd6"
"Ash Grove","1172-4","#b9b3bf"
"Tin Lizzie","1172-5","#928a98"
"Silverado","1172-6","#6a6472"
"Blackberry","1172-7","#4a4354"
"Violet Echo","1173-1","#dfdee5"
"February Frost","1173-2","#e0dee3"
"Frosted Lilac","1173-3","#d3d1dc"
"Silverberry","1173-4","#bebbc9"
"Purple Surf","1173-5","#9b95a9"
"Plum Shade","1173-6","#78738b"
"Magic Spell","1173-7","#544f66"
"Orchid Blossom","1174-1","#e4e1e4"
"Violet Whimsey","1174-2","#dad6df"
"Silver Chalice","1174-3","#cdc8d2"
"Cloudberry","1174-4","#b9b3c2"
"Smoky Grape","1174-5","#9b8fa6"
"Purple Rain","1174-6","#736a86"
"Royal Indigo","1174-7","#4e4260"
"Violet Hush","1175-1","#e5e2e7"
"Pale Orchid","1175-2","#dedbe5"
"Lavender Haze","1175-3","#d3d0dd"
"Wild Lilac","1175-4","#beb8cd"
"French Violet","1175-5","#988eb4"
"Purple Grapes","1175-6","#736993"
"Imperial Purple","1175-7","#534a77"
"Peekaboo","1176-1","#e6dee6"
"Orchid Lane","1176-2","#e5dde7"
"Dusky Lilac","1176-3","#d6cbda"
"Purple Essence","1176-4","#c2b1c8"
"Violet Eclipse","1176-5","#a387ac"
"Mirabella","1176-6","#886793"
"Perfectly Purple","1176-7","#694878"
"Orchid Petal","1177-1","#e7e3e7"
"Little Lilac","1177-2","#e0d8df"
"Shy Violet","1177-3","#d6c7d6"
"Lavish Lavender","1177-4","#c2aec3"
"Pale Plum","1177-5","#a489a3"
"Grape Jelly","1177-6","#7e667f"
"Pansy Petal","1177-7","#5f4561"
"Lavender Twilight","1178-1","#e7dfe3"
"Wine Frost","1178-2","#e5d8e1"
"Pale Mauve","1178-3","#dccad8"
"Soft Amethyst","1178-4","#cfb7c9"
"Palisade Orchid","1178-5","#af8ea5"
"Blackberry Jam","1178-6","#87657e"
"Royal Plum","1178-7","#654161"
"Misty Morn","1179-1","#e7e1e3"
"Smoky Orchid","1179-2","#e1d9dc"
"Silver Mauve","1179-3","#dbccd3"
"Rose Marble","1179-4","#ceb9c4"
"Ashberry","1179-5","#b495a4"
"Victorian Plum","1179-6","#8e6278"
"Love Potion","1179-7","#603e53"
"Violet Vapor","1180-1","#e5dae1"
"Rajah Rose","1180-2","#e6d9e2"
"Summer Clover","1180-3","#e5cfde"
"Light Mulberry","1180-4","#d8b7cf"
"Mauve Magic","1180-5","#bf91b2"
"Flowering Raspberry","1180-6","#a16c94"
"Magic Magenta","1180-7","#7f4774"
"Candy Mix","1181-1","#f3dfe3"
"Brittany's Bow","1181-2","#f3d8e0"
"Mountain Laurel","1181-3","#f4c8d5"
"Tickled Pink","1181-4","#efa7bf"
"Rose Glory","1181-5","#e585a5"
"Paris Pink","1181-6","#da6d91"
"Panama Rose","1181-7","#c6577c"
"Pink Booties","1182-1","#efe1e4"
"Blushing Bride","1182-2","#f0d6dd"
"Pale Primrose","1182-3","#eec8d3"
"Garden Party","1182-4","#e3a4b8"
"Primrose","1182-5","#d6859f"
"Geranium Pink","1182-6","#c66787"
"Fuchsia Flock","1182-7","#ab446b"
"Ballerina","1183-1","#f0dee0"
"Cradle Pink","1183-2","#f1d3d9"
"Rose Melody","1183-3","#ecbfc9"
"Brandywine","1183-4","#e69dad"
"Razzberries","1183-5","#d1768c"
"Cherry Pink","1183-6","#c7607b"
"Heart's Desire","1183-7","#ac3e5f"
"Gaiety","1184-1","#f4e4e5"
"Pleasing Pink","1184-2","#f5cdd2"
"Powder Rose","1184-3","#f5b3bc"
"Pink Punch","1184-4","#f392a0"
"Cherry Brandy","1184-5","#e26b81"
"Kenny's Kiss","1184-6","#d45871"
"California Wine","1184-7","#ca4b65"
"Fresco","1185-1","#f4dbd9"
"Kendall Rose","1185-2","#f7cccd"
"Precious Pink","1185-3","#f6b5b6"
"Primrose Garden","1185-4","#f3949b"
"Bleeding Heart","1185-5","#e66a77"
"Cranberry Splash","1185-6","#da5265"
"Calypso Berry","1185-7","#c53a4b"
"Lover's Knot","1186-1","#f2dbdb"
"Blushing Senorita","1186-2","#f3cacb"
"Jaguar Rose","1186-3","#f1b3b6"
"Pink Flambe","1186-4","#e68e96"
"Mexican Chile","1186-5","#d16d76"
"Salsa Diane","1186-6","#bb4f5c"
"Red Licorice","1186-7","#a83e4c"
"Scented Valentine","1187-1","#f3d9d6"
"Lady Pink","1187-2","#f3d2cf"
"Silver Strawberry","1187-3","#f2c1c0"
"River Rouge","1187-4","#ec9b9d"
"Red Cedar","1187-5","#d87678"
"Bonfire","1187-6","#c3585c"
"Red Gumball","1187-7","#ac3a3e"
"Rockabye Baby","1188-1","#f4e4e0"
"Frosted Tulip","1188-2","#f6d8d7"
"Rosewine","1188-3","#f7c2bf"
"Salmon Pink","1188-4","#f6a09d"
"Siesta Rose","1188-5","#ec7878"
"Briquette","1188-6","#e15f65"
"Burnt Red","1188-7","#c6494c"
"Floral Linen","1189-1","#f5e2de"
"Pink Sangria","1189-2","#f6dbd3"
"Rose Pink","1189-3","#f7cac1"
"Riviera Rose","1189-4","#f7b1a6"
"Smoked Salmon","1189-5","#ee867d"
"Wet Coral","1189-6","#d1584c"
"Teaberry Blossom","1189-7","#b44940"
"Limoge Pink","1190-1","#f3e0db"
"Ballet Slipper","1190-2","#f2dbd6"
"Sonia Rose","1190-3","#f3c8c2"
"Soft Salmon","1190-4","#eaaaa2"
"Cranapple","1190-5","#db8079"
"Firecracker","1190-6","#c26157"
"Rum Punch","1190-7","#aa423a"
"Summer Lily","1191-1","#f3ece7"
"Peach Tone","1191-2","#f2e3dc"
"Peach Ash","1191-3","#efc4bb"
"Coral Blush","1191-4","#e5a090"
"Freckles","1191-5","#d78775"
"Cajun Spice","1191-6","#c3705f"
"Glowing Firelight","1191-7","#af5941"
"Champagne Ice","1192-1","#f3e5dc"
"Peachskin","1192-2","#f3e0d8"
"Chic Peach","1192-3","#f0d1c8"
"New Clay","1192-4","#efc1b5"
"Opal Fire","1192-5","#e49c86"
"Summer Sunset","1192-6","#d88167"
"Tabasco","1192-7","#bf5b3c"
"Scalloped Shell","1193-1","#f3e9e0"
"Flamingo Peach","1193-2","#f6e2d8"
"Cameo Rose","1193-3","#f7dfd7"
"Sweet Angel","1193-4","#f5c8bb"
"Coral Serenade","1193-5","#f9a48e"
"Rustic Pottery","1193-6","#df745b"
"Cinnamon Stone","1193-7","#c9543a"
"Jasmine Flower","1194-1","#f4e8e1"
"La Minuet","1194-2","#f5e5dc"
"Ambrosia","1194-3","#f4ded3"
"Sweet Sheba","1194-4","#f0b9a9"
"Warm Welcome","1194-5","#ea9073"
"Clay Pot","1194-6","#e07757"
"Orange Vermillion","1194-7","#bc5339"
"Pale Ecru","1195-1","#f2ebe1"
"Peach Everlasting","1195-2","#f4e2d4"
"Melon Pink","1195-3","#f1d4c4"
"Crab Bisque","1195-4","#f0b599"
"Coral Silk","1195-5","#f2a37d"
"Indiana Clay","1195-6","#e88a5b"
"Field Poppy","1195-7","#d86f3c"
"Peachtree","1196-1","#f3ddcd"
"Melon Ice","1196-2","#f4d9c8"
"Dreamsicle","1196-3","#f5d5c2"
"Shrimp Boat","1196-4","#f5be9d"
"Copper River","1196-5","#f7a270"
"Chinese Lantern","1196-6","#f09056"
"Orange Poppy","1196-7","#e68750"
"Tangelo Cream","1197-1","#f2e9de"
"Light Peach","1197-2","#f2e1d2"
"Bisque","1197-3","#f6d8be"
"Shrimp Toast","1197-4","#f7c5a0"
"Orange Marmalade","1197-5","#faac72"
"Fall Leaf","1197-6","#f69a54"
"Carmelized Orange","1197-7","#ef924a"
"Pecan Sandie","1198-1","#f4decb"
"Budding Peach","1198-2","#f3d4bf"
"Citrus Sachet","1198-3","#f2c6a7"
"Orange Liqueur","1198-4","#edaa80"
"Carrot Cake","1198-5","#dc8c59"
"Tiger Tail","1198-6","#ce7639"
"Sesame Crunch","1198-7","#c26a35"
"Alyssa","1199-1","#f4e2d6"
"Peach Shortcake","1199-2","#f3dfd4"
"Spiced Orange","1199-3","#edc7b6"
"Hush Puppy","1199-4","#e4b095"
"Cinnamon Brandy","1199-5","#cf8d6c"
"Brown Clay","1199-6","#c37c59"
"Fragrant Cloves","1199-7","#ac5e3a"
"China Doll","1200-1","#f3e4d5"
"Sourpatch Peach","1200-2","#f4d9c5"
"Siesta","1200-3","#f0c3a7"
"Orange Clay","1200-4","#e6a57f"
"Georgian Leather","1200-5","#cf875e"
"Ginger Root","1200-6","#c17444"
"Mincemeat","1200-7","#b66a3c"
"Uptown Taupe","1201-1","#f1e4d7"
"Tea Biscuit","1201-2","#efdcca"
"Peach Darling","1201-3","#efcdb4"
"Gentle Doe","1201-4","#e8b793"
"Pumpkin Patch","1201-5","#d59466"
"Gingerbread","1201-6","#cc8149"
"Lucky Penny","1201-7","#bc6f37"
"Vanilla Tan","1202-1","#f1e9dd"
"Peach Surprise","1202-2","#f3e3d1"
"Crisp Won Ton","1202-3","#f3dcc6"
"Caramel Ice","1202-4","#eec9aa"
"Buffalo Trail","1202-5","#e2ac78"
"Polo Pony","1202-6","#d09258"
"Ginger Beer","1202-7","#c27f38"
"Spun Cotton","1203-1","#f3ecdc"
"Mimosa","1203-2","#f5e9d5"
"Peach Dip","1203-3","#f4debf"
"Ginger Peach","1203-4","#f9d09f"
"Zing","1203-5","#fbc17b"
"Goldfish","1203-6","#f2ad62"
"Cornucopia","1203-7","#ed9b44"
"Spice Ivory","1204-1","#f4eedc"
"Vanilla Wafer","1204-2","#f3ead2"
"Creamy Custard","1204-3","#f9e7bf"
"Doodle","1204-4","#fbdca8"
"Chunk Of Cheddar","1204-5","#f9c982"
"Golden Opportunity","1204-6","#f7c070"
"Mango Margarita","1204-7","#f7b74e"
"Combed Cotton","1205-1","#f4f0de"
"Soft Cream","1205-2","#f5efd6"
"Barely Butter","1205-3","#f8e9c2"
"Honey Bee","1205-4","#fcdfa4"
"Evening Glow","1205-5","#fdd792"
"Honey Pot","1205-6","#ffc863"
"Fall Gold","1205-7","#ffbc35"
"Lotus Flower","1206-1","#f4f0da"
"Silk Sails","1206-2","#f6eecd"
"Shiny Silk","1206-3","#f7ecca"
"Sawdust","1206-4","#fbe4af"
"Spiced Butternut","1206-5","#ffd978"
"Fuzzy Navel","1206-6","#ffd15c"
"Rise-n-shine","1206-7","#ffc632"
"Candlelit Beige","1207-1","#f1ede0"
"Golden Mushroom","1207-2","#f4e8d1"
"Honey Beige","1207-3","#f3e2c6"
"Toffee Crunch","1207-4","#efcea0"
"Lion's Mane","1207-5","#e1b270"
"Allspice","1207-6","#cc974d"
"Cider Toddy","1207-7","#b98033"
"Accolade","1208-1","#f1eee2"
"Spice Delight","1208-2","#f3e9cf"
"Belgian Waffle","1208-3","#f3dfb6"
"Gold Buff","1208-4","#ecc481"
"Brown Mustard","1208-5","#dfac59"
"Mayan Treasure","1208-6","#ce9844"
"Gothic Gold","1208-7","#bb852f"
"Satin Weave","1209-1","#f3edd9"
"Sausalito","1209-2","#f4e5c5"
"Dusty Yellow","1209-3","#f5deae"
"Yukon Gold","1209-4","#f3c775"
"Yellow Coneflower","1209-5","#edb856"
"Brass Mesh","1209-6","#e1a84b"
"Mecca Gold","1209-7","#c89134"
"Crisp Candlelight","1210-1","#f4ebd0"
"Gentle Glow","1210-2","#f6e5b9"
"Visionary","1210-3","#f6e0a9"
"Maybe Maui","1210-4","#f6d48d"
"Bright Idea","1210-5","#ecbe63"
"Va Va Voom","1210-6","#e3b34c"
"Curry Sauce","1210-7","#d6a332"
"Good Graces","1211-1","#f3f0d6"
"Heavenly Haze","1211-2","#f3efcd"
"Easy On The Eyes","1211-3","#f9ecb6"
"Twinkle Little Star","1211-4","#fce79a"
"Firelight","1211-5","#f9d97b"
"Beach Party","1211-6","#fbd05c"
"Be Daring","1211-7","#ffc943"
"Capri Cream","1212-1","#f1f0d6"
"Banana Pudding","1212-2","#f4efc3"
"Sunbeam","1212-3","#f5edb2"
"Lazy Daizy","1212-4","#f6eba1"
"Citrus Punch","1212-5","#fdea83"
"Acorn Squash","1212-6","#ffdf38"
"Flirtatious","1212-7","#ffd637"
"Sail Cloth","1213-1","#f0f0e0"
"Blonde Beauty","1213-2","#f2efcd"
"Butter","1213-3","#f4eeba"
"Golden Straw","1213-4","#f5edae"
"Calabash","1213-5","#f8eb97"
"Dilly Dally","1213-6","#f6db5d"
"Crushed Pineapple","1213-7","#efcc44"
"Cake Batter","1214-1","#f0eddb"
"Golden Fleece","1214-2","#f0ead2"
"Banana Brulee","1214-3","#f7eab9"
"Butterfly Bush","1214-4","#f3e4a7"
"Forsythia Blossom","1214-5","#f6d76e"
"Indian Maize","1214-6","#e4c14d"
"Yarrow","1214-7","#d8ad39"
"Clear Yellow","1215-1","#f1f1e6"
"Bright Laughter","1215-2","#f0edd1"
"Pineapple Delight","1215-3","#f0e7a9"
"Canary Yellow","1215-4","#efde75"
"Golden Yarrow","1215-5","#e2c74f"
"Grass Daisy","1215-6","#ceb02a"
"Pollination","1215-7","#b8a02a"
"Morning Glow","1216-1","#eef0d6"
"Cool Yellow","1216-2","#eaefce"
"Spring Blossom","1216-3","#e9edbd"
"Lemon Pepper","1216-4","#ebeca7"
"Fresh Lemonade","1216-5","#ece678"
"Citrus Spice","1216-6","#e6d943"
"Gone Giddy","1216-7","#d9c737"
"Giggle","1217-1","#eff0d3"
"Limited Lime","1217-2","#eaecb9"
"Hip Hop","1217-3","#e4e8a7"
"Mermaid Tears","1217-4","#d9e6a6"
"Lime Splash","1217-5","#cfdb8d"
"Green Gecko","1217-6","#cdd47f"
"Slap Happy","1217-7","#c9cc4a"
"Oh Dahling","1218-1","#edeec5"
"Mystic Melon","1218-2","#edebb4"
"Lively Laugh","1218-3","#e1dd8e"
"Force Of Nature","1218-4","#d5ce69"
"Parachute","1218-5","#beb755"
"Machine Green","1218-6","#a6a23f"
"Be Yourself","1218-7","#9b983d"
"Plain And Simple","1219-1","#ebf0d6"
"Daydream","1219-2","#e3ebae"
"Curious","1219-3","#d9e49e"
"Goody Gumdrop","1219-4","#ccd87a"
"Boogie Blast","1219-5","#bece61"
"Hopscotch","1219-6","#afbb42"
"Lichen","1219-7","#9aa22b"
"Memoir","1220-1","#ecf0da"
"Passionate Pause","1220-2","#edefcb"
"Lots Of Bubbles","1220-3","#e5ecb7"
"High Hopes","1220-4","#deeaaa"
"Clean N Crisp","1220-5","#d0e798"
"Glow Worm","1220-6","#bed565"
"Mojo","1220-7","#a8c74d"
"Aloe Essence","1221-1","#ecf1e2"
"Quiet Rain","1221-2","#e7efcf"
"Mellow Mint","1221-3","#ddedbd"
"Faith","1221-4","#d5ebac"
"Livin' Large","1221-5","#c1e089"
"Be Spontaneous","1221-6","#a5cb66"
"Funky Frog","1221-7","#98bd3c"
"Lime Meringue","1222-1","#e6ecd6"
"Honeydew Melon","1222-2","#e6eccc"
"Aloe Vera","1222-3","#dbe5b9"
"Lettuce Alone","1222-4","#cedda2"
"Lime Green","1222-5","#aec571"
"Asparagus","1222-6","#96af54"
"Antique Moss","1222-7","#7a973b"
"Green Tease","1223-1","#e3ede0"
"Lily Pond","1223-2","#deead8"
"Lime Flip","1223-3","#d2e3cc"
"Bleached Spruce","1223-4","#bad7ae"
"Hearty Hosta","1223-5","#96bf83"
"Grassy Meadow","1223-6","#76a55b"
"Antique Green","1223-7","#588c3a"
"Alaskan Mist","1224-1","#ecf0e5"
"Spearmint Stick","1224-2","#e8f0e2"
"Chilled Mint","1224-3","#e4efde"
"Lantana Lime","1224-4","#d7eccd"
"Almost Aloe","1224-5","#bfe5b1"
"Celery Sprig","1224-6","#9ed686"
"Green Pear","1224-7","#79be58"
"Hint Of Mint","1225-1","#e3efe1"
"Dewmist Delight","1225-2","#dceedb"
"Applemint","1225-3","#cdeacd"
"Lime Sorbet","1225-4","#bee5be"
"May Apple","1225-5","#92d599"
"Bermuda Grass","1225-6","#6bc271"
"Leap Frog","1225-7","#41a94f"
"Tint Of Green","1226-1","#dae9dc"
"Peppermint Patty","1226-2","#d1e6d5"
"Sprite Twist","1226-3","#b9dcc3"
"Heath Green","1226-4","#9acda9"
"Elf Shoe","1226-5","#68b082"
"Basil Pesto","1226-6","#529d6e"
"Blarney Stone","1226-7","#027944"
"Sea Mist","1227-1","#dbeee0"
"Sweet Pea","1227-2","#c4ead5"
"Mountain Mint","1227-3","#a7e0c2"
"Crystal Gem","1227-4","#79d0a7"
"Aragon Green","1227-5","#47ba87"
"Beanstalk","1227-6","#31aa74"
"Green Gloss","1227-7","#00955e"
"Maggie's Magic","1228-1","#ddeee2"
"Jade Spell","1228-2","#c1e5d5"
"Flowering Cactus","1228-3","#a2d4bd"
"Green Balloon","1228-4","#80c4a9"
"Laurel Wreath","1228-5","#52a786"
"Leprechaun","1228-6","#29906d"
"Ivy League","1228-7","#007958"
"Wintergreen","1229-1","#d4ede3"
"Wintergreen Mint","1229-2","#bde8d8"
"Almost Aqua","1229-3","#98ddc5"
"Tropical Tide","1229-4","#5ecaae"
"Aloha","1229-5","#1db394"
"Congo Green","1229-6","#00a483"
"Carolina Green","1229-7","#008b6d"
"Tropical Dream","1230-1","#d9eae5"
"Serendipity","1230-2","#bde1d8"
"Whirlpool","1230-3","#a5d8cd"
"Pale Jade","1230-4","#77c3b4"
"Jewel Weed","1230-5","#46a795"
"Miami Jade","1230-6","#17917f"
"Medieval Forest","1230-7","#007e6b"
"Hallowed Hush","1231-1","#e2ebe5"
"Swan Lake","1231-2","#c5e5e2"
"Minerva","1231-3","#b5deda"
"Tropical Holiday","1231-4","#8fcdc7"
"Artesian Well","1231-5","#5eb2aa"
"Azure Tide","1231-6","#2b9890"
"Romantic Isle","1231-7","#007c75"
"Ice Blue","1232-1","#e1ede6"
"Cascade","1232-2","#d4ede6"
"Silent Ripple","1232-3","#abe3de"
"Isle Royale","1232-4","#80d7cf"
"Tint Of Turquoise","1232-5","#41bfb5"
"Grecian Isle","1232-6","#00a49b"
"Torrid Turquoise","1232-7","#00938b"
"Free Spirit","1233-1","#deeeed"
"Seaspray","1233-2","#d2ebea"
"Pale Seafoam","1233-3","#c3e7e8"
"Seascape Green","1233-4","#b5e4e4"
"Tropical Splash","1233-5","#70cbce"
"Montego Bay","1233-6","#3fbabd"
"Riviera Paradise","1233-7","#009a9e"
"Aqua Tint","1234-1","#e5f1ee"
"Plateau","1234-2","#d3e7e5"
"Aqua Whisper","1234-3","#bfdfdf"
"Fling Green","1234-4","#8ecfd0"
"Biscay Bay","1234-5","#4fb3b3"
"Sea Fantasy","1234-6","#1a9597"
"Hypnotic Sea","1234-7","#00787f"
"Kiss Me Kate","1235-1","#e8efec"
"Blue Phlox","1235-2","#d2e6e8"
"Galactica","1235-3","#c4dde2"
"Idyllic Isle","1235-4","#94c8d2"
"Blue Calypso","1235-5","#55a7b6"
"Safe Harbor","1235-6","#1e8ea1"
"Bimini Blue","1235-7","#007a91"
"Breathless","1236-1","#deeced"
"Enchanted Evening","1236-2","#d3e9ec"
"Surf's Up","1236-3","#c6e4eb"
"Ocean Cruise","1236-4","#9cd4e1"
"High Dive","1236-5","#59b9cc"
"Jamaican Sea","1236-6","#26a5ba"
"Mediterranean Blue","1236-7","#0090a8"
"Bashful","1237-1","#e3eded"
"Diamond Blue","1237-2","#cfe4ee"
"Ariel","1237-3","#aed7ea"
"Horizon Haze","1237-4","#80c1e2"
"Mystic Blue","1237-5","#48a8d0"
"Bellflower","1237-6","#1993be"
"Neptune","1237-7","#007dac"
"Airy","1238-1","#dae6e9"
"Goddess","1238-2","#d0e1e8"
"Flemish Blue","1238-3","#add0e0"
"Harbor Sky","1238-4","#7eb6d0"
"Hush-a-bye","1238-5","#5397b7"
"Blue Paisley","1238-6","#2282a8"
"Port Au Prince","1238-7","#006a93"
"Wavecrest","1239-1","#d6e1e4"
"Duck's Egg Blue","1239-2","#ccdfe8"
"Windsor Way","1239-3","#9fc9e4"
"Salem Blue","1239-4","#66a9d3"
"Quiet Night","1239-5","#3e8fbc"
"North Sea","1239-6","#1d78ab"
"Rave Regatta","1239-7","#00619d"
"Ocean Breeze","1240-1","#d3e5eb"
"Niagara Falls","1240-2","#cbe3ee"
"Songbird","1240-3","#a3d1eb"
"Xavier Blue","1240-4","#6ab4e0"
"Sorcerer","1240-5","#3398ce"
"Newport Blue","1240-6","#1c8ac9"
"Cobalt Glaze","1240-7","#0072b5"
"First Light","1241-1","#d9e6ee"
"Blue Booties","1241-2","#c8ddee"
"Sweet Dreams","1241-3","#9bc7ea"
"Windjammer","1241-4","#62a5df"
"Magical Merlin","1241-5","#3d8ed0"
"Electric Blue","1241-6","#1e80c7"
"Cobalt Stone","1241-7","#0264ae"
"First Frost","1242-1","#dae3e9"
"Touch Of Blue","1242-2","#c2d7e9"
"Viva La Bleu","1242-3","#97bee2"
"Overcast","1242-4","#73a3d0"
"King Triton","1242-5","#3c85be"
"Planetarium","1242-6","#1c70ad"
"Suddenly Sapphire","1242-7","#1a5897"
"Sweet Illusion","1243-1","#e0e8ec"
"Haunting Hue","1243-2","#d3e0ec"
"Baby Bunting","1243-3","#abcaea"
"Victoria Blue","1243-4","#7daee1"
"Blue Dart","1243-5","#518fd1"
"Royal Plume","1243-6","#3c7ac2"
"Rainbow Bright","1243-7","#2863ad"
"Abyss","1244-1","#dfe6ea"
"Blue Silk","1244-2","#d0dce8"
"Valor","1244-3","#a3bcdb"
"Boudoir Blue","1244-4","#7ea3d2"
"Blueberry Popover","1244-5","#5488c0"
"Nocturne Shade","1244-6","#356fad"
"Florentine Lapis","1244-7","#1c5798"
"Orchid Whisper","1245-1","#dde0e8"
"Pale Lilac","1245-2","#dadee9"
"Sweet Emily","1245-3","#cbd1e1"
"Lilac Sachet","1245-4","#abb6d7"
"Blue Hyacinth","1245-5","#8394c5"
"King's Robe","1245-6","#6274ab"
"Crushed Velvet","1245-7","#445397"
"Violet Ice","1246-1","#dee2ec"
"Weeping Wisteria","1246-2","#d7ddec"
"Globe Thistle","1246-3","#c9d1e9"
"French Lilac","1246-4","#adbae3"
"Mystic Iris","1246-5","#8596d2"
"Violets Are Blue","1246-6","#7487c6"
"Blue Calico","1246-7","#5868ae"
"Orchid Mist","1247-1","#e8e6e8"
"Guardian Angel","1247-2","#e4e1ea"
"Misty Violet","1247-3","#dbd7e4"
"Purple Dragon","1247-4","#c6bedd"
"Grape Arbor","1247-5","#a598c7"
"Purple Rhapsody","1247-6","#8278ad"
"Eggplant","1247-7","#5a4e88"
"Coronation","1248-1","#edecec"
"Iris Isle","1248-2","#e8e5ec"
"Velvet Scarf","1248-3","#e3dfec"
"Lilac Breeze","1248-4","#d0c8e6"
"Puturple","1248-5","#ada2ce"
"Magic Carpet","1248-6","#9488be"
"Reign Over Me ","1248-7","#76679e"
"Violet Vogue","1249-1","#e9e1e8"
"Lavender Vista","1249-2","#e3d7e5"
"Grape Glimmer","1249-3","#dccae0"
"Windsor Purple","1249-4","#c9afd0"
"Purple Statice","1249-5","#a885b5"
"Grape Popsicle","1249-6","#9569a3"
"Cleopatra's Gown","1249-7","#795088"
"Angora Pink","1250-1","#ebdfea"
"Lilac Frost","1250-2","#e8deea"
"Syrian Violet","1250-3","#dfcae4"
"Sea Lavender","1250-4","#cfb1d8"
"Plum Perfect","1250-5","#b48ac2"
"Bell Heather","1250-6","#a475b1"
"Royal Lilac","1250-7","#835995"
"Dream Dust","1251-1","#ebe2e8"
"Tiara","1251-2","#eae0e8"
"Sonora Rose","1251-3","#e8d2e3"
"Pink Peony","1251-4","#e1bed9"
"Moorland Heather","1251-5","#cc94be"
"Mulberry Bush","1251-6","#ad6ea0"
"Grape Juice","1251-7","#905284"
"Lavender Pearl","1252-1","#ede5e8"
"Heaven Sent","1252-2","#eee1eb"
"Desert Dawn","1252-3","#eddbe8"
"Sweet Alyssum","1252-4","#e7c2de"
"Chateau Rose","1252-5","#dba3ce"
"Daphne Rose","1252-6","#c37cb3"
"Bermuda Onion","1252-7","#9d5a8f"
"Oceania","10-01","#425a65"
"Sorcerer's Spell","10-02","#657d85"
"Twilight Stroll","10-03","#71898d"
"Polaris","10-04","#a0aead"
"Oyster White","10-05","#e8e5db"
"Thunderbolt","10-06","#7c8783"
"Bay Of Fundy","10-07","#cdd2c9"
"Gale Force","10-08","#bfc8c3"
"Soothing Sapphire","10-09","#48545d"
"Hatteras Gray","10-10","#5c707e"
"Seastone","10-11","#8398a4"
"Cool Gray","10-12","#c3d0d8"
"Foretell","10-13","#a3aeb4"
"Stormy","10-14","#b0bcc3"
"Quest","10-15","#bdc1c1"
"Artifact","10-16","#69808b"
"Blue Opal","10-17","#bbc6d9"
"Debonaire","10-18","#cbd0dd"
"Favorite Flannel","10-19","#70777e"
"Coast Of Maine","10-20","#939da9"
"Acceleration","10-21","#808ea1"
"License To Dream","10-22","#667486"
"Aster Petal","10-23","#d4dae2"
"Inevitable","10-24","#9daab9"
"Winter's Breath","10-25","#d4dddd"
"Simply Elegant","10-26","#cedde7"
"Tradewinds","10-27","#cfdce0"
"Peace","10-28","#a2b2bd"
"Dusty Aqua","10-29","#a2b5ab"
"Niagara Mist","10-30","#bcc8ba"
"White Clover","10-31","#c4d1c6"
"Blue Tang","10-32","#2a4b6e"
"Demeter","11-01","#ecda9e"
"Tainted Gold","11-02","#ead795"
"Grassroots","11-03","#d8c475"
"Country Style","11-04","#ccbf88"
"Old Times Sake","11-05","#b1a26a"
"Safari Scene","11-06","#9d8a50"
"Gobbledygook","11-07","#8e824e"
"Olive Orchard","11-08","#6e6a4c"
"Misty Moor","11-09","#dad7ad"
"In The Dale","11-10","#c8cda0"
"Totally Tickled","11-11","#e4eab7"
"Secret Scribbles","11-12","#b7ad6e"
"Sparrow Song","11-13","#acb17e"
"Leafy Romaine","11-14","#949b64"
"Wistful Walk","11-15","#848947"
"Spinach Salad","11-16","#708054"
"Mossy Gold","11-17","#9c9273"
"Foggy Beach","11-18","#b0a584"
"Distant Valley","11-19","#c2b79a"
"Scottish Moor","11-20","#adaa96"
"Breezeway","11-21","#d6dbc0"
"Northern Landscape","11-22","#c5c1a3"
"Edamame","11-23","#9ca389"
"Smokey Sage","11-24","#808677"
"Plunge Pool","11-25","#656457"
"Wilderness","11-26","#838463"
"Safari","11-27","#d0c6a1"
"Only Oregano","11-28","#89876a"
"Green Gray Mist","11-29","#afa984"
"Lively Ivy","11-30","#b3ae87"
"Thimbleberry Leaf","11-31","#afa97d"
"Tapenade","11-32","#9c9369"
"Corn Silk","12-01","#f9e4ae"
"Cordon Bleu","12-02","#f0ddbb"
"Sun Salutation","12-03","#e7c26f"
"Bulletin Board","12-04","#d4b57f"
"Winter Wheat","12-05","#f5e4bf"
"Lira","12-06","#e2c28d"
"Waves Of Grain","12-07","#efd7ab"
"Bold Butterscotch","12-08","#e6b570"
"Rice Cake","12-09","#f1e7ce"
"Millet","12-10","#f0debb"
"Antique Cream","12-11","#e5ca9e"
"True Blonde","12-12","#dcc49b"
"Camel Tan","12-13","#e8dbc4"
"Craftsman Gold","12-14","#d3b78b"
"Hearth","12-15","#e1cca6"
"Desert Camel","12-16","#c2ae88"
"Tuscan Sun","12-17","#efd7a7"
"Hayloft","12-18","#e0c796"
"Antiquity","12-19","#c1a87c"
"Canvas Satchel","12-20","#ccb88d"
"Foothills","12-21","#e1cfa5"
"Appalachian Trail","12-22","#cfb989"
"Turning Oakleaf","12-23","#ede1a8"
"Gathering Field","12-24","#ab8f55"
"To The Rescue","12-25","#f4e4c6"
"Assateague Sand","12-26","#e1d0b2"
"Soleil","12-27","#f0e5c7"
"At The Beach","12-28","#e7d9b9"
"Ivory Beauty","12-29","#e2d0ad"
"Baguette","12-30","#ceba97"
"Neutral Beige","12-31","#dfcca6"
"Sandcastle Symphony","12-32","#e8d7b8"
"Pomegranate Punch","13-01","#91575d"
"Cherokee Red","13-02","#824e4a"
"Burgundy Wine","13-03","#6c403e"
"Merlot","13-04","#723f45"
"Old Burgundy","13-05","#89585d"
"Chianti","13-06","#72494a"
"Enchanting Eggplant","13-07","#604344"
"Positively Purple","13-08","#6b4d5f"
"Crushed Tomatoes","13-09","#a34747"
"Candy Apple","13-10","#964647"
"Madeira Red","13-11","#943e4d"
"Crazed Cranberry","13-12","#8f4347"
"Roasted Pepper","13-13","#9c4d52"
"Heart's Afire","13-14","#a54f5d"
"Rojo Colonial","13-15","#a34a3e"
"Blaze","13-16","#9d3e3f"
"Purple Parlor","13-17","#595461"
"Pinot Noir","13-18","#605258"
"Purple Dusk","13-19","#7c6b76"
"Pageant Pansy","13-20","#705c79"
"Blackberry","13-21","#4a4354"
"Silverado","13-22","#6a6472"
"Amethyst Haze","13-23","#a0a0aa"
"Magic Dust","13-24","#817c85"
"Daring Indigo","13-25","#374874"
"Blue Lava","13-26","#2e5169"
"Plymouth Blue","13-27","#295266"
"Caribbean Holiday","13-28","#1c6b75"
"Antique Slate","13-29","#455c59"
"Sea Glass","13-30","#3a5a55"
"Still Searching","13-31","#4f6450"
"Emerald City","13-32","#4c6b4e"
"Shadow Taupe","14-01","#b4aaa0"
"Nut Shell","14-02","#9c8f83"
"Seagull","14-03","#e0ded8"
"City Street","14-04","#bab2ab"
"Dark As Night","14-05","#3d4645"
"Winter Feather","14-06","#948e82"
"Scotch Mist","14-07","#e0dbcd"
"Horseradish","14-08","#eeeadd"
"Rock Cliffs","14-09","#c0af92"
"Summer Wheat","14-10","#d9cdb5"
"Static","14-11","#d5d3c3"
"Jewel White","14-12","#eeeada"
"Oyster Shell","14-13","#a0917e"
"Summer Suede","14-14","#c7b8a4"
"French Cream","14-15","#eae3d6"
"Winter Mood","14-16","#efece2"
"Armadillo","14-17","#d7c8b1"
"Gaia","14-18","#d3bc9e"
"Alpaca Wool","14-19","#e4d5bc"
"Purity","14-20","#efe9da"
"Wheat Sheaf","14-21","#dfd4c4"
"Bone White","14-22","#e4d9c5"
"Edelweiss","14-23","#eee8d9"
"Dogwood Blossom","14-24","#e9e6dd"
"Fisherman's Net","14-25","#d3d1be"
"Hideaway","14-26","#c8c0aa"
"True Khaki","14-27","#b8ae98"
"Aldabra","14-28","#aaa492"
"Moth Gray","14-29","#d1c9ba"
"Gray Beige","14-30","#dad1c6"
"Paraffin","14-31","#e5e1d8"
"Ostrich Feather","14-32","#cec7b8"
"Maison De Campagne","15-01","#bb9b7d"
"Apple Butter","15-02","#996f45"
"Bronco Brown","15-03","#ae8661"
"Yosemite Trailhead","15-04","#c7a98d"
"Macaroon Cream","15-05","#efebde"
"White Chip","15-06","#f5f0e2"
"York Ivory","15-07","#e5caa2"
"Burnt Ivory","15-08","#cca571"
"Antelope","15-09","#baa589"
"Petaluma Dust","15-10","#ae9676"
"Rabbit","15-11","#c8ac89"
"Kangaroo","15-12","#c4ad92"
"Chocolate Truffle","15-13","#6f5746"
"Leather","15-14","#98754e"
"Coffee Kiss","15-15","#b19576"
"Best Beige","15-16","#c6b49c"
"Elephant Gray","15-17","#8d847f"
"Introspective","15-18","#6d6053"
"Rapid Rock","15-19","#a39281"
"Ghost Ship","15-20","#887b6e"
"Curlew","15-21","#766859"
"Pumpernickel","15-22","#625141"
"Chestnut","15-23","#624e45"
"French Toast","15-24","#544642"
"Stonington","15-25","#c8bcab"
"Toasted Almond","15-26","#dacfba"
"Botany Beige","15-27","#e5dac8"
"Great Gray","15-28","#cbc1b4"
"El Capitan","15-29","#b7a696"
"Roasted Chestnut","15-30","#9d8c7c"
"Beige Tellin","15-31","#c6b092"
"Portabella","15-32","#8b7867"
"Sombrero Tan","16-01","#d1ac99"
"Summer Spice","16-02","#c79c7c"
"Burning Sand","16-03","#c58f68"
"Capuccino","16-04","#b78565"
"Caramel Sugar","16-05","#b88a74"
"Red Rock Falls","16-06","#a27253"
"Southern Wood","16-07","#9d6f59"
"Antique Mahogany","16-08","#784c42"
"Linen Tint","16-09","#f1e2c6"
"Hummus","16-10","#d9bc86"
"Apollo Gold","16-11","#e2b46c"
"Italian Saffron","16-12","#cd9647"
"Pumpkin Spice","16-13","#ac854e"
"Bran Muffin","16-14","#cc9859"
"Brown Basket","16-15","#ac7b44"
"Treasure Hunt","16-16","#a9805d"
"Tudor Beige","16-17","#bc946d"
"Covered Wagon","16-18","#cda885"
"Broomstick","16-19","#c68b5a"
"Bronze Eucalyptus","16-20","#ae703b"
"Fresh Praline","16-21","#b07447"
"Chaparral","16-22","#a76c40"
"Tampico Brown","16-23","#835842"
"Racy Raisin","16-24","#574642"
"Maple Granola","16-25","#e8cbb4"
"Clay Fire","16-26","#d8a686"
"Copper Trail","16-27","#c18978"
"Crushed Cinnamon","16-28","#b7735e"
"Hunt Club Red","16-29","#9a5247"
"Muted Copper","16-30","#9b6046"
"Rich Clay","16-31","#a15c49"
"Red Clay","16-32","#89483e"
"Suenos","17-01","#96addc"
"Cenote","17-02","#5072b1"
"Hacienda Talavera","17-03","#314a76"
"Kimono","17-04","#6d86b6"
"Blue Calico","17-05","#5868ae"
"Magical Moment","17-06","#7e84b5"
"Crowning Glory","17-07","#816d95"
"Heather Glen","17-08","#b08aae"
"Florentine Pink","17-09","#c86e94"
"Tutti Frutti","17-10","#c25a88"
"Cerise","17-11","#a54976"
"Granada","17-12","#a24041"
"Burnt Red","17-13","#c6494c"
"Bleeding Heart","17-14","#e66a77"
"Rustic Pottery","17-15","#df745b"
"Candy Corn","17-16","#d9624e"
"Mariposa","17-17","#fcd766"
"Sol De Yucatan","17-18","#f1c96a"
"Oro De Maya","17-19","#ebb454"
"Tesoros","17-20","#dfb170"
"Sorbete De Melon","17-21","#fdae6f"
"Dynamo","17-22","#ef913e"
"Cazuela","17-23","#d07d4d"
"Copper Penny","17-24","#d67953"
"Got The Giggles","17-25","#d5d16b"
"Willow Herb","17-26","#aaac32"
"Fern Glow","17-27","#b6c876"
"Mexican Jade","17-28","#729167"
"San Juan Spritz","17-29","#97d4c0"
"Dinner Mint","17-30","#bce7d1"
"Caribbean Crush","17-31","#86c7bf"
"Teal We Meet Again","17-32","#00908d"
"Crumb Cookie","18-01","#f2f0e6"
"River Rock","18-02","#d8cdc4"
"Grey Mauve","18-03","#cab8ab"
"Luxurious","18-04","#c3b8b7"
"Awakening","18-05","#bb9e9b"
"Mexicali Rose","18-06","#c49b9e"
"Luscious Lilac","18-07","#af8f9e"
"Smoky Quartz","18-08","#a18a8d"
"Garlic Clove","18-09","#ece9dd"
"Lotus Petal","18-10","#f2e9dc"
"Pastel Paper","18-11","#f3eae3"
"Granddad's Girl","18-12","#f4e4d9"
"Beige Llama","18-13","#eedbce"
"Spice Beige","18-14","#dfc4b9"
"Shrimp Salad","18-15","#e3b8a9"
"Salmon Eggs","18-16","#c59687"
"Just Blush","18-17","#ece2e3"
"Rose Blush","18-18","#ead7d9"
"Crushed Roses","18-19","#dab7bb"
"Thornberry","18-20","#b68190"
"Moody Mauve","18-21","#a37379"
"Make Mine Mauve","18-22","#a0666b"
"Berries And Cream","18-23","#9c6071"
"Purple Cabbage","18-24","#7c3f55"
"Belleek","18-25","#f4e5d2"
"Peach Brick","18-26","#e5ccbd"
"Peach Beauty","18-27","#e7c3ab"
"Adorable","18-28","#e3beb0"
"Emberglo","18-29","#c67976"
"Lush Rose","18-30","#be727c"
"Raspberry Ripple","18-31","#b2656c"
"Indian Paintbrush","18-32","#ab5959"
"Wright Autumn Green","FLLW144","#8d8752"
"Wright Tanager Red","FLLW287","#c6494c"
"Wright Mustard","FLLW321","#d8ad39"
"Wright Ochre","FLLW325","#cc8149"
"Wright Midnight","FLLW36","#404149"
"Wright Deep Rust","FLLW370","#ae6456"
"Wright Spring Green","FLLW396","#96af54"
"Wright Bluebird","FLLW514","#356fad"
"Wright Turquoise","FLLW518","#1e8ea1"
"Wright Pottery Red","FLLW539","#d78775"
"Wright Gold","FLLW568","#d1a96b"
"Wright Sun Tan","FLLW570","#d29b6f"
"Wright Raspberry","FLLW577","#a54f5d"
"Wright Quiet Green","FLLW618","#76846b"
"Wright Green Olive","FLLW620","#9da073"
"Wright Oak Bark","FLLW623","#957d6f"
"Wright Cherokee Red Taliesin West","FLLW68","#91493e"
"Wright Old Rose","FLLW705","#c07281"
"Wright Pale Mustard","FLLW724","#bbac7d"
"Wright Dark Eggshell","FLLW726","#c8ac89"
"Wright Echo Blue","FLLW741","#6d9a9b"
"Wright Egyptian Blue","FLLW742","#6d9185"
"Wright Murasaki","FLLW771","#9b8c9f"
"Wright Cornfield Tan","FLLW785","#f9e8a5"
"Wright Flesh Pink","FLLW792","#f7b1a6"
"Wright Grey Tan","FLLW840","#cdba99"
"Wright Stone Grey","FLLW858","#bda496"
"Wright Sky Blue","FLLW864","#96afb7"
"Wright Soft Grey ","FLLW872","#acadad"
"Wright Blue Mist","FLLW892","#93c0c5"
"Wright Lemon White","FLLW917","#e3dec6"
"Wright Pearl Gray","FLLW918","#dacfba"
"Wright Shell Pink","FLLW943","#ecc9ca"
"Wright Cloud White","FLLW961","#d2d4d1"
"Wright Pearl White","FLLW994","#f5e8d9"
"Wright Oyster Shell","FLLW999","#e6e0cc"