"Mulberry Silk","1","#94766C"
"Chelsea Mauve","2","#BEAC9F"
"Cabbage Rose","3","#C59F91"
"Rose Brocade","4","#996C6E"
"Deepest Mauve","5","#6D595A"
"Toile Red","6","#8B534E"
"Decorous Amber","7","#AC7559"
"Cajun Red","8","#8D422F"
"Eastlake Gold","9","#C28E61"
"Wickerwork","10","#C19E80"
"Crewel Tan","11","#CBB99B"
"Empire Gold","12","#C19F6E"
"Majolica Green","13","#AEB08F"
"Sheraton Sage","14","#8F8666"
"Gallery Green","15","#708672"
"Billiard Green","16","#45584D"
"Calico","17","#8CA49C"
"Teal Stencil","18","#627F7B"
"Festoon Aqua","19","#A0BBB8"
"Peacock Plume","20","#739694"
"Queen Anne Lilac","21","#C0B6B4"
"Patchwork Plum","22","#7E696A"
"Pewter Tankard","23","#A39B90"
"Curio Gray","24","#988977"
"Rosedust","25","#CC8D84"
"Rachel Pink","26","#E8B9AE"
"Aristocrat Peach","27","#ECCEB9"
"Caen Stone","28","#ECD0B1"
"Acanthus","29","#CDCDB4"
"Colonial Yellow","30","#EFC488"
"Dutch Tile Blue","31","#9AABAB"
"Needlepoint Navy","32","#546670"
"Rembrandt Ruby","33","#974F49"
"Roycroft Rose","34","#C08F80"
"Indian White","35","#EEDAC3"
"Buckram Binding","36","#D9C3A6"
"Morris Room Grey","37","#ADA193"
"Library Pewter","38","#7F7263"
"Portrait Tone","39","#C4957A"
"Roycroft Adobe","40","#A76251"
"Dard Hunter Green","41","#3A4A3F"
"Ruskin Room Green","42","#ACA17D"
"Peristyle Brass","43","#AE905E"
"Hubbard Squash","44","#E9BF8C"
"Antiquarian Brown","45","#946644"
"White Hyacinth","46","#F3E5D1"
"Studio Blue Green","47","#6D817B"
"Bunglehouse Blue","48","#47626F"
"Silver Gray","49","#B8B2A2"
"Classic Light Buff","50","#F0EADC"
"Classic Ivory","51","#F2E0C3"
"Pearl Gray","52","#CBCEC5"
"Porcelain","53","#E9E0D5"
"Twilight Gray","54","#C8BFB5"
"Light French Gray","55","#C2C0BB"
"Classic Sand","56","#D6BCAA"
"Chinese Red","57","#9E3E33"
"Jazz Age Coral","58","#F1BFB1"
"Frostwork","59","#CBD0C2"
"Alexandrite","60","#598C74"
"Salon Rose","61","#AB7878"
"Studio Mauve","62","#C6B9B8"
"Blue Sky","63","#ABD1C9"
"Blue Peacock","64","#014E4C"
"Vogue Green","65","#4B5645"
"Cascade Green","66","#ACB19F"
"Belvedere Cream","67","#F0CDA0"
"Copen Blue","68","#C2CCC4"
"Rose Tan","69","#CD9C85"
"Pink Shadow","70","#DEC3B9"
"Orchid","71","#BC9C9E"
"Deep Maroon","72","#623F45"
"Chartreuse","73","#E1D286"
"Radiant Lilac","74","#A489A0"
"Holiday Turquoise","75","#8AC6BD"
"Appleblossom","76","#DAB5B4"
"Classic French Gray","77","#888782"
"Sunbeam Yellow","78","#F0D39D"
"Pinky Beige","79","#C9AA98"
"Pink Flamingo","80","#CD717B"
"Skyline Steel","1015","#C6BFB3"
"Venetian Yellow","1666","#F6E3A1"
"Icy Lemonade","1667","#F4E8B2"
"Pineapple Cream","1668","#F2EAC3"
"Merlot","2704","#51323B"
"Rockweed","2735","#443735"
"Charcoal Blue","2739","#3D4450"
"Mineral Gray","2740","#515763"
"Rookwood Dark Red","2801","#4B2929"
"Rookwood Red","2802","#622F2D"
"Rookwood Terra Cotta","2803","#975840"
"Renwick Rose Beige","2804","#AF8871"
"Renwick Beige","2805","#C3B09D"
"Rookwood Brown","2806","#7F614A"
"Rookwood Medium Brown","2807","#6E5241"
"Rookwood Dark Brown","2808","#5F4D43"
"Rookwood Shutter Green","2809","#303B39"
"Rookwood Sash Green","2810","#506A67"
"Rookwood Blue Green","2811","#738478"
"Rookwood Jade","2812","#979F7F"
"Downing Straw","2813","#CAAB7D"
"Rookwood Antique Gold","2814","#A58258"
"Renwick Olive","2815","#97896A"
"Rookwood Dark Green","2816","#565C4A"
"Rookwood Amber","2817","#C08650"
"Renwick Heather","2818","#8B7D7B"
"Downing Slate","2819","#777F86"
"Downing Earth","2820","#887B67"
"Downing Stone","2821","#A6A397"
"Downing Sand","2822","#CBBCA5"
"Rookwood Clay","2823","#9A7E64"
"Renwick Golden Oak","2824","#96724C"
"Colonial Revival Green Stone","2826","#A39B7E"
"Colonial Revival Stone","2827","#A7947C"
"Colonial Revival Tan","2828","#D3B699"
"Classical White","2829","#ECE1CB"
"Classical Gold","2831","#EBB875"
"Colonial Revival Gray","2832","#B4B9B9"
"Roycroft Vellum","2833","#E8D9BD"
"Birdseye Maple","2834","#E4C495"
"Craftsman Brown","2835","#AE9278"
"Quartersawn Oak","2836","#85695B"
"Aurora Brown","2837","#6A4238"
"Polished Mahogany","2838","#432722"
"Roycroft Copper Red","2839","#7B3728"
"Hammered Silver","2840","#978A7F"
"Weathered Shingle","2841","#937F68"
"Roycroft Suede","2842","#A79473"
"Roycroft Brass","2843","#7A6A51"
"Roycroft Mist Gray","2844","#C2BDB1"
"Bunglehouse Gray","2845","#988F7B"
"Roycroft Bronze Green","2846","#575449"
"Roycroft Bottle Green","2847","#324038"
"Roycroft Pewter","2848","#616564"
"Westchester Gray","2849","#797978"
"Chelsea Gray","2850","#B6B7B0"
"Sage Green Light","2851","#73705E"
"New Colonial Yellow","2853","#D9AD7F"
"Caribbean Coral","2854","#BE795E"
"Sycamore Tan","2855","#9C8A79"
"Fairfax Brown","2856","#61463A"
"Peace Yellow","2857","#EECF9E"
"Harvest Gold","2858","#D9A06A"
"Beige","2859","#DFC8B5"
"Sage","2860","#B3AE95"
"Avocado","2861","#857C5D"
"Powder Blue","2863","#89A4AD"
"Classical Yellow","2865","#F8D492"
"Snowfall","6000","#E0DEDA"
"Grayish","6001","#CFCAC7"
"Essential Gray","6002","#BCB8B6"
"Proper Gray","6003","#ADA8A5"
"Mink","6004","#847B77"
"Folkstone","6005","#6D6562"
"Black Bean","6006","#403330"
"Smart White","6007","#E4DBD8"
"Individual White","6008","#D4CDCA"
"Imagine","6009","#C2B6B6"
"Flexible Gray","6010","#B1A3A1"
"Chinchilla","6011","#867875"
"Browse Brown","6012","#6E615F"
"Bitter Chocolate","6013","#4D3C3C"
"Vaguely Mauve","6015","#D1C5C4"
"Chaise Mauve","6016","#C1B2B3"
"Intuitive","6017","#B3A3A5"
"Enigma","6018","#8B7C7E"
"Poetry Plum","6019","#6F5C5F"
"Marooned","6020","#4E3132"
"Dreamy White","6021","#E3D9D5"
"Breathless","6022","#D6C2BE"
"Insightful Rose","6023","#C9B0AB"
"Dressy Rose","6024","#B89D9A"
"Socialite","6025","#907676"
"River Rouge","6026","#76595D"
"Cordovan","6027","#5F3D3F"
"Cultured Pearl","6028","#E5DCD6"
"White Truffle","6029","#D7C8C2"
"Artistic Taupe","6030","#C3B1AC"
"Glamour","6031","#B6A09A"
"Dutch Cocoa","6032","#8C706A"
"Bateau Brown","6033","#7A5F5A"
"Arresting Auburn","6034","#5A3532"
"Gauzy White","6035","#E3DBD4"
"Angora","6036","#D1C5BE"
"Temperate Taupe","6037","#BFB1AA"
"Truly Taupe","6038","#AC9E97"
"Poised Taupe","6039","#8C7E78"
"Less Brown","6040","#756761"
"Otter","6041","#56433B"
"Hush White","6042","#E5DAD4"
"Unfussy Beige","6043","#D6C8C0"
"Doeskin","6044","#C6B3A9"
"Emerging Taupe","6045","#B8A196"
"Swing Brown","6046","#947569"
"Hot Cocoa","6047","#806257"
"Terra Brun","6048","#5A382D"
"Gorgeous White","6049","#E7DBD3"
"Abalone Shell","6050","#DBC7BD"
"Sashay Sand","6051","#CFB4A8"
"Sandbank","6052","#C3A497"
"Reddened Earth","6053","#9C6E63"
"Canyon Clay","6054","#85594F"
"Fiery Brown","6055","#5D3831"
"Polite White","6056","#E9DDD4"
"Malted Milk","6057","#DECABD"
"Likeable Sand","6058","#D1B7A8"
"Interface Tan","6059","#C1A392"
"Moroccan Brown","6060","#9D7868"
"Tanbark","6061","#896656"
"Rugged Brown","6062","#694336"
"Nice White","6063","#E6DDD5"
"Reticence","6064","#D9CDC3"
"Bona Fide Beige","6065","#CBB9AB"
"Sand Trap","6066","#BBA595"
"Mocha","6067","#967A6A"
"Brevity Brown","6068","#715243"
"French Roast","6069","#4F3426"
"Heron Plume","6070","#E5E1D8"
"Popular Gray","6071","#D4CCC3"
"Versatile Gray","6072","#C1B6AB"
"Perfect Greige","6073","#B7AB9F"
"Spalding Gray","6074","#8D7F75"
"Garret Gray","6075","#756861"
"Turkish Coffee","6076","#4D3930"
"Everyday White","6077","#E4DCD4"
"Realist Beige","6078","#D3C8BD"
"Diverse Beige","6079","#C2B4A7"
"Utterly Beige","6080","#B5A597"
"Down Home","6081","#907865"
"Cobble Brown","6082","#7A6455"
"Sable","6083","#5F4B3F"
"Modest White","6084","#E6DDD4"
"Simplify Beige","6085","#D6C7B9"
"Sand Dune","6086","#C5B1A2"
"Trusty Tan","6087","#B59F8F"
"Nuthatch","6088","#8E725F"
"Grounded","6089","#785B47"
"Java","6090","#634533"
"Reliable White","6091","#E8DED3"
"Lightweight Beige","6092","#DAC8B8"
"Familiar Beige","6093","#CAB3A0"
"Sensational Sand","6094","#BFA38D"
"Toasty","6095","#957258"
"Jute Brown","6096","#815D40"
"Sturdy Brown","6097","#69482C"
"Pacer White","6098","#E5DDD0"
"Sand Dollar","6099","#D7C5B3"
"Practical Beige","6100","#C9B29C"
"Sands of Time","6101","#BCA38B"
"Portabello","6102","#947A62"
"Tea Chest","6103","#7D644D"
"Kaffee","6104","#65503D"
"Divine White","6105","#E6DCCD"
"Kilim Beige","6106","#D7C5AE"
"Nomadic Desert","6107","#C7B198"
"Latte","6108","#BAA185"
"Hopsack","6109","#9E8163"
"Steady Brown","6110","#8A6B4D"
"Coconut Husk","6111","#70573F"
"Biscuit","6112","#EBDDCB"
"Interactive Cream","6113","#E4CAAD"
"Bagel","6114","#D7B593"
"Totally Tan","6115","#CCA683"
"Tatami Tan","6116","#BA8C64"
"Smokey Topaz","6117","#A57955"
"Leather Bound","6118","#8D623D"
"Antique White","6119","#E8DCC6"
"Believable Buff","6120","#DBC7A8"
"Whole Wheat","6121","#CDB592"
"Camelback","6122","#C5AA85"
"Baguette","6123","#B39167"
"Cardboard","6124","#9C7A56"
"Craft Paper","6125","#8A6645"
"Navajo White","6126","#E9DCC6"
"Ivoire","6127","#E4CEAC"
"Blonde","6128","#DCBD92"
"Restrained Gold","6129","#D2B084"
"Mannered Gold","6130","#C19763"
"Chamois","6131","#AD8451"
"Relic Bronze","6132","#906A3A"
"Muslin","6133","#EADFC9"
"Netsuke","6134","#E0CFB0"
"Ecru","6135","#D0BA94"
"Harmonic Tan","6136","#C6B08A"
"Burlap","6137","#AC9571"
"Artifact","6138","#9A815E"
"Mossy Gold","6139","#7F6743"
"Moderate White","6140","#E9DECF"
"Softer Tan","6141","#DACAB2"
"Macadamia","6142","#CCB79B"
"Basket Beige","6143","#C0A98B"
"Dapper Tan","6144","#947F65"
"Thatch Brown","6145","#867057"
"Umber","6146","#6E543C"
"Panda White","6147","#EAE2D4"
"Wool Skein","6148","#D9CFBA"
"Relaxed Khaki","6149","#C8BBA3"
"Universal Khaki","6150","#B8A992"
"Quiver Tan","6151","#8E7F6A"
"Superior Bronze","6152","#786957"
"Protégé Bronze","6153","#66543E"
"Nacre","6154","#E8E2D4"
"Rice Grain","6155","#DBD0B9"
"Ramie","6156","#CDBDA2"
"Favorite Tan","6157","#C1AE91"
"Sawdust","6158","#998970"
"High Tea","6159","#7E6F59"
"Best Bronze","6160","#5D513E"
"Nonchalant White","6161","#DEDDD1"
"Ancient Marble","6162","#D1CCB9"
"Grassland","6163","#C1BCA7"
"Svelte Sage","6164","#B2AC96"
"Connected Gray","6165","#898473"
"Eclipse","6166","#6B6757"
"Garden Gate","6167","#5E5949"
"Moderne White","6168","#E2E0D7"
"Sedate Gray","6169","#D1CDBF"
"Techno Gray","6170","#BFB9AA"
"Chatroom","6171","#B0AB9C"
"Hardware","6172","#8B8372"
"Cocoon","6173","#726B5B"
"Andiron","6174","#424036"
"Sagey","6175","#E2E2D1"
"Liveable Green","6176","#CECEBD"
"Softened Green","6177","#BBBCA7"
"Clary Sage","6178","#ACAD97"
"Artichoke","6179","#7F8266"
"Oakmoss","6180","#65684C"
"Secret Garden","6181","#4F523A"
"Ethereal White","6182","#E3E2D9"
"Conservative Gray","6183","#D1D0C6"
"Austere Gray","6184","#BEBFB2"
"Escape Gray","6185","#ABAC9F"
"Dried Thyme","6186","#7B8070"
"Rosemary","6187","#64695C"
"Shade‐Grown","6188","#4E5147"
"Opaline","6189","#DCDFD7"
"Filmy Green","6190","#D1D3C7"
"Contented","6191","#BDC0B3"
"Coastal Plain","6192","#9FA694"
"Privilege Green","6193","#7A8775"
"Basil","6194","#626E60"
"Rock Garden","6195","#465448"
"Frosty White","6196","#DDDDD6"
"Aloof Gray","6197","#C9C9C0"
"Sensible Hue","6198","#B6B5AB"
"Rare Gray","6199","#A6A69B"
"Link Gray","6200","#7F7E72"
"Thunderous","6201","#6D6C62"
"Cast Iron","6202","#64645A"
"Spare White","6203","#E4E4DD"
"Sea Salt","6204","#CDD2CA"
"Comfort Gray","6205","#BEC3BB"
"Oyster Bay","6206","#AEB3A9"
"Retreat","6207","#7A8076"
"Pewter Green","6208","#5E6259"
"Ripe Olive","6209","#44483D"
"Window Pane","6210","#D7DFD8"
"Rainwashed","6211","#C2CDC5"
"Quietude","6212","#ADBBB2"
"Halcyon Green","6213","#9BAAA2"
"Underseas","6214","#7C8E87"
"Rocky River","6215","#5E706A"
"Jasper","6216","#343B36"
"Topsail","6217","#DAE2E0"
"Tradewind","6218","#C2CFCF"
"Rain","6219","#ABBEBF"
"Interesting Aqua","6220","#9BAFB2"
"Moody Blue","6221","#7A9192"
"Riverway","6222","#5D7274"
"Still Water","6223","#4A5D5F"
"Mountain Air","6224","#D8E0DF"
"Sleepy Blue","6225","#BCCBCE"
"Languid Blue","6226","#A4B7BD"
"Meditative","6227","#96AAB0"
"Refuge","6228","#607D84"
"Tempe Star","6229","#47626A"
"Rainstorm","6230","#244653"
"Rock Candy","6231","#DEE1DF"
"Misty","6232","#CDD2D2"
"Samovar Silver","6233","#B8BEBE"
"Uncertain Gray","6234","#A9B0B1"
"Foggy Day","6235","#727C7F"
"Grays Harbor","6236","#596368"
"Dark Night","6237","#23383F"
"Icicle","6238","#DBDFE0"
"Upward","6239","#BFC9D0"
"Windy Blue","6240","#AABAC6"
"Aleutian","6241","#98A9B7"
"Bracing Blue","6242","#768B9A"
"Distance","6243","#5D6F7F"
"Naval","6244","#2F3D4C"
"Quicksilver","6245","#DDE2E0"
"North Star","6246","#CAD0D2"
"Krypton","6247","#B8C0C3"
"Jubilee","6248","#ADB5B9"
"Storm Cloud","6249","#7A848D"
"Granite Peak","6250","#606B75"
"Outerspace","6251","#586168"
"Ice Cube","6252","#E3E4E1"
"Olympus White","6253","#D4D8D7"
"Lazy Gray","6254","#BEC1C3"
"Morning Fog","6255","#A8AEB1"
"Serious Gray","6256","#7D848B"
"Gibraltar","6257","#626970"
"Tricorn Black","6258","#2F2F30"
"Spatial White","6259","#DDDCDB"
"Unique Gray","6260","#CBC9C9"
"Swanky Gray","6261","#B5B1B5"
"Mysterious Mauve","6262","#A6A3A9"
"Exclusive Plum","6263","#736F78"
"Midnight","6264","#5D5962"
"Quixotic Plum","6265","#4A4653"
"Sensitive Tint","6267","#CEC9CC"
"Veiled Violet","6268","#BDB5B9"
"Beguiling Mauve","6269","#AFA7AC"
"Soulmate","6270","#85777B"
"Expressive Plum","6271","#695C62"
"Plum Brown","6272","#4E4247"
"Destiny","6274","#CFC9C8"
"Fashionable Gray","6275","#BDB8B8"
"Mystical Shade","6276","#AEA9AA"
"Special Gray","6277","#7B787D"
"Cloak Gray","6278","#605E63"
"Black Swan","6279","#3A373E"
"Wallflower","6281","#DBCFD4"
"Mauve Finery","6282","#CBB8C0"
"Thistle","6283","#AA8E9A"
"Plum Dandy","6284","#8B6878"
"Grape Harvest","6285","#7E5A6D"
"Mature Grape","6286","#5F3F54"
"Rosebud","6288","#E0CDD1"
"Delightful","6289","#D2B6BE"
"Rosé","6290","#B995A1"
"Moss Rose","6291","#9E6D79"
"Berry Bush","6292","#8D5869"
"Fabulous Grape","6293","#6D344F"
"Demure","6295","#E8D4D5"
"Fading Rose","6296","#DABDC1"
"Rose Embroidery","6297","#C79EA2"
"Concerto","6298","#9E6B75"
"Aged Wine","6299","#895460"
"Burgundy","6300","#63333E"
"Innocence","6302","#EBD1CF"
"Rose Colored","6303","#DCB6B5"
"Pressed Flower","6304","#C39393"
"Rambling Rose","6305","#995D62"
"Cordial","6306","#864C52"
"Fine Wine","6307","#723941"
"Charming Pink","6309","#EDD3D2"
"Lotus Flower","6310","#E6BDBD"
"Memorable Rose","6311","#CF8A8D"
"Redbud","6312","#AD5E65"
"Kirsch Red","6313","#974953"
"Luxurious Red","6314","#863A42"
"Rosy Outlook","6316","#EBCECB"
"Gracious Rose","6317","#E3B7B1"
"Resounding Rose","6318","#CD8E89"
"Reddish","6319","#B56966"
"Bravado Red","6320","#A0524E"
"Red Bay","6321","#8E3738"
"Intimate White","6322","#F0E1D8"
"Romance","6323","#EBCFC3"
"Mellow Coral","6324","#E3B5A8"
"Constant Coral","6325","#CD8E7F"
"Henna Shade","6326","#B3675D"
"Bold Brick","6327","#A0584F"
"Fireweed","6328","#7B3730"
"Faint Coral","6329","#EEDED5"
"Quaint Peche","6330","#EACDC1"
"Smoky Salmon","6331","#E2B6A7"
"Coral Island","6332","#CE9382"
"Foxy","6333","#A85E53"
"Flower Pot","6334","#8F4438"
"Fired Brick","6335","#83382A"
"Nearly Peach","6336","#EFDED1"
"Spun Sugar","6337","#EDD2C0"
"Warming Peach","6338","#E4B9A2"
"Persimmon","6339","#D9987C"
"Baked Clay","6340","#C1785C"
"Red Cent","6341","#AD654C"
"Spicy Hue","6342","#994B35"
"Alluring White","6343","#EFE1D2"
"Peach Fuzz","6344","#ECCFBB"
"Sumptuous Peach","6345","#E5B99B"
"Fame Orange","6346","#DB9C7B"
"Chrysanthemum","6347","#C47B5B"
"Reynard","6348","#B46848"
"Pennywise","6349","#A2583A"
"Intricate Ivory","6350","#EDDDCA"
"Sweet Orange","6351","#EBCCB3"
"Soft Apricot","6352","#E0B392"
"Chivalry Copper","6353","#D4966E"
"Armagnac","6354","#C38058"
"Truepenny","6355","#B46C42"
"Copper Mountain","6356","#A6613C"
"Choice Cream","6357","#F0E1D0"
"Creamery","6358","#EDD0B6"
"Sociable","6359","#E8BE9B"
"Folksy Gold","6360","#D69969"
"Autumnal","6361","#CD8C5D"
"Tigereye","6362","#BB7748"
"Gingery","6363","#B06C3E"
"Eggwhite","6364","#F3E5D2"
"Cachet Cream","6365","#F3D9BA"
"Ambitious Amber","6366","#F0CB97"
"Viva Gold","6367","#E3AC72"
"Bakelite Gold","6368","#D7995D"
"Tassel","6369","#C6884A"
"Saucy Gold","6370","#B6743B"
"Vanillin","6371","#F2E3CA"
"Inviting Ivory","6372","#F2D5B0"
"Harvester","6373","#EDC38E"
"Torchlight","6374","#E5AE6B"
"Honeycomb","6375","#D59858"
"Gold Coast","6376","#C78538"
"Butterscotch","6377","#B67D3C"
"Crisp Linen","6378","#F3E6D4"
"Jersey Cream","6379","#F5DEBB"
"Humble Gold","6380","#EDC796"
"Anjou Pear","6381","#DDAC6D"
"Ceremonial Gold","6382","#D69E59"
"Golden Rule","6383","#CC9249"
"Cut the Mustard","6384","#BA7F38"
"Dover White","6385","#F0EADC"
"Napery","6386","#EFDDC1"
"Compatible Cream","6387","#E8C89E"
"Golden Fleece","6388","#D6AD78"
"Butternut","6389","#CC9B5C"
"Bosc Pear","6390","#C09056"
"Gallant Gold","6391","#A4763C"
"Vital Yellow","6392","#EDE0C5"
"Convivial Yellow","6393","#E9D6B0"
"Sequin","6394","#E1C28D"
"Alchemy","6395","#C99E53"
"Different Gold","6396","#BC934D"
"Nankeen","6397","#AA803A"
"Sconce Gold","6398","#996F32"
"Chamomile","6399","#E9E0C5"
"Lucent Yellow","6400","#E4D0A5"
"Independent Gold","6401","#D2BA83"
"Antiquity","6402","#C2A462"
"Escapade Gold","6403","#B89B59"
"Grandiose","6404","#9C7F41"
"Fervent Brass","6405","#95793D"
"Ionic Ivory","6406","#E7DFC5"
"Ancestral Gold","6407","#DDCDA6"
"Wheat Grass","6408","#CBB584"
"Edgy Gold","6409","#B1975F"
"Brassy","6410","#9D8344"
"Bengal Grass","6411","#8E773F"
"Eminent Bronze","6412","#7A6841"
"Restoration Ivory","6413","#E9E1CA"
"Rice Paddy","6414","#DFD4B0"
"Hearts of Palm","6415","#CFC291"
"Sassy Green","6416","#BBA86A"
"Tupelo Tree","6417","#9C9152"
"Rural Green","6418","#8D844D"
"Saguaro","6419","#655F2D"
"Queen Anne's Lace","6420","#ECEAD5"
"Celery","6421","#E0DDBD"
"Shagreen","6422","#CBC99D"
"Ryegrass","6423","#AEAC7A"
"Tansy Green","6424","#95945C"
"Relentless Olive","6425","#71713E"
"Basque Green","6426","#5F6033"
"Sprout","6427","#E4E4CE"
"Honeydew","6428","#DBDDBD"
"Baize Green","6429","#C7CDA8"
"Great Green","6430","#ABB486"
"Leapfrog","6431","#88915D"
"Garden Spot","6432","#6D7645"
"Inverness","6433","#576238"
"Spinach White","6434","#E4E8DA"
"Gratifying Green","6435","#DAE2CD"
"Bonsai Tint","6436","#C5D1B2"
"Haven","6437","#A3B48C"
"Dill","6438","#788D60"
"Greenfield","6439","#60724F"
"Courtyard","6440","#475842"
"White Mint","6441","#E0E7DA"
"Supreme Green","6442","#CFDDC7"
"Relish","6443","#B3CBAA"
"Lounge Green","6444","#8BA97F"
"Garden Grove","6445","#5E7F57"
"Arugula","6446","#42603C"
"Evergreens","6447","#405840"
"Topiary Tint","6449","#C8D8C4"
"Easy Green","6450","#ACC2A8"
"Nurture Green","6451","#98B092"
"Inland","6452","#6C8867"
"Cilantro","6453","#537150"
"Shamrock","6454","#205134"
"Fleeting Green","6455","#D8E2D8"
"Slow Green","6456","#C6D5C9"
"Kind Green","6457","#AAC2B3"
"Restful","6458","#91AF9D"
"Jadite","6459","#61826C"
"Kale Green","6460","#4F6A56"
"Isle of Pines","6461","#3D5541"
"Green Trance","6462","#D7E4DB"
"Breaktime","6463","#C4D9CE"
"Aloe","6464","#ACCABC"
"Spearmint","6465","#94B5A6"
"Grandview","6466","#6B927F"
"Kendal Green","6467","#547867"
"Hunt Club","6468","#2A4F43"
"Waterscape","6470","#BFD2C9"
"Hazel","6471","#A8C1B7"
"Composed","6472","#7EA298"
"Surf Green","6473","#5F887D"
"Raging Sea","6474","#476F65"
"Country Squire","6475","#124A42"
"Glimmer","6476","#E0E7E2"
"Tidewater","6477","#C3D7D3"
"Watery","6478","#B4CCC9"
"Drizzle","6479","#8CAEAB"
"Lagoon","6480","#518682"
"Green Bay","6481","#2E6864"
"Cape Verde","6482","#01554F"
"Meander Blue","6484","#BEDBD8"
"Raindrop","6485","#9EC6C6"
"Reflecting Pool","6486","#7BB1B2"
"Cloudburst","6487","#5C9598"
"Grand Canal","6488","#3C797D"
"Really Teal","6489","#016367"
"Open Air","6491","#C7DFE0"
"Jetstream","6492","#B0D2D6"
"Ebbtide","6493","#84B4BE"
"Lakeshore","6494","#5B96A2"
"Great Falls","6495","#217786"
"Oceanside","6496","#015A6B"
"Blue Horizon","6497","#D8E7E6"
"Byte Blue","6498","#C5DCE0"
"Stream","6499","#ADCCD3"
"Open Seas","6500","#83AFBC"
"Manitou Blue","6501","#5B92A2"
"Loch Blue","6502","#2F778B"
"Bosporus","6503","#015D75"
"Sky High","6504","#DCE7E8"
"Atmospheric","6505","#C2DAE0"
"Vast Sky","6506","#A9C9D7"
"Resolute Blue","6507","#85B0C4"
"Secure Blue","6508","#5389A1"
"Georgian Bay","6509","#22657F"
"Loyal Blue","6510","#01455E"
"Snowdrop","6511","#E0E8E7"
"Balmy","6512","#C5D8DE"
"Take Five","6513","#B3C9D3"
"Respite","6514","#97B4C3"
"Leisure Blue","6515","#6A8EA1"
"Down Pour","6516","#43718B"
"Regatta","6517","#215772"
"Hinting Blue","6519","#CED9DD"
"Honest Blue","6520","#B2C7D3"
"Notable Hue","6521","#8BA7BB"
"Sporty Blue","6522","#6A8AA4"
"Denim","6523","#506B84"
"Commodore","6524","#25476A"
"Rarified Air","6525","#E1E6E6"
"Icelandic","6526","#CBD8E1"
"Blissful Blue","6527","#B2C8D8"
"Cosmos","6528","#8EA9C2"
"Scanda","6529","#6B8CA9"
"Revel Blue","6530","#4C6B8A"
"Indigo","6531","#284A70"
"Mild Blue","6533","#CBD5DB"
"Icy","6534","#BBC7D2"
"Solitude","6535","#99A7B8"
"Searching Blue","6536","#6C7F9A"
"Luxe Blue","6537","#516582"
"Dignified","6538","#3B496D"
"Starry Night","6540","#D6D9DE"
"Daydream","6541","#BDC3CD"
"Vesper Violet","6542","#99A0B2"
"Soulful Blue","6543","#757C91"
"Mesmerize","6544","#5D657B"
"Majestic Purple","6545","#3B3C5A"
"Silver Peony","6547","#DAD6DB"
"Grape Mist","6548","#C5C0C9"
"Ash Violet","6549","#A29BAA"
"Mythical","6550","#7E778E"
"Purple Passage","6551","#645E77"
"Dewberry","6552","#3E385A"
"Lite Lavender","6554","#E0DADF"
"Enchant","6555","#D1C6D2"
"Obi Lilac","6556","#B0A3B6"
"Wood Violet","6557","#7A6B85"
"Plummy","6558","#675A75"
"Concord Grape","6559","#443757"
"Teaberry","6561","#EBD1DB"
"Irresistible","6562","#E3C0CF"
"Rosebay","6563","#CB9AAD"
"Red Clover","6564","#B87E93"
"Grandeur Plum","6565","#92576F"
"Framboise","6566","#7C3655"
"Lighthearted Pink","6568","#EDD5DD"
"Childlike","6569","#E8C0CF"
"Haute Pink","6570","#D899B1"
"Cyclamen","6571","#C47B95"
"Ruby Shade","6572","#A2566F"
"Juneberry","6573","#854158"
"Priscilla","6575","#F1D3DA"
"Azalea Flower","6576","#EFC0CB"
"Jaipur Pink","6577","#E392A1"
"Tuberose","6578","#D47C8C"
"Gala Pink","6579","#B04B63"
"Cerise","6580","#99324E"
"Impatiens Petal","6582","#F1D2D7"
"In the Pink","6583","#F0BCC9"
"Cheery","6584","#EB92A3"
"Coming up Roses","6585","#DD7788"
"Heartfelt","6586","#BD4C5F"
"Valentine","6587","#A53A4E"
"Alyssum","6589","#F2D5D7"
"Loveable","6590","#F0C1C6"
"Amaryllis","6591","#ED939D"
"Grenadine","6592","#D66972"
"Coral Bells","6593","#BB4B51"
"Poinsettia","6594","#9D373C"
"Bella Pink","6596","#F1C6C4"
"Hopeful","6597","#F0B3B2"
"Dishy Coral","6598","#ED9190"
"Begonia","6599","#D76C6E"
"Enticing Red","6600","#B74E4F"
"Tanager","6601","#A43834"
"Oleander","6603","#F2CCC5"
"Youthful Coral","6604","#F0AFA8"
"Charisma","6605","#EE9489"
"Coral Reef","6606","#D9766C"
"Red Tomato","6607","#B24743"
"Rave Red","6608","#A13B34"
"Koral Kicks","6610","#F2D1C3"
"Jovial","6611","#F2B8A7"
"Ravishing Coral","6612","#E79580"
"Lei Flower","6613","#D87B6A"
"Quite Coral","6614","#C76356"
"Peppery","6615","#B85444"
"Blushing","6617","#F0D1C3"
"Cosmetic Peach","6618","#F3C1AB"
"Sockeye","6619","#E49780"
"Rejuvenate","6620","#DD7861"
"Emotional","6621","#C65F47"
"Hearty Orange","6622","#B44B34"
"Peach Blossom","6624","#F3D0BD"
"Certain Peach","6625","#F2BDA2"
"Sunset","6626","#E2946F"
"Emberglow","6627","#D67C56"
"Robust Orange","6628","#C4633E"
"Jalapeño","6629","#B1533C"
"Naive Peach","6631","#F3D3BF"
"Neighborly Peach","6632","#F3C1A3"
"Inventive Orange","6633","#E89D6F"
"Copper Harbor","6634","#D57E52"
"Determined Orange","6635","#C56639"
"Husky Orange","6636","#BB613E"
"Flattering Peach","6638","#F4D3B3"
"Avid Apricot","6639","#F4C69F"
"Tangerine","6640","#F2AC78"
"Outgoing Orange","6641","#E6955F"
"Rhumba Orange","6642","#CB7841"
"Yam","6643","#C36F3E"
"Champagne","6644","#F2E3CE"
"Flan","6652","#F4D4AF"
"Delicious Melon","6653","#F5C894"
"Surprise Amber","6654","#EFB57A"
"Adventure Orange","6655","#E69F5F"
"Serape","6656","#D88B4D"
"Amber Wave","6657","#D28240"
"Welcome White","6658","#F3E3CA"
"Captivating Cream","6659","#F4D9B1"
"Honey Blush","6660","#F5CF9B"
"Papaya","6661","#EFB97B"
"Summer Day","6662","#EAAA62"
"Saffron Thread","6663","#DF984E"
"Marigold","6664","#D28233"
"Gardenia","6665","#F3E2C9"
"Enjoyable Yellow","6666","#F5D6A9"
"Afterglow","6667","#F6CD8E"
"Sunrise","6668","#F4BF77"
"Yarrow","6669","#EBAD5E"
"Gold Crest","6670","#DF9938"
"Curry","6671","#D88F32"
"Morning Sun","6672","#F3E6CE"
"Banana Cream","6673","#F5DEAF"
"Jonquil","6674","#F7D391"
"Afternoon","6675","#FBCB78"
"Butterfield","6676","#F7BE5B"
"Goldenrod","6677","#F2AF46"
"Sunflower","6678","#E39A33"
"Full Moon","6679","#F4E3BC"
"Friendly Yellow","6680","#F5E0B1"
"Butter Up","6681","#F6DDA3"
"June Day","6682","#F6C973"
"Bee","6683","#F1BA55"
"Brittlebush","6684","#EAAE47"
"Trinket","6685","#D69835"
"Lemon Chiffon","6686","#F5E5BC"
"Lantern Light","6687","#F4E1AE"
"Solaria","6688","#F5D68F"
"Overjoy","6689","#EEC25F"
"Gambol Gold","6690","#E1B047"
"Glitzy Gold","6691","#D6A02B"
"Auric","6692","#C48919"
"Lily","6693","#F3E8C2"
"Glad Yellow","6694","#F5E1AC"
"Midday","6695","#F7D78A"
"Quilt Gold","6696","#EAC365"
"Nugget","6697","#DBB04A"
"Kingdom Gold","6698","#D1A436"
"Crispy Gold","6699","#C49832"
"Daybreak","6700","#F3EAC6"
"Moonraker","6701","#EEE3B2"
"Lively Yellow","6702","#E6D88E"
"Frolic","6703","#D9C661"
"Hep Green","6704","#C4B146"
"High Strung","6705","#AC9825"
"Offbeat Green","6706","#9C8B1F"
"Springtime","6708","#E9E5B3"
"Gleeful","6709","#DAD790"
"Mélange Green","6710","#C4C476"
"Parakeet","6711","#B4B05A"
"Luau Green","6712","#989746"
"Verdant","6713","#847E35"
"Lime Granita","6715","#DCE1B8"
"Dancing Green","6716","#C5CD8F"
"Lime Rickey","6717","#AFB96A"
"Overt Green","6718","#97A554"
"Gecko","6719","#7A8833"
"Paradise","6720","#6C7B30"
"Cucumber","6722","#D3DFC3"
"Jardin","6723","#BDD0AB"
"Mesclun Green","6724","#9DB682"
"Pickle","6725","#85A16A"
"Talipot Palm","6726","#648149"
"Houseplant","6727","#58713F"
"Lacewing","6729","#D7E3CA"
"Romaine","6730","#C0D2AD"
"Picnic","6731","#99C285"
"Organic Green","6732","#7FAC6E"
"Grasshopper","6733","#4F854A"
"Espalier","6734","#2F5F3A"
"Jocular Green","6736","#CCE2CA"
"Kiwi","6737","#AED2B0"
"Vegan","6738","#8EC298"
"Eco Green","6739","#68A678"
"Kilkenny","6740","#498555"
"Derbyshire","6741","#245E36"
"Mint Condition","6743","#D1E3D2"
"Reclining Green","6744","#B7D7BF"
"Lark Green","6745","#8AC1A1"
"Julep","6746","#57AA80"
"Argyle","6747","#348A5D"
"Greens","6748","#016844"
"Embellished Blue","6749","#D7EBE2"
"Waterfall","6750","#C0E3DA"
"Refresh","6751","#A1D4C8"
"Larchmere","6752","#70BAA7"
"Jargon Jade","6753","#53A38F"
"Ionian","6754","#368976"
"Starboard","6755","#016C4F"
"Tame Teal","6757","#C1E6DF"
"Aqueduct","6758","#A1D5CB"
"Cooled Blue","6759","#75B9AE"
"Rivulet","6760","#61A89D"
"Thermal Spring","6761","#3B8C80"
"Poseidon","6762","#016D60"
"Swimming","6764","#C2E5E5"
"Spa","6765","#A7DCDC"
"Mariner","6766","#6EC2C4"
"Aquarium","6767","#3AA9AE"
"Gulfstream","6768","#01858B"
"Maxi Teal","6769","#017478"
"Bathe Blue","6771","#C2E0E3"
"Cay","6772","#A6D0D6"
"Rapture Blue","6773","#7DC1CB"
"Freshwater","6774","#4DA6B2"
"Briny","6775","#08808E"
"Blue Nile","6776","#01717E"
"Aviary Blue","6778","#C6E3E8"
"Liquid Blue","6779","#A6D4DE"
"Nautilus","6780","#71B8C7"
"Jamaica Bay","6781","#34A3B6"
"Cruising","6782","#018498"
"Amalfi","6783","#016E85"
"Bravo Blue","6784","#D3E7E9"
"Quench Blue","6785","#B4E0E7"
"Cloudless","6786","#8FD0DD"
"Fountain","6787","#56B5CA"
"Capri","6788","#01A0B8"
"Blue Mosque","6789","#01819E"
"Adriatic Sea","6790","#016081"
"Minor Blue","6792","#B7DFE8"
"Bluebell","6793","#A2D5E7"
"Flyway","6794","#5DB3D4"
"Major Blue","6795","#289EC4"
"Blue Plate","6796","#017CA7"
"Jay Blue","6797","#015D87"
"Iceberg","6798","#D6E4E7"
"Soar","6799","#C3DFE8"
"Something Blue","6800","#B0D6E6"
"Regale Blue","6801","#7DB5D3"
"Jacaranda","6802","#5A9EC0"
"Danube","6803","#2377A2"
"Dignity Blue","6804","#094C73"
"Rhythmic Blue","6806","#CCDBE5"
"Wondrous Blue","6807","#B8CDDD"
"Celestial","6808","#97B3D0"
"Lobelia","6809","#7498BE"
"Lupine","6810","#4E739F"
"Honorable Blue","6811","#164576"
"Wishful Blue","6813","#D8DDE6"
"Breathtaking","6814","#C7D1E2"
"Awesome Violet","6815","#A7B2D4"
"Dahlia","6816","#8B98C4"
"Gentian","6817","#6572A5"
"Valiant Violet","6818","#3E4371"
"Inspired Lilac","6820","#DFD9E4"
"Potentially Purple","6821","#D1CBDF"
"Wisteria","6822","#BDB4D4"
"Brave Purple","6823","#968DB8"
"Forget‐Me‐Not","6824","#716998"
"Izmir Purple","6825","#4D426E"
"Elation","6827","#DFDCE5"
"Rhapsody Lilac","6828","#D2C8DD"
"Magical","6829","#C0AFD0"
"Kismet","6830","#A18AB7"
"Clematis","6831","#7E6596"
"Impulsive Purple","6832","#624977"
"Spangle","6834","#E5DBE5"
"Euphoric Lilac","6835","#DAC7DA"
"Novel Lilac","6836","#C2A4C2"
"Baroness","6837","#A785A7"
"Vigorous Violet","6838","#7C5A7E"
"Kimono Violet","6839","#5D395F"
"Exuberant Pink","6840","#B54D7F"
"Dynamo","6841","#953D68"
"Forward Fuchsia","6842","#92345B"
"Hot","6843","#AC4362"
"Dragon Fruit","6855","#CC617F"
"Eros Pink","6860","#C84F68"
"Radish","6861","#A42E41"
"Cherries Jubilee","6862","#AB3C51"
"Heartthrob","6866","#A82E33"
"Real Red","6868","#BF2D32"
"Stop","6869","#C33A36"
"Positive Red","6871","#AD2C34"
"Comical Coral","6876","#F3D1C8"
"Cayenne","6881","#C04D35"
"Raucous Orange","6883","#C35530"
"Obstinate Orange","6884","#D7552A"
"Knockout Orange","6885","#E16F3E"
"Invigorate","6886","#E47237"
"Navel","6887","#EC8430"
"Osage Orange","6890","#F4A045"
"Carnival","6892","#EB882C"
"Solé","6896","#F7DDA1"
"Optimistic Yellow","6900","#F5E1A6"
"Daffodil","6901","#FAD97A"
"Decisive Yellow","6902","#FDCC4E"
"Cheerful","6903","#FFC723"
"Gusto Gold","6904","#F8AC1D"
"Goldfinch","6905","#FDB702"
"Forsythia","6907","#FFC801"
"Fun Yellow","6908","#F7E594"
"Lemon Twist","6909","#FED95D"
"Daisy","6910","#FED340"
"Confident Yellow","6911","#FECB01"
"Funky Yellow","6913","#EDD26F"
"Eye Catching","6914","#DDB835"
"Citronella","6915","#CBA901"
"Humorous Green","6918","#C6B836"
"Center Stage","6920","#B2C216"
"Electric Lime","6921","#9ABA25"
"Direct Green","6924","#3F8A24"
"Envy","6925","#358C3F"
"Lucky Green","6926","#238652"
"Greenbelt","6927","#017244"
"Green Vibes","6928","#D4E7C3"
"Tantalizing Teal","6937","#87DCCE"
"Nifty Turquoise","6941","#019187"
"Splashy","6942","#019196"
"Intense Teal","6943","#017680"
"Calypso","6950","#01B0BB"
"Undercool","6957","#7FC3E1"
"Dynamic Blue","6958","#0192C6"
"Blue Chip","6959","#016EA7"
"Hyper Blue","6965","#015F97"
"Blueblood","6966","#015086"
"Frank Blue","6967","#225288"
"Hyacinth Tint","6968","#C2CBE0"
"Morning Glory","6971","#3C4C80"
"Free Spirit","6973","#CAB2D2"
"Passionate Purple","6981","#795484"
"African Violet","6982","#665385"
"Fully Purple","6983","#514C7E"
"Jitterbug Jade","6987","#019D6E"
"Bohemian Black","6988","#3B373C"
"Domino","6989","#353337"
"Caviar","6990","#313031"
"Black Magic","6991","#323132"
"Inkwell","6992","#31363A"
"Black of Night","6993","#323639"
"Greenblack","6994","#373A3A"
"Ibis White","7000","#F2ECE6"
"Marshmallow","7001","#EEE9E0"
"Downy","7002","#EFE8DD"
"Toque White","7003","#E7E2DA"
"Snowbound","7004","#EDEAE5"
"Pure White","7005","#EDECE6"
"Extra White","7006","#EEEFEA"
"Ceiling Bright White","7007","#E9EBE7"
"Alabaster","7008","#EDEAE0"
"Pearly White","7009","#E8E3D9"
"White Duck","7010","#E5DFD2"
"Natural Choice","7011","#E3DED0"
"Creamy","7012","#EFE8DB"
"Ivory Lace","7013","#ECE5D8"
"Eider White","7014","#E2DED8"
"Repose Gray","7015","#CCC9C0"
"Mindful Gray","7016","#BCB7AD"
"Dorian Gray","7017","#ACA79E"
"Dovetail","7018","#908A83"
"Gauntlet Gray","7019","#78736E"
"Black Fox","7020","#4F4842"
"Simple White","7021","#DFD9D2"
"Alpaca","7022","#CCC5BD"
"Requisite Gray","7023","#B9B2A9"
"Functional Gray","7024","#ABA39A"
"Backdrop","7025","#867A6F"
"Griffin","7026","#6F6459"
"Well‐Bred Brown","7027","#564537"
"Incredible White","7028","#E3DED7"
"Agreeable Gray","7029","#D1CBC1"
"Anew Gray","7030","#BFB6AA"
"Mega Greige","7031","#ADA295"
"Warm Stone","7032","#887B6C"
"Brainstorm Bronze","7033","#74685A"
"Status Bronze","7034","#5C4D3C"
"Aesthetic White","7035","#E3DDD3"
"Accessible Beige","7036","#D1C7B8"
"Balanced Beige","7037","#C0B2A2"
"Tony Taupe","7038","#B1A290"
"Virtual Taupe","7039","#8A7A6A"
"Smokehouse","7040","#716354"
"Van Dyke Brown","7041","#564536"
"Shoji White","7042","#E6DFD3"
"Worldly Gray","7043","#CEC6BB"
"Amazing Gray","7044","#BEB5A9"
"Intellectual Gray","7045","#A8A093"
"Anonymous","7046","#817A6E"
"Porpoise","7047","#6B645B"
"Urbane Bronze","7048","#54504A"
"Nuance","7049","#E2E0D6"
"Useful Gray","7050","#CFCABD"
"Analytical Gray","7051","#BFB6A7"
"Gray Area","7052","#AFA696"
"Adaptive Shade","7053","#867E70"
"Suitable Brown","7054","#645A4B"
"Enduring Bronze","7055","#554C3E"
"Reserved White","7056","#E0E0D9"
"Silver Strand","7057","#C8CBC4"
"Magnetic Gray","7058","#B2B5AF"
"Unusual Gray","7059","#A3A7A0"
"Attitude Gray","7060","#7C7D75"
"Night Owl","7061","#63655F"
"Rock Bottom","7062","#484C49"
"Nebulous White","7063","#DEDFDC"
"Passive","7064","#CBCCC9"
"Argos","7065","#BDBDB7"
"Gray Matters","7066","#A7A8A2"
"Cityscape","7067","#7F817E"
"Grizzle Gray","7068","#636562"
"Iron Ore","7069","#434341"
"Site White","7070","#DCDEDC"
"Gray Screen","7071","#C6CACA"
"Online","7072","#B0B5B5"
"Network Gray","7073","#A0A5A7"
"Software","7074","#7F8486"
"Web Gray","7075","#616669"
"Cyberspace","7076","#44484D"
"Original White","7077","#E2DEDB"
"Minute Mauve","7078","#CFC9C8"
"Ponder","7079","#BCB6B6"
"Quest Gray","7080","#ADA5A5"
"Sensuous Gray","7081","#837D7F"
"Stunning Shade","7082","#676064"
"Darkroom","7083","#443E40"
"Arcade White","7100","#F3EEE7"
"Futon","7101","#EDE6DB"
"White Flour","7102","#F4EFE5"
"Whitetail","7103","#F4EFE4"
"Cotton White","7104","#F7EFE3"
"Paperwhite","7105","#F7EFDE"
"Honied White","7106","#F8EEDB"
"Threshold Taupe","7501","#AC9A8A"
"Dry Dock","7502","#A18D7D"
"Sticks & Stones","7503","#A49689"
"Keystone Gray","7504","#9E9284"
"Manor House","7505","#665D57"
"Loggia","7506","#C4B7A5"
"Stone Lion","7507","#B3A491"
"Tavern Taupe","7508","#9C8A79"
"Tiki Hut","7509","#826F5E"
"Chateau Brown","7510","#5B4B44"
"Bungalow Beige","7511","#CDBFB0"
"Pavilion Beige","7512","#C5B6A4"
"Sanderling","7513","#A79582"
"Foothills","7514","#827466"
"Homestead Brown","7515","#6E5F53"
"Kestrel White","7516","#E0D6C8"
"China Doll","7517","#DBCEBD"
"Beach House","7518","#C9B29C"
"Mexican Sand","7519","#AF9781"
"Plantation Shutters","7520","#6A5143"
"Dormer Brown","7521","#AD947C"
"Meadowlark","7522","#9F8267"
"Burnished Brandy","7523","#7C5C43"
"Dhurrie Beige","7524","#CABAA8"
"Tree Branch","7525","#8A7362"
"Maison Blanche","7526","#DFD2BF"
"Nantucket Dune","7527","#D0BFAA"
"Windsor Greige","7528","#C4B49C"
"Sand Beach","7529","#D4C5AD"
"Barcelona Beige","7530","#C4B39C"
"Canvas Tan","7531","#DCD1BF"
"Urban Putty","7532","#CFC0AB"
"Khaki Shade","7533","#C0AF97"
"Outerbanks","7534","#B7A48B"
"Sandy Ridge","7535","#A18E77"
"Bittersweet Stem","7536","#CBB49A"
"Irish Cream","7537","#E3D2B8"
"Tamarind","7538","#C0A588"
"Cork Wedge","7539","#C1A98A"
"Artisan Tan","7540","#B09879"
"Grecian Ivory","7541","#D8CFBE"
"Naturel","7542","#CBC0AD"
"Avenue Tan","7543","#BCB099"
"Fenland","7544","#AC9D83"
"Pier","7545","#63523D"
"Prairie Grass","7546","#B1A38E"
"Sandbar","7547","#CBBFAD"
"Portico","7548","#BBAB95"
"Studio Taupe","7549","#AD9C85"
"Resort Tan","7550","#907D66"
"Greek Villa","7551","#F0ECE2"
"Bauhaus Buff","7552","#E7DBCC"
"Fragile Beauty","7553","#E7D7C6"
"Steamed Milk","7554","#ECE1D1"
"Patience","7555","#E2D3BF"
"Crème","7556","#F4E8D2"
"Summer White","7557","#F4E9D6"
"Medici Ivory","7558","#F3E9D7"
"Décor White","7559","#F2E5CF"
"Impressive Ivory","7560","#F4DEC3"
"Lemon Meringue","7561","#F5EACC"
"Roman Column","7562","#F6F0E2"
"Restful White","7563","#EEE8D7"
"Polar Bear","7564","#E8DFCA"
"Oyster Bar","7565","#DBD0BB"
"Westhighland White","7566","#F3EEE3"
"Natural Tan","7567","#DCD2C3"
"Neutral Ground","7568","#E2DACA"
"Stucco","7569","#DCCFBA"
"Egret White","7570","#DFD9CF"
"Casa Blanca","7571","#EDE1CE"
"Lotus Pod","7572","#E7D7C2"
"Eaglet Beige","7573","#E9D9C0"
"Echelon Ecru","7574","#E7D8BE"
"Chopsticks","7575","#E0D1B8"
"Blackberry","7577","#533640"
"Borscht","7578","#72353D"
"Alaea","7579","#81585B"
"Carnelian","7580","#573E3E"
"Salute","7582","#803532"
"Wild Currant","7583","#7C3239"
"Red Theatre","7584","#6E3637"
"Sun Dried Tomato","7585","#692B2B"
"Stolen Kiss","7586","#813235"
"Antique Red","7587","#9F4442"
"Show Stopper","7588","#A42E37"
"Habanero Chile","7589","#B8473D"
"Red Barn","7591","#7C453D"
"Crabby Apple","7592","#753531"
"Rustic Red","7593","#703229"
"Carriage Door","7594","#6E423E"
"Sommelier","7595","#5D3736"
"Only Natural","7596","#E2D3C4"
"Sierra Redwood","7598","#924E3C"
"Brick Paver","7599","#93402F"
"Bolero","7600","#903934"
"Dockside Blue","7601","#A0B3BC"
"Indigo Batik","7602","#3E5063"
"Poolhouse","7603","#8095A0"
"Smoky Blue","7604","#596E79"
"Gale Force","7605","#35454E"
"Blue Cruise","7606","#6591A8"
"Santorini Blue","7607","#416D83"
"Adrift","7608","#87AAB9"
"Georgian Revival Blue","7609","#5B8D9F"
"Turkish Tile","7610","#3E758A"
"Tranquil Aqua","7611","#7C9AA0"
"Mountain Stream","7612","#679199"
"Aqua‐Sphere","7613","#9CB0B3"
"St. Bart's","7614","#577C88"
"Sea Serpent","7615","#3E4B54"
"Breezy","7616","#A0AEAF"
"Mediterranean","7617","#60797D"
"Deep Sea Dive","7618","#376167"
"Labradorite","7619","#657B83"
"Seaworthy","7620","#314D58"
"Silvermist","7621","#B0B8B2"
"Homburg Gray","7622","#666D69"
"Cascades","7623","#273E3E"
"Slate Tile","7624","#606E74"
"Mount Etna","7625","#3D484C"
"Zurich White","7626","#E6E1D9"
"White Heron","7627","#E7E1D7"
"Windfresh White","7628","#DED8CF"
"Grapy","7629","#786E70"
"Raisin","7630","#392B2D"
"City Loft","7631","#DFDAD1"
"Modern Gray","7632","#D6CEC3"
"Taupe Tone","7633","#ADA090"
"Pediment","7634","#D3CCC4"
"Palisade","7635","#AA9E95"
"Origami White","7636","#E5E2DA"
"Oyster White","7637","#E2DDD0"
"Jogging Path","7638","#C0B9A9"
"Ethereal Mood","7639","#AEA594"
"Fawn Brindle","7640","#A7A094"
"Colonnade Gray","7641","#C6C0B6"
"Pavestone","7642","#A0998F"
"Pussywillow","7643","#B2ADA4"
"Gateway Gray","7644","#B2AC9C"
"Thunder Gray","7645","#57534C"
"First Star","7646","#DAD9D4"
"Crushed Ice","7647","#D6D3CC"
"Big Chill","7648","#D0CEC9"
"Silverplate","7649","#C2C0BA"
"Ellie Gray","7650","#AAA9A4"
"Front Porch","7651","#CCCCC5"
"Mineral Deposit","7652","#ABB0AC"
"Silverpointe","7653","#D1D2CB"
"Lattice","7654","#CECEC6"
"Stamped Concrete","7655","#A0A09A"
"Rhinestone","7656","#DEE0DE"
"Tinsmith","7657","#C5C8C4"
"Gray Clouds","7658","#B7B7B2"
"Gris","7659","#A5A9A8"
"Earl Grey","7660","#969A96"
"Reflection","7661","#D3D5D3"
"Evening Shadow","7662","#C9CCCD"
"Monorail Silver","7663","#B8BCBB"
"Steely Gray","7664","#90979B"
"Wall Street","7665","#656D73"
"Fleur de Sel","7666","#DCDDD8"
"Zircon","7667","#CAC9C6"
"March Wind","7668","#BAB9B6"
"Summit Gray","7669","#959491"
"Gray Shingle","7670","#949392"
"On the Rocks","7671","#D0CEC8"
"Knitting Needles","7672","#C3C1BC"
"Pewter Cast","7673","#9B9893"
"Peppercorn","7674","#585858"
"Sealskin","7675","#48423C"
"Paper Lantern","7676","#F2E0C4"
"Gold Vessel","7677","#EABA8A"
"Cottage Cream","7678","#EDDBBD"
"Golden Gate","7679","#D9AD7F"
"Lanyard","7680","#C09972"
"Tea Light","7681","#F8E4C2"
"Bee's Wax","7682","#EABF86"
"Buff","7683","#F1DFC1"
"Concord Buff","7684","#EDD6B1"
"White Raisin","7685","#E5C28B"
"Hinoki","7686","#F8DDB7"
"August Moon","7687","#E7C7A0"
"Sundew","7688","#E1CDAE"
"Row House Tan","7689","#D2BB9D"
"Townhall Tan","7690","#C3AA8C"
"Biltmore Buff","7691","#E3C9A1"
"Cupola Yellow","7692","#DCBC8E"
"Stonebriar","7693","#CBA97E"
"Dromedary Camel","7694","#CAAD87"
"Mesa Tan","7695","#BD9C77"
"Toasted Pine Nut","7696","#DCC6A6"
"Safari","7697","#CCB18B"
"Straw Harvest","7698","#DBC8A2"
"Rustic City","7699","#BA9A67"
"Olde World Gold","7700","#8F6C3E"
"Cavern Clay","7701","#AC6B53"
"Spiced Cider","7702","#B0785C"
"Earthen Jug","7703","#A85E39"
"Tower Tan","7704","#D5B59B"
"Wheat Penny","7705","#976B53"
"Copper Wire","7707","#C67B57"
"Copper Pot","7709","#B16A37"
"Brandywine","7710","#A56C4A"
"Pueblo","7711","#E6D0BD"
"Townhouse Tan","7712","#DFC8B5"
"Tawny Tan","7713","#CCB299"
"Oak Barrel","7714","#BFA287"
"Pottery Urn","7715","#AA866E"
"Croissant","7716","#DBC5A7"
"Ligonier Tan","7717","#D2B18F"
"Oak Creek","7718","#BB8D6B"
"Fresco Cream","7719","#D8C4AE"
"Deer Valley","7720","#C7A485"
"Crescent Cream","7721","#EDD1B1"
"Travertine","7722","#ECD3B3"
"Colony Buff","7723","#DDC6AB"
"Canoe","7724","#B7987B"
"Yearling","7725","#AD896A"
"Lemon Verbena","7726","#9D986F"
"Koi Pond","7727","#B9B292"
"Green Sprout","7728","#A29F80"
"Edamame","7729","#827C5A"
"Forestwood","7730","#4D5346"
"San Antonio Sage","7731","#A69474"
"Lemongrass","7732","#C8BD98"
"Bamboo Shoot","7733","#B3A479"
"Olive Grove","7734","#857C5D"
"Palm Leaf","7735","#635936"
"Garden Sage","7736","#B1A584"
"Meadow Trail","7737","#8D8168"
"Cargo Pants","7738","#CDC4AE"
"Herbal Wash","7739","#A49B82"
"Messenger Bag","7740","#7D745E"
"Willow Tree","7741","#AAAD9C"
"Agate Green","7742","#8EA486"
"Mountain Road","7743","#868578"
"Zeus","7744","#99907E"
"Muddled Basil","7745","#5A5243"
"Rushing River","7746","#A19C8F"
"Recycled Glass","7747","#BDC0A0"
"Green Earth","7748","#9A9883"
"Laurel Woods","7749","#44493D"
"Olympic Range","7750","#424C44"
"High Reflective White","7757","#F7F7F1"
"Shell White","8917","#F0EBE0"
"Audrey's Blush","9001","#AE8087"
"Carley's Rose","9002","#A87376"
"Rita's Rouge","9003","#BA7176"
"Coral Rose","9004","#C37F7A"
"Coral Clay","9005","#BF796E"
"Rojo Dust","9006","#B57466"
"Melón Meloso","9007","#F2B88C"
"Bellini Fizz","9008","#F5C78E"
"Subdued Sienna","9009","#CC896C"
"Windswept Canyon","9010","#DBA480"
"Sun Bleached Ochre","9011","#E3AB7B"
"Polvo de Oro","9012","#E8B87F"
"Olden Amber","9013","#EEB76B"
"Pollen Powder","9014","#FBD187"
"They call it Mellow","9015","#FBE4B3"
"La Luna Amarilla","9016","#FDDFA0"
"Sunny Veranda","9017","#FEDF94"
"Honey Bees","9018","#FBD682"
"Golden Plumeria","9019","#FBD073"
"Rayo de Sol","9020","#F4C454"
"Naples Yellow","9021","#F6D58F"
"Yellow Bird","9022","#F1CD7B"
"Dakota Wheat","9023","#E1BD8E"
"Vintage Gold","9024","#CBA576"
"Coriander Powder","9025","#BA9C75"
"Tarnished Trumpet","9026","#D5B176"
"Pale Moss","9027","#DCC797"
"Dusted Olive","9028","#BEA775"
"Cool Avocado","9029","#C4B47D"
"Limón Fresco","9030","#CEBC55"
"Primavera","9031","#D2D083"
"Stay in Lime","9032","#9FAC5C"
"Oh Pistachio","9033","#ABCA99"
"Seawashed Glass","9034","#A9C095"
"Frosted Emerald","9035","#78B185"
"Retro Mint","9036","#9FCDB1"
"Baby Bok Choy","9037","#BBB98A"
"Cucuzza Verde","9038","#9BA373"
"Broccoflower","9039","#8FA277"
"Reseda Green","9040","#75946B"
"Parisian Patina","9041","#7D9B89"
"Verdigreen","9042","#81A595"
"Aquastone","9043","#89C6B7"
"Little Blue Box","9044","#8AC5BA"
"Bora Bora Shore","9045","#92D0D0"
"Gentle Aquamarine","9046","#97CBD2"
"After the Rain","9047","#8BC4D1"
"Surfin'","9048","#73C0D2"
"Sky Fall","9049","#89C6DF"
"Vintage Vessel","9050","#94B2A6"
"Aquaverde","9051","#A3C0BD"
"Blithe Blue","9052","#90BDBD"
"Agua Fría","9053","#9FC5CC"
"Little Boy Blu","9054","#C7D8DB"
"Billowy Breeze","9055","#AFC7CD"
"French Moire","9056","#9FBBC3"
"Aquitaine","9057","#88ABB4"
"Secret Cove","9058","#68909D"
"Silken Peacock","9059","#427584"
"Connor's Lakefront","9060","#175A6C"
"Rest Assured","9061","#9BBFC9"
"Bluebird Feather","9062","#6F9DB3"
"Porch Ceiling","9063","#9BC8DE"
"Bluesy Note","9064","#7C9AB5"
"Perfect Periwinkle","9065","#6487B0"
"Agapanthus","9066","#BBC5DE"
"Forever Lilac","9067","#AFA5C7"
"Berry Frappé","9068","#B3A1C6"
"Veri Berri","9069","#937496"
"Baby Blue Eyes","9070","#83A2B4"
"Dyer's Woad","9071","#7B99B0"
"Dried Lavender","9072","#8595AA"
"Dusty Heather","9073","#8990A3"
"Gentle Grape","9074","#908A9B"
"Berry Cream","9075","#9A8CA2"
"Ruby Violet","9076","#9B7E8B"
"Rosaline Pearl","9077","#A38887"
"Cocoa Berry","9078","#A08882"
"Velvety Chestnut","9079","#A2877D"
"Hushed Auburn","9080","#A8857A"
"Redend Point","9081","#AE8E7E"
"Chocolate Powder","9082","#A58C7B"
"Dusted Truffle","9083","#9C8373"
"Cocoa Whip","9084","#A08E7E"
"Touch of Sand","9085","#D5C7BA"
"Cool Beige","9086","#C6B5A7"
"Smoky Beige","9087","#B9A796"
"Utaupeia","9088","#A58F7B"
"Llama Wool","9089","#917864"
"Caraïbe","9090","#785F4C"
"Half‐Caff","9091","#604C3D"
"Iced Mocha","9092","#A3846C"
"Nearly Brown","9093","#A88E76"
"Playa Arenosa","9094","#DCC7B3"
"Ginger Root","9095","#D2B79E"
"Beige Intenso","9096","#C5A88D"
"Soft Fawn","9097","#B59778"
"Baked Cookie","9098","#89674A"
"Saddle Up","9099","#725237"
"Umber Rust","9100","#765138"
"Tres Naturale","9101","#DCC7AD"
"Quinoa","9102","#CFB597"
"Farro","9103","#C1A485"
"Woven Wicker","9104","#B99974"
"Almond Roca","9105","#A78361"
"El Caramelo","9106","#946E48"
"Über Umber","9107","#7B5838"
"Double Latte","9108","#A78C71"
"Natural Linen","9109","#DFD3C3"
"Malabar","9110","#CFBEA9"
"Antler Velvet","9111","#C0AD96"
"Song Thrush","9112","#AF987F"
"Mudslide","9113","#A08568"
"Fallen Leaves","9114","#8F7659"
"Cowboy Boots","9115","#695239"
"Serengeti Grass","9116","#AB9579"
"Urban Jungle","9117","#A4947E"
"Tarnished Treasure","9118","#B9A47E"
"Dirty Martini","9119","#DDD0B6"
"Tumblin' Tumbleweed","9120","#CDBB9C"
"Sawgrass Basket","9121","#C3B090"
"Dried Edamame","9122","#B19F80"
"Barro Verde","9123","#9F8E71"
"Verde Marrón","9124","#877459"
"Oliva Oscuro","9125","#665439"
"Honed Soapstone","9126","#9D9887"
"At Ease Soldier","9127","#9E9985"
"Green Onyx","9128","#989A82"
"Jade Dragon","9129","#909886"
"Evergreen Fog","9130","#95978A"
"Cornwall Slate","9131","#949488"
"Acacia Haze","9132","#969C92"
"Jasper Stone","9133","#8D9E97"
"Delft","9134","#8B9FA0"
"Whirlpool","9135","#80969D"
"Lullaby","9136","#CBD4D4"
"Niebla Azul","9137","#B6C3C4"
"Stardew","9138","#A6B2B5"
"Debonair","9139","#90A0A6"
"Blustery Sky","9140","#6F848C"
"Waterloo","9141","#536872"
"Moscow Midnight","9142","#204652"
"Cadet","9143","#91999C"
"Moonmist","9144","#C9D9E0"
"Sleepy Hollow","9145","#B7C9D1"
"Faded Flaxflower","9146","#9EB4C0"
"Favorite Jeans","9147","#8AA3B1"
"Smoky Azurite","9148","#708D9E"
"Inky Blue","9149","#4E7287"
"Endless Sea","9150","#32586E"
"Daphne","9151","#899CAA"
"Let it Rain","9152","#979FA5"
"Moonlit Orchid","9153","#949194"
"Perle Noir","9154","#4F4D51"
"Slate Violet","9155","#989192"
"Gris Morado","9156","#8F8A91"
"Autumn Orchid","9157","#9D9093"
"Coquina","9158","#9D8D8E"
"Auger Shell","9159","#9F9291"
"Armadillo","9160","#9E9089"
"Dustblu","9161","#959BA0"
"African Gray","9162","#939899"
"Tin Lizzie","9163","#939591"
"Illusive Green","9164","#92948D"
"Gossamer Veil","9165","#D3CEC4"
"Drift of Mist","9166","#DCD8D0"
"Polished Concrete","9167","#9E9793"
"Elephant Ear","9168","#988F85"
"Chatura Gray","9169","#A09287"
"Acier","9170","#9E9991"
"Felted Wool","9171","#979083"
"Studio Clay","9172","#958D7F"
"Shiitake","9173","#C8BCAB"
"Moth Wing","9174","#A0907F"
"Deep Forest Brown","9175","#393437"
"Dress Blues","9176","#2B4360"
"Salty Dog","9177","#234058"
"In the Navy","9178","#283849"
"Anchors Aweigh","9179","#2B3441"
"Aged White","9180","#E8DECD"
"Rojo Marrón","9182","#4B3029"
"Dark Clove","9183","#4C3D31"
"Foxhall Green","9184","#454B40"
"Marea Baja","9185","#2E5464"
"Caramelized","9186","#C29871"