"Sto 31100","sto-31100","#beba3b"
"Sto 31101","sto-31101","#c9c64c"
"Sto 31102","sto-31102","#cfce5b"
"Sto 31103","sto-31103","#dddb75"
"Sto 31104","sto-31104","#e3e38c"
"Sto 31105","sto-31105","#e9eaa3"
"Sto 31106","sto-31106","#ececac"
"Sto 31107","sto-31107","#f1f1c1"
"Sto 31108","sto-31108","#f6f4ce"
"Sto 31109","sto-31109","#f8f6d8"
"Sto 31110","sto-31110","#bbb360"
"Sto 31111","sto-31111","#cec77a"
"Sto 31112","sto-31112","#d7d18e"
"Sto 31113","sto-31113","#e2dda5"
"Sto 31114","sto-31114","#e6e2b1"
"Sto 31115","sto-31115","#edeac2"
"Sto 31116","sto-31116","#f2efd0"
"Sto 31120","sto-31120","#9a9762"
"Sto 31121","sto-31121","#b2ad7d"
"Sto 31122","sto-31122","#beb990"
"Sto 31123","sto-31123","#c5c2a4"
"Sto 31130","sto-31130","#75745d"
"Sto 31131","sto-31131","#908d74"
"Sto 31132","sto-31132","#a09f86"
"Sto 31133","sto-31133","#b3b29c"
"Sto 31134","sto-31134","#c7c6b1"
"Sto 31135","sto-31135","#d4d4c2"
"Sto 31136","sto-31136","#deddcd"
"Sto 31137","sto-31137","#e9e7d9"
"Sto 31140","sto-31140","#a09a42"
"Sto 31141","sto-31141","#807d4a"
"Sto 31142","sto-31142","#69694a"
"Sto 31143","sto-31143","#636253"
"Sto 31200","sto-31200","#edcc46"
"Sto 31201","sto-31201","#f0d456"
"Sto 31202","sto-31202","#f2db68"
"Sto 31203","sto-31203","#f5e585"
"Sto 31204","sto-31204","#f6e890"
"Sto 31205","sto-31205","#f6efb1"
"Sto 31206","sto-31206","#f7f2ba"
"Sto 31207","sto-31207","#f7f4c8"
"Sto 31208","sto-31208","#f8f6d5"
"Sto 31209","sto-31209","#f6f4db"
"Sto 31210","sto-31210","#e2cc6d"
"Sto 31211","sto-31211","#e8d784"
"Sto 31212","sto-31212","#eddf95"
"Sto 31213","sto-31213","#f3e7ab"
"Sto 31214","sto-31214","#f5ebb6"
"Sto 31215","sto-31215","#f6f0c7"
"Sto 31216","sto-31216","#f7f3d4"
"Sto 31220","sto-31220","#d1be71"
"Sto 31221","sto-31221","#d7cc8d"
"Sto 31222","sto-31222","#d6cf9e"
"Sto 31223","sto-31223","#d7d5b4"
"Sto 31224","sto-31224","#d8d6c0"
"Sto 31230","sto-31230","#706853"
"Sto 31231","sto-31231","#8e856e"
"Sto 31232","sto-31232","#9e957b"
"Sto 31233","sto-31233","#b1a990"
"Sto 31234","sto-31234","#c7bea7"
"Sto 31235","sto-31235","#d5cdb8"
"Sto 31236","sto-31236","#ded7c4"
"Sto 31237","sto-31237","#eae4d2"
"Sto 31240","sto-31240","#d8bf59"
"Sto 31241","sto-31241","#af9944"
"Sto 31242","sto-31242","#9e8846"
"Sto 31243","sto-31243","#716946"
"Sto 31244","sto-31244","#575245"
"Sto 31300","sto-31300","#deab3b"
"Sto 31301","sto-31301","#ecbd55"
"Sto 31302","sto-31302","#f2c966"
"Sto 31303","sto-31303","#f6d57c"
"Sto 31304","sto-31304","#f7dc8f"
"Sto 31305","sto-31305","#f6e4a7"
"Sto 31306","sto-31306","#f8e9b8"
"Sto 31307","sto-31307","#f9efcd"
"Sto 31308","sto-31308","#faf1d5"
"Sto 31309","sto-31309","#f6efd9"
"Sto 31310","sto-31310","#dab762"
"Sto 31311","sto-31311","#e7c97d"
"Sto 31312","sto-31312","#ecd392"
"Sto 31313","sto-31313","#f3e0a9"
"Sto 31314","sto-31314","#f4e4b5"
"Sto 31315","sto-31315","#f6ecc6"
"Sto 31316","sto-31316","#f6efd2"
"Sto 31320","sto-31320","#d2b670"
"Sto 31321","sto-31321","#d7c183"
"Sto 31322","sto-31322","#d9cb97"
"Sto 31323","sto-31323","#d6ceaa"
"Sto 31324","sto-31324","#dfd9c1"
"Sto 31330","sto-31330","#706554"
"Sto 31331","sto-31331","#8e836e"
"Sto 31332","sto-31332","#9e927d"
"Sto 31333","sto-31333","#b2a892"
"Sto 31334","sto-31334","#c1b7a4"
"Sto 31335","sto-31335","#d5cbba"
"Sto 31336","sto-31336","#e0d8c7"
"Sto 31337","sto-31337","#e9e2d3"
"Sto 31340","sto-31340","#c59d43"
"Sto 31341","sto-31341","#ae9048"
"Sto 31342","sto-31342","#9a8348"
"Sto 31343","sto-31343","#7b6b47"
"Sto 31344","sto-31344","#6b6049"
"Sto 31400","sto-31400","#e1a148"
"Sto 31401","sto-31401","#e8ad5b"
"Sto 31402","sto-31402","#edb86b"
"Sto 31403","sto-31403","#f4cb8b"
"Sto 31404","sto-31404","#f6d59e"
"Sto 31405","sto-31405","#f8e0b4"
"Sto 31406","sto-31406","#f8e4bf"
"Sto 31407","sto-31407","#f9eccf"
"Sto 31408","sto-31408","#faf0d9"
"Sto 31409","sto-31409","#faf3e0"
"Sto 31410","sto-31410","#dcae6b"
"Sto 31411","sto-31411","#eabf80"
"Sto 31412","sto-31412","#edcc99"
"Sto 31413","sto-31413","#f5d9ae"
"Sto 31414","sto-31414","#f4e2c3"
"Sto 31415","sto-31415","#f5e8cd"
"Sto 31416","sto-31416","#f6ecd5"
"Sto 31420","sto-31420","#c59c5f"
"Sto 31421","sto-31421","#ceac75"
"Sto 31422","sto-31422","#d6bc8f"
"Sto 31423","sto-31423","#d9c9a7"
"Sto 31424","sto-31424","#dcd4c0"
"Sto 31430","sto-31430","#6d6153"
"Sto 31431","sto-31431","#8b7d6d"
"Sto 31432","sto-31432","#968979"
"Sto 31433","sto-31433","#ada08e"
"Sto 31434","sto-31434","#c0b5a5"
"Sto 31435","sto-31435","#d0c6b6"
"Sto 31436","sto-31436","#dad1c5"
"Sto 31437","sto-31437","#e8e0d1"
"Sto 31440","sto-31440","#cc9855"
"Sto 31441","sto-31441","#b88546"
"Sto 31442","sto-31442","#9e7946"
"Sto 31443","sto-31443","#7d6a47"
"Sto 32100","sto-32100","#eb9741"
"Sto 32101","sto-32101","#f0a34e"
"Sto 32102","sto-32102","#f2af5e"
"Sto 32103","sto-32103","#f8c47b"
"Sto 32104","sto-32104","#face8d"
"Sto 32105","sto-32105","#f8daa0"
"Sto 32106","sto-32106","#f7e0ad"
"Sto 32107","sto-32107","#f8e9c0"
"Sto 32108","sto-32108","#faefcf"
"Sto 32109","sto-32109","#faf2da"
"Sto 32110","sto-32110","#dca157"
"Sto 32111","sto-32111","#ebb973"
"Sto 32112","sto-32112","#eec992"
"Sto 32113","sto-32113","#f2d3a1"
"Sto 32114","sto-32114","#fae5c1"
"Sto 32120","sto-32120","#c7a178"
"Sto 32121","sto-32121","#d2b591"
"Sto 32122","sto-32122","#d7c4a5"
"Sto 32123","sto-32123","#ddd4c3"
"Sto 32130","sto-32130","#755f4b"
"Sto 32131","sto-32131","#8e7862"
"Sto 32132","sto-32132","#99836a"
"Sto 32133","sto-32133","#b29d86"
"Sto 32134","sto-32134","#c0ac93"
"Sto 32135","sto-32135","#d1c0a9"
"Sto 32136","sto-32136","#ddcfbb"
"Sto 32137","sto-32137","#e7dccb"
"Sto 32138","sto-32138","#efe8d6"
"Sto 32140","sto-32140","#c28943"
"Sto 32141","sto-32141","#aa7a45"
"Sto 32142","sto-32142","#99714b"
"Sto 32143","sto-32143","#775d46"
"Sto 32144","sto-32144","#6b5b4d"
"Sto 32200","sto-32200","#e78345"
"Sto 32201","sto-32201","#eb9151"
"Sto 32202","sto-32202","#ef9c60"
"Sto 32203","sto-32203","#f6b57d"
"Sto 32204","sto-32204","#fbc18d"
"Sto 32205","sto-32205","#fbcfa2"
"Sto 32206","sto-32206","#fad8b0"
"Sto 32207","sto-32207","#fbe1c2"
"Sto 32208","sto-32208","#fcead0"
"Sto 32209","sto-32209","#fcf0db"
"Sto 32214","sto-32214","#f0d1b1"
"Sto 32215","sto-32215","#f4ddc3"
"Sto 32216","sto-32216","#f6e5cf"
"Sto 32220","sto-32220","#b49376"
"Sto 32221","sto-32221","#c3a88e"
"Sto 32222","sto-32222","#cab69f"
"Sto 32223","sto-32223","#dacfc1"
"Sto 32230","sto-32230","#705e55"
"Sto 32231","sto-32231","#8d7b70"
"Sto 32232","sto-32232","#9b897c"
"Sto 32233","sto-32233","#af9e91"
"Sto 32234","sto-32234","#c2b4a9"
"Sto 32235","sto-32235","#d0c3b7"
"Sto 32236","sto-32236","#dcd1c5"
"Sto 32237","sto-32237","#e9e1d3"
"Sto 32240","sto-32240","#bb7546"
"Sto 32241","sto-32241","#996848"
"Sto 32242","sto-32242","#816653"
"Sto 32243","sto-32243","#574a43"
"Sto 32300","sto-32300","#e16e44"
"Sto 32301","sto-32301","#e67d52"
"Sto 32302","sto-32302","#ec8b60"
"Sto 32303","sto-32303","#f7a37b"
"Sto 32304","sto-32304","#f9af8b"
"Sto 32305","sto-32305","#f9c2a3"
"Sto 32306","sto-32306","#facbae"
"Sto 32307","sto-32307","#fdd8c2"
"Sto 32308","sto-32308","#fce3d0"
"Sto 32309","sto-32309","#fdebdb"
"Sto 32310","sto-32310","#d38564"
"Sto 32311","sto-32311","#e49d7d"
"Sto 32312","sto-32312","#edad90"
"Sto 32313","sto-32313","#f5c0a6"
"Sto 32314","sto-32314","#f7cab3"
"Sto 32315","sto-32315","#f9d7c5"
"Sto 32316","sto-32316","#fae0d1"
"Sto 32320","sto-32320","#ba8d78"
"Sto 32321","sto-32321","#cda792"
"Sto 32322","sto-32322","#d1b6a5"
"Sto 32323","sto-32323","#ded0c4"
"Sto 32330","sto-32330","#8d6957"
"Sto 32331","sto-32331","#9c7966"
"Sto 32332","sto-32332","#b2917e"
"Sto 32333","sto-32333","#c4a492"
"Sto 32334","sto-32334","#d4bba7"
"Sto 32335","sto-32335","#ddc8b5"
"Sto 32336","sto-32336","#ebdbcc"
"Sto 32337","sto-32337","#eee2d3"
"Sto 32340","sto-32340","#b06244"
"Sto 32341","sto-32341","#8b5e4d"
"Sto 32342","sto-32342","#795648"
"Sto 32343","sto-32343","#675045"
"Sto 32400","sto-32400","#d65843"
"Sto 32401","sto-32401","#e06750"
"Sto 32402","sto-32402","#e9755f"
"Sto 32403","sto-32403","#f38d79"
"Sto 32404","sto-32404","#f89c8c"
"Sto 32405","sto-32405","#fab2a3"
"Sto 32406","sto-32406","#fbbcaf"
"Sto 32407","sto-32407","#fccbc0"
"Sto 32408","sto-32408","#fed8ce"
"Sto 32409","sto-32409","#fde2d9"
"Sto 32410","sto-32410","#cf705f"
"Sto 32411","sto-32411","#e38a79"
"Sto 32412","sto-32412","#eb9a8c"
"Sto 32413","sto-32413","#f4b0a4"
"Sto 32414","sto-32414","#f8bbb0"
"Sto 32420","sto-32420","#be8a7e"
"Sto 32421","sto-32421","#cea49a"
"Sto 32422","sto-32422","#d3b3ab"
"Sto 32423","sto-32423","#d6c0ba"
"Sto 32424","sto-32424","#d8cac5"
"Sto 32430","sto-32430","#8d5d51"
"Sto 32431","sto-32431","#9c6e63"
"Sto 32432","sto-32432","#b18b7f"
"Sto 32433","sto-32433","#c8a296"
"Sto 32434","sto-32434","#d1b1a7"
"Sto 32435","sto-32435","#e1c7be"
"Sto 32436","sto-32436","#e1cec5"
"Sto 32440","sto-32440","#b0513f"
"Sto 32441","sto-32441","#985c4f"
"Sto 33100","sto-33100","#c7473f"
"Sto 33101","sto-33101","#d4554f"
"Sto 33102","sto-33102","#df6461"
"Sto 33103","sto-33103","#ed7b79"
"Sto 33104","sto-33104","#f48c8d"
"Sto 33105","sto-33105","#f9a2a3"
"Sto 33106","sto-33106","#fbadaf"
"Sto 33107","sto-33107","#fcbebf"
"Sto 33108","sto-33108","#fecece"
"Sto 33109","sto-33109","#fdd8d7"
"Sto 33110","sto-33110","#b36f61"
"Sto 33111","sto-33111","#c48478"
"Sto 33112","sto-33112","#d8a094"
"Sto 33113","sto-33113","#e3b1a6"
"Sto 33114","sto-33114","#f0cbc0"
"Sto 33115","sto-33115","#f5d7cd"
"Sto 33116","sto-33116","#f6e0d6"
"Sto 33120","sto-33120","#b57a6d"
"Sto 33121","sto-33121","#c58f85"
"Sto 33122","sto-33122","#cea69e"
"Sto 33123","sto-33123","#d9c2b9"
"Sto 33130","sto-33130","#6f6361"
"Sto 33131","sto-33131","#837977"
"Sto 33132","sto-33132","#958b88"
"Sto 33133","sto-33133","#a9a09e"
"Sto 33134","sto-33134","#b7afac"
"Sto 33135","sto-33135","#c7c0bd"
"Sto 33136","sto-33136","#d5d0cc"
"Sto 33137","sto-33137","#dddad6"
"Sto 33140","sto-33140","#a15b4d"
"Sto 33141","sto-33141","#8a4b3c"
"Sto 33142","sto-33142","#724c43"
"Sto 33143","sto-33143","#604640"
"Sto 33144","sto-33144","#54433e"
"Sto 33200","sto-33200","#aa4641"
"Sto 33201","sto-33201","#c15453"
"Sto 33202","sto-33202","#ce6363"
"Sto 33203","sto-33203","#e27c7e"
"Sto 33204","sto-33204","#eb8c91"
"Sto 33205","sto-33205","#f3a2a6"
"Sto 33206","sto-33206","#f6aeb2"
"Sto 33207","sto-33207","#fabfc3"
"Sto 33208","sto-33208","#fccfd0"
"Sto 33209","sto-33209","#fedcdb"
"Sto 33210","sto-33210","#a06561"
"Sto 33211","sto-33211","#b67f7e"
"Sto 33212","sto-33212","#c59392"
"Sto 33213","sto-33213","#d5aaa9"
"Sto 33214","sto-33214","#ddb6b5"
"Sto 33215","sto-33215","#e6c7c5"
"Sto 33216","sto-33216","#eed5d2"
"Sto 33220","sto-33220","#a67572"
"Sto 33221","sto-33221","#bd9695"
"Sto 33222","sto-33222","#ccaeac"
"Sto 33223","sto-33223","#d5c0bf"
"Sto 33224","sto-33224","#d8cbca"
"Sto 33230","sto-33230","#6d4f4b"
"Sto 33231","sto-33231","#7c605d"
"Sto 33232","sto-33232","#947a78"
"Sto 33233","sto-33233","#a28c8a"
"Sto 33234","sto-33234","#b5a2a0"
"Sto 33235","sto-33235","#c5b5b4"
"Sto 33236","sto-33236","#d5ccca"
"Sto 33237","sto-33237","#e2dad7"
"Sto 33240","sto-33240","#83463e"
"Sto 33241","sto-33241","#78443a"
"Sto 33300","sto-33300","#904d4c"
"Sto 33301","sto-33301","#a85b5e"
"Sto 33302","sto-33302","#b7686d"
"Sto 33303","sto-33303","#ce8187"
"Sto 33304","sto-33304","#d89198"
"Sto 33305","sto-33305","#e8a8ae"
"Sto 33306","sto-33306","#ecb3b9"
"Sto 33307","sto-33307","#f2c1c6"
"Sto 33308","sto-33308","#f8d3d5"
"Sto 33309","sto-33309","#fcdfde"
"Sto 33310","sto-33310","#976462"
"Sto 33311","sto-33311","#b08080"
"Sto 33312","sto-33312","#bc9090"
"Sto 33313","sto-33313","#cca6a6"
"Sto 33314","sto-33314","#d5b2b2"
"Sto 33315","sto-33315","#e1c5c3"
"Sto 33316","sto-33316","#e9d4d2"
"Sto 33317","sto-33317","#efe0dc"
"Sto 33320","sto-33320","#a07675"
"Sto 33321","sto-33321","#b49293"
"Sto 33322","sto-33322","#c5aaaa"
"Sto 33323","sto-33323","#d0bdbd"
"Sto 33324","sto-33324","#d2c7c7"
"Sto 33330","sto-33330","#7c5957"
"Sto 33331","sto-33331","#936f6f"
"Sto 33332","sto-33332","#a28282"
"Sto 33333","sto-33333","#b79a9a"
"Sto 33334","sto-33334","#c3a7a6"
"Sto 33335","sto-33335","#d1b9b9"
"Sto 33336","sto-33336","#decac8"
"Sto 33337","sto-33337","#e6d8d5"
"Sto 33340","sto-33340","#86473f"
"Sto 33341","sto-33341","#794a44"
"Sto 33342","sto-33342","#674640"
"Sto 33400","sto-33400","#785058"
"Sto 33401","sto-33401","#91626e"
"Sto 33402","sto-33402","#a37380"
"Sto 33403","sto-33403","#bb8c99"
"Sto 33404","sto-33404","#c89daa"
"Sto 33405","sto-33405","#d8b3bc"
"Sto 33406","sto-33406","#dfbdc5"
"Sto 33407","sto-33407","#e8ced2"
"Sto 33408","sto-33408","#f1dbdc"
"Sto 33409","sto-33409","#f4e4e3"
"Sto 33410","sto-33410","#8c6874"
"Sto 33411","sto-33411","#a27c89"
"Sto 33412","sto-33412","#b4919c"
"Sto 33413","sto-33413","#c6a6b1"
"Sto 33414","sto-33414","#d5b7be"
"Sto 33420","sto-33420","#8a7076"
"Sto 33421","sto-33421","#a89096"
"Sto 33422","sto-33422","#bcacb2"
"Sto 33423","sto-33423","#c9bcbf"
"Sto 33424","sto-33424","#cec7c9"
"Sto 33430","sto-33430","#6e5e63"
"Sto 33431","sto-33431","#83737b"
"Sto 33432","sto-33432","#92828a"
"Sto 33433","sto-33433","#a9979d"
"Sto 33434","sto-33434","#bcacb2"
"Sto 33435","sto-33435","#cebec1"
"Sto 33436","sto-33436","#d8cbcb"
"Sto 33437","sto-33437","#e7dedb"
"Sto 33440","sto-33440","#7c5d65"
"Sto 33441","sto-33441","#5a5256"
"Sto 34100","sto-34100","#67576a"
"Sto 34101","sto-34101","#7e6c82"
"Sto 34102","sto-34102","#917f95"
"Sto 34103","sto-34103","#ad9baf"
"Sto 34104","sto-34104","#bcacbd"
"Sto 34105","sto-34105","#cdc0ce"
"Sto 34106","sto-34106","#d4cad5"
"Sto 34107","sto-34107","#e1d8df"
"Sto 34108","sto-34108","#eae3e5"
"Sto 34109","sto-34109","#f0eaea"
"Sto 34110","sto-34110","#786f84"
"Sto 34111","sto-34111","#968ca2"
"Sto 34112","sto-34112","#a89eb0"
"Sto 34113","sto-34113","#b3a8b8"
"Sto 34114","sto-34114","#beb4c1"
"Sto 34115","sto-34115","#d4cdd3"
"Sto 34116","sto-34116","#ded8da"
"Sto 34120","sto-34120","#7f7988"
"Sto 34121","sto-34121","#918a98"
"Sto 34122","sto-34122","#a79fab"
"Sto 34123","sto-34123","#bdb6bf"
"Sto 34124","sto-34124","#cec7cb"
"Sto 34130","sto-34130","#645e61"
"Sto 34131","sto-34131","#746d70"
"Sto 34132","sto-34132","#868184"
"Sto 34133","sto-34133","#969295"
"Sto 34134","sto-34134","#a9a5a8"
"Sto 34135","sto-34135","#b5b1b3"
"Sto 34136","sto-34136","#c7c3c4"
"Sto 34137","sto-34137","#d5d2d1"
"Sto 34138","sto-34138","#e2dfdc"
"Sto 34140","sto-34140","#665d6f"
"Sto 34141","sto-34141","#544951"
"Sto 34200","sto-34200","#5a556e"
"Sto 34201","sto-34201","#75718d"
"Sto 34202","sto-34202","#87839f"
"Sto 34203","sto-34203","#a5a2b9"
"Sto 34204","sto-34204","#b3b0c4"
"Sto 34205","sto-34205","#c6c4d2"
"Sto 34206","sto-34206","#cfcdd9"
"Sto 34207","sto-34207","#dbdae1"
"Sto 34208","sto-34208","#e6e4e6"
"Sto 34209","sto-34209","#ebeae8"
"Sto 34210","sto-34210","#6e687a"
"Sto 34211","sto-34211","#858096"
"Sto 34212","sto-34212","#9792a4"
"Sto 34213","sto-34213","#b1aebc"
"Sto 34214","sto-34214","#c3bfc9"
"Sto 34215","sto-34215","#d5d1d5"
"Sto 34216","sto-34216","#e3dfdf"
"Sto 34220","sto-34220","#8d8798"
"Sto 34221","sto-34221","#a39eac"
"Sto 34222","sto-34222","#b4b0bb"
"Sto 34230","sto-34230","#615f6a"
"Sto 34231","sto-34231","#767582"
"Sto 34232","sto-34232","#8a8996"
"Sto 34233","sto-34233","#9997a2"
"Sto 34234","sto-34234","#afafb9"
"Sto 34235","sto-34235","#cbc8cd"
"Sto 34236","sto-34236","#d0ced1"
"Sto 34237","sto-34237","#e0dedc"
"Sto 34240","sto-34240","#767183"
"Sto 34241","sto-34241","#64606f"
"Sto 34242","sto-34242","#5f5c68"
"Sto 34243","sto-34243","#54545a"
"Sto 34300","sto-34300","#545b7c"
"Sto 34301","sto-34301","#6d799c"
"Sto 34302","sto-34302","#7f8bad"
"Sto 34303","sto-34303","#9ea9c4"
"Sto 34304","sto-34304","#adb7cf"
"Sto 34305","sto-34305","#c1cada"
"Sto 34306","sto-34306","#cbd2df"
"Sto 34307","sto-34307","#d6dce4"
"Sto 34308","sto-34308","#e1e7ea"
"Sto 34309","sto-34309","#e9ecea"
"Sto 34310","sto-34310","#7e89a2"
"Sto 34311","sto-34311","#959fb5"
"Sto 34312","sto-34312","#a8b1c5"
"Sto 34313","sto-34313","#b7bfcf"
"Sto 34314","sto-34314","#c8ced9"
"Sto 34315","sto-34315","#d0d6de"
"Sto 34320","sto-34320","#7d8699"
"Sto 34321","sto-34321","#9aa2b3"
"Sto 34322","sto-34322","#b9c0ca"
"Sto 34323","sto-34323","#c9ced4"
"Sto 34330","sto-34330","#656672"
"Sto 34331","sto-34331","#6e707d"
"Sto 34332","sto-34332","#8e8f9b"
"Sto 34333","sto-34333","#a0a1ad"
"Sto 34334","sto-34334","#b5b6bf"
"Sto 34335","sto-34335","#c1c2c9"
"Sto 34336","sto-34336","#d0d1d5"
"Sto 34337","sto-34337","#dddedf"
"Sto 34340","sto-34340","#53596d"
"Sto 34341","sto-34341","#5b5c67"
"Sto 34400","sto-34400","#4c638d"
"Sto 34401","sto-34401","#6482ac"
"Sto 34402","sto-34402","#7693ba"
"Sto 34403","sto-34403","#98b1d0"
"Sto 34404","sto-34404","#a5bbd5"
"Sto 34405","sto-34405","#bbcddf"
"Sto 34406","sto-34406","#c6d5e3"
"Sto 34407","sto-34407","#d4e0e8"
"Sto 34408","sto-34408","#dee7eb"
"Sto 34409","sto-34409","#e1e8e7"
"Sto 34410","sto-34410","#7494b1"
"Sto 34411","sto-34411","#93afc7"
"Sto 34412","sto-34412","#a6bed3"
"Sto 34413","sto-34413","#bdd0dd"
"Sto 34414","sto-34414","#c3d3df"
"Sto 34420","sto-34420","#7a879a"
"Sto 34421","sto-34421","#9aa6b7"
"Sto 34422","sto-34422","#b3bcc7"
"Sto 34423","sto-34423","#c6cdd4"
"Sto 34430","sto-34430","#616874"
"Sto 34431","sto-34431","#6c7482"
"Sto 34432","sto-34432","#88909c"
"Sto 34433","sto-34433","#9fa6b3"
"Sto 34434","sto-34434","#b3b9c2"
"Sto 34435","sto-34435","#bdc2c9"
"Sto 34436","sto-34436","#cdd2d6"
"Sto 34437","sto-34437","#dce1e2"
"Sto 34440","sto-34440","#4b607d"
"Sto 34441","sto-34441","#4b5b70"
"Sto 34442","sto-34442","#4a4f59"
"Sto 35100","sto-35100","#3075b2"
"Sto 35101","sto-35101","#4e93ca"
"Sto 35102","sto-35102","#65a3d5"
"Sto 35103","sto-35103","#89bce2"
"Sto 35104","sto-35104","#9dc6e3"
"Sto 35105","sto-35105","#b6d6ec"
"Sto 35106","sto-35106","#c1dceb"
"Sto 35107","sto-35107","#d1e5ef"
"Sto 35108","sto-35108","#ddebee"
"Sto 35109","sto-35109","#e6f0ef"
"Sto 35110","sto-35110","#6a9bc1"
"Sto 35111","sto-35111","#8bb5d2"
"Sto 35112","sto-35112","#a1c4dd"
"Sto 35113","sto-35113","#b6d2e3"
"Sto 35114","sto-35114","#c1d7e4"
"Sto 35120","sto-35120","#6f91ae"
"Sto 35121","sto-35121","#93aec2"
"Sto 35122","sto-35122","#adc1d0"
"Sto 35123","sto-35123","#c2cdd4"
"Sto 35124","sto-35124","#c8cfd2"
"Sto 35130","sto-35130","#626e7a"
"Sto 35131","sto-35131","#6b7784"
"Sto 35132","sto-35132","#8b96a3"
"Sto 35133","sto-35133","#9ca7b1"
"Sto 35134","sto-35134","#acb6bd"
"Sto 35135","sto-35135","#bcc5cc"
"Sto 35136","sto-35136","#cdd3d5"
"Sto 35137","sto-35137","#dce0e1"
"Sto 35140","sto-35140","#386892"
"Sto 35141","sto-35141","#3a4b62"
"Sto 35200","sto-35200","#2579aa"
"Sto 35201","sto-35201","#4594c1"
"Sto 35202","sto-35202","#5ca4cd"
"Sto 35203","sto-35203","#86bedd"
"Sto 35204","sto-35204","#9acbe4"
"Sto 35205","sto-35205","#b4d6e8"
"Sto 35206","sto-35206","#bfdce8"
"Sto 35207","sto-35207","#d0e5ec"
"Sto 35208","sto-35208","#dcecec"
"Sto 35209","sto-35209","#e0eae6"
"Sto 35210","sto-35210","#6399b8"
"Sto 35211","sto-35211","#89b4cd"
"Sto 35212","sto-35212","#9cc3d8"
"Sto 35213","sto-35213","#b5d3e1"
"Sto 35220","sto-35220","#5d8ca7"
"Sto 35221","sto-35221","#83abc0"
"Sto 35222","sto-35222","#a3becd"
"Sto 35223","sto-35223","#b7cbd4"
"Sto 35224","sto-35224","#c4d0d6"
"Sto 35230","sto-35230","#5d656b"
"Sto 35231","sto-35231","#76797c"
"Sto 35232","sto-35232","#7f8487"
"Sto 35233","sto-35233","#949ca0"
"Sto 35234","sto-35234","#b1b8ba"
"Sto 35235","sto-35235","#c1c6c6"
"Sto 35236","sto-35236","#d1d5d3"
"Sto 35237","sto-35237","#e4e5de"
"Sto 35240","sto-35240","#376788"
"Sto 35241","sto-35241","#344e65"
"Sto 35242","sto-35242","#44525d"
"Sto 35300","sto-35300","#287891"
"Sto 35301","sto-35301","#3a8aa4"
"Sto 35302","sto-35302","#5ba2ba"
"Sto 35303","sto-35303","#80bbcf"
"Sto 35304","sto-35304","#94c4d4"
"Sto 35305","sto-35305","#b1d5e0"
"Sto 35306","sto-35306","#bddce4"
"Sto 35307","sto-35307","#cde5e9"
"Sto 35308","sto-35308","#dbeceb"
"Sto 35309","sto-35309","#e3eeea"
"Sto 35310","sto-35310","#5c8ea0"
"Sto 35311","sto-35311","#6e9eaf"
"Sto 35312","sto-35312","#8db6c4"
"Sto 35313","sto-35313","#a0c4d0"
"Sto 35314","sto-35314","#b7d2da"
"Sto 35315","sto-35315","#c1dadf"
"Sto 35320","sto-35320","#688793"
"Sto 35321","sto-35321","#7b9ba6"
"Sto 35322","sto-35322","#8ca8b1"
"Sto 35323","sto-35323","#a7bfc4"
"Sto 35324","sto-35324","#baccce"
"Sto 35330","sto-35330","#5b727e"
"Sto 35331","sto-35331","#6f8a97"
"Sto 35332","sto-35332","#809ba7"
"Sto 35333","sto-35333","#8ba1ad"
"Sto 35334","sto-35334","#a1b8c1"
"Sto 35335","sto-35335","#b4c7cc"
"Sto 35336","sto-35336","#c3d2d5"
"Sto 35337","sto-35337","#dbe5e1"
"Sto 35340","sto-35340","#44778a"
"Sto 35341","sto-35341","#5c7c88"
"Sto 35342","sto-35342","#566872"
"Sto 35400","sto-35400","#2e7d82"
"Sto 35401","sto-35401","#4d979c"
"Sto 35402","sto-35402","#62a5aa"
"Sto 35403","sto-35403","#84bdc0"
"Sto 35404","sto-35404","#9bc9cd"
"Sto 35405","sto-35405","#b3d6d8"
"Sto 35406","sto-35406","#bfdddd"
"Sto 35407","sto-35407","#cee4e4"
"Sto 35408","sto-35408","#dcecea"
"Sto 35409","sto-35409","#e8f2ed"
"Sto 35410","sto-35410","#6c9ea2"
"Sto 35411","sto-35411","#8eb9bc"
"Sto 35412","sto-35412","#9fc4c6"
"Sto 35413","sto-35413","#b6d3d3"
"Sto 35414","sto-35414","#c1d9d9"
"Sto 35415","sto-35415","#d1e3e1"
"Sto 35420","sto-35420","#618d92"
"Sto 35421","sto-35421","#83aaae"
"Sto 35422","sto-35422","#a3bec1"
"Sto 35423","sto-35423","#baccce"
"Sto 35430","sto-35430","#667b80"
"Sto 35431","sto-35431","#83989c"
"Sto 35432","sto-35432","#96a9ad"
"Sto 35433","sto-35433","#aebec0"
"Sto 35434","sto-35434","#b7c5c7"
"Sto 35435","sto-35435","#c8d4d4"
"Sto 35436","sto-35436","#d6dfdd"
"Sto 35437","sto-35437","#e1e7e3"
"Sto 35440","sto-35440","#568d91"
"Sto 35441","sto-35441","#3e7276"
"Sto 35442","sto-35442","#39575b"
"Sto 36100","sto-36100","#38815f"
"Sto 36101","sto-36101","#49906e"
"Sto 36102","sto-36102","#68a987"
"Sto 36103","sto-36103","#8dc0a3"
"Sto 36104","sto-36104","#9cc7ae"
"Sto 36105","sto-36105","#b8d9c5"
"Sto 36106","sto-36106","#c4e0ce"
"Sto 36107","sto-36107","#d2e7d8"
"Sto 36108","sto-36108","#dfefe1"
"Sto 36109","sto-36109","#e6efe3"
"Sto 36110","sto-36110","#7c9884"
"Sto 36111","sto-36111","#99b29f"
"Sto 36112","sto-36112","#abc1b0"
"Sto 36113","sto-36113","#bfd1c2"
"Sto 36114","sto-36114","#cad9cc"
"Sto 36115","sto-36115","#d7e2d7"
"Sto 36120","sto-36120","#739584"
"Sto 36121","sto-36121","#92b0a0"
"Sto 36122","sto-36122","#afc3b9"
"Sto 36123","sto-36123","#becdc4"
"Sto 36124","sto-36124","#c1cac5"
"Sto 36130","sto-36130","#697e74"
"Sto 36131","sto-36131","#85998f"
"Sto 36132","sto-36132","#98aba2"
"Sto 36133","sto-36133","#b0c0b7"
"Sto 36134","sto-36134","#bbc9c1"
"Sto 36135","sto-36135","#ccd7cf"
"Sto 36136","sto-36136","#dbe4db"
"Sto 36137","sto-36137","#e6ece4"
"Sto 36140","sto-36140","#5c7a67"
"Sto 36141","sto-36141","#446855"
"Sto 36142","sto-36142","#4b5d53"
"Sto 36200","sto-36200","#508f58"
"Sto 36201","sto-36201","#6ba269"
"Sto 36202","sto-36202","#7db079"
"Sto 36203","sto-36203","#9cc694"
"Sto 36204","sto-36204","#add1a5"
"Sto 36205","sto-36205","#c2ddb8"
"Sto 36206","sto-36206","#cce3c2"
"Sto 36207","sto-36207","#dbebcf"
"Sto 36208","sto-36208","#e7f0da"
"Sto 36209","sto-36209","#e4eada"
"Sto 36210","sto-36210","#7c8f6b"
"Sto 36211","sto-36211","#99aa87"
"Sto 36212","sto-36212","#b5c2a4"
"Sto 36213","sto-36213","#c8d2b8"
"Sto 36214","sto-36214","#cfd7c2"
"Sto 36215","sto-36215","#e5e8d6"
"Sto 36216","sto-36216","#eaedde"
"Sto 36217","sto-36217","#f2f1e5"
"Sto 36220","sto-36220","#8d9c7b"
"Sto 36221","sto-36221","#a4b194"
"Sto 36222","sto-36222","#b6c0a9"
"Sto 36223","sto-36223","#c5ccbd"
"Sto 36230","sto-36230","#62685f"
"Sto 36231","sto-36231","#80867d"
"Sto 36232","sto-36232","#8d938a"
"Sto 36233","sto-36233","#a3a9a0"
"Sto 36234","sto-36234","#b7bcb3"
"Sto 36235","sto-36235","#ccd0c7"
"Sto 36236","sto-36236","#d9dbd3"
"Sto 36237","sto-36237","#e4e4db"
"Sto 36240","sto-36240","#647b5e"
"Sto 36241","sto-36241","#5c6a58"
"Sto 36300","sto-36300","#719e50"
"Sto 36301","sto-36301","#87af5e"
"Sto 36302","sto-36302","#96bb6c"
"Sto 36303","sto-36303","#b1cf88"
"Sto 36304","sto-36304","#afc88e"
"Sto 36305","sto-36305","#cee2ae"
"Sto 36306","sto-36306","#d5e6b7"
"Sto 36307","sto-36307","#e3edc8"
"Sto 36308","sto-36308","#ebf2d5"
"Sto 36309","sto-36309","#f1f4de"
"Sto 36310","sto-36310","#8a9a72"
"Sto 36311","sto-36311","#9fae88"
"Sto 36312","sto-36312","#bbc5a5"
"Sto 36313","sto-36313","#ccd2b4"
"Sto 36314","sto-36314","#d8dcc6"
"Sto 36320","sto-36320","#86956e"
"Sto 36321","sto-36321","#a1ae8b"
"Sto 36322","sto-36322","#b4bda3"
"Sto 36323","sto-36323","#c1c7b0"
"Sto 36324","sto-36324","#cccfbf"
"Sto 36330","sto-36330","#747e67"
"Sto 36331","sto-36331","#878e78"
"Sto 36332","sto-36332","#9aa28c"
"Sto 36333","sto-36333","#b6bca5"
"Sto 36334","sto-36334","#c3c8b3"
"Sto 36335","sto-36335","#d0d4c2"
"Sto 36336","sto-36336","#dddfcf"
"Sto 36337","sto-36337","#e7e6d4"
"Sto 36340","sto-36340","#6b7f59"
"Sto 36341","sto-36341","#5e6d52"
"Sto 36342","sto-36342","#4c524b"
"Sto 36400","sto-36400","#9db048"
"Sto 36401","sto-36401","#a5b74f"
"Sto 36402","sto-36402","#b7c662"
"Sto 36403","sto-36403","#cbd776"
"Sto 36404","sto-36404","#d5e08f"
"Sto 36405","sto-36405","#dfe7a7"
"Sto 36406","sto-36406","#e8ecad"
"Sto 36407","sto-36407","#ecf1c5"
"Sto 36408","sto-36408","#f2f5d1"
"Sto 36409","sto-36409","#f6f5d9"
"Sto 36410","sto-36410","#a5af6a"
"Sto 36411","sto-36411","#bcc486"
"Sto 36412","sto-36412","#c9d099"
"Sto 36413","sto-36413","#d9deaf"
"Sto 36414","sto-36414","#dde2ba"
"Sto 36415","sto-36415","#e7e9ca"
"Sto 36416","sto-36416","#edefd6"
"Sto 36420","sto-36420","#99996f"
"Sto 36421","sto-36421","#abac86"
"Sto 36422","sto-36422","#bdbc9b"
"Sto 36423","sto-36423","#c7c8af"
"Sto 36424","sto-36424","#d8d8c9"
"Sto 36430","sto-36430","#7b815f"
"Sto 36431","sto-36431","#8b906f"
"Sto 36432","sto-36432","#a4a88a"
"Sto 36433","sto-36433","#b6bb9e"
"Sto 36434","sto-36434","#c6c9b1"
"Sto 36435","sto-36435","#d1d3bd"
"Sto 36436","sto-36436","#dcddcb"
"Sto 36437","sto-36437","#e5e7d7"
"Sto 36440","sto-36440","#85924b"
"Sto 36441","sto-36441","#787b54"
"Sto 36442","sto-36442","#696f4f"
"Sto 36443","sto-36443","#575b48"
"Sto 37100","sto-37100","#474746"
"Sto 37101","sto-37101","#505151"
"Sto 37102","sto-37102","#60615e"
"Sto 37103","sto-37103","#696b6a"
"Sto 37104","sto-37104","#767876"
"Sto 37105","sto-37105","#858684"
"Sto 37106","sto-37106","#919391"
"Sto 37107","sto-37107","#9fa19e"
"Sto 37108","sto-37108","#b2b2af"
"Sto 37109","sto-37109","#c9c9c3"
"Sto 37110","sto-37110","#d6d5d0"
"Sto 37111","sto-37111","#e7e4d8"
"Sto 37200","sto-37200","#65686a"
"Sto 37201","sto-37201","#76797b"
"Sto 37202","sto-37202","#818486"
"Sto 37203","sto-37203","#9b9fa1"
"Sto 37204","sto-37204","#b8bbba"
"Sto 37205","sto-37205","#c5c7c6"
"Sto 37206","sto-37206","#d5d6d3"
"Sto 37207","sto-37207","#e7e6de"
"Sto 37300","sto-37300","#656467"
"Sto 37301","sto-37301","#6e6c6f"
"Sto 37302","sto-37302","#7d7a7c"
"Sto 37303","sto-37303","#908e90"
"Sto 37304","sto-37304","#a3a1a3"
"Sto 37305","sto-37305","#bbb9b9"
"Sto 37306","sto-37306","#cecccb"
"Sto 37307","sto-37307","#dddcda"