"TOYO 0001","0001","#ad3286"
"TOYO 0002","0002","#c30089"
"TOYO 0003","0003","#d142aa"
"TOYO 0004","0004","#a45789"
"TOYO 0005","0005","#b86096"
"TOYO 0006","0006","#da5bae"
"TOYO 0007","0007","#b0006f"
"TOYO 0008","0008","#c60078"
"TOYO 0009","0009","#cc5d9d"
"TOYO 0010","0010","#db4e9a"
"TOYO 0011","0011","#da388c"
"TOYO 0012","0012","#e675a9"
"TOYO 0013","0013","#e289bb"
"TOYO 0014","0014","#e8a3c4"
"TOYO 0015","0015","#e7a9ca"
"TOYO 0016","0016","#e6b2c9"
"TOYO 0017","0017","#e8c3d1"
"TOYO 0018","0018","#efb2c6"
"TOYO 0019","0019","#e971a3"
"TOYO 0020","0020","#b3397a"
"TOYO 0021","0021","#8f2c65"
"TOYO 0022","0022","#970c59"
"TOYO 0023","0023","#c40066"
"TOYO 0024","0024","#d72783"
"TOYO 0025","0025","#c90061"
"TOYO 0026","0026","#bc005a"
"TOYO 0027","0027","#ab004c"
"TOYO 0028","0028","#9a0f43"
"TOYO 0029","0029","#c02a62"
"TOYO 0030","0030","#d80473"
"TOYO 0031","0031","#e35491"
"TOYO 0032","0032","#bc577a"
"TOYO 0033","0033","#963554"
"TOYO 0034","0034","#d1005e"
"TOYO 0035","0035","#c9004c"
"TOYO 0036","0036","#d91362"
"TOYO 0037","0037","#9d515d"
"TOYO 0038","0038","#e45591"
"TOYO 0039","0039","#e24486"
"TOYO 0040","0040","#ed87ad"
"TOYO 0041","0041","#f2799e"
"TOYO 0042","0042","#de7394"
"TOYO 0043","0043","#e46185"
"TOYO 0044","0044","#e73d6c"
"TOYO 0045","0045","#c70035"
"TOYO 0046","0046","#d40041"
"TOYO 0047","0047","#d88391"
"TOYO 0048","0048","#f2adbf"
"TOYO 0049","0049","#f4a5b9"
"TOYO 0050","0050","#f5b5c0"
"TOYO 0051","0051","#e9b5ba"
"TOYO 0052","0052","#e6c3c5"
"TOYO 0053","0053","#f3c5c6"
"TOYO 0054","0054","#f0c6c2"
"TOYO 0055","0055","#efbfb9"
"TOYO 0056","0056","#f4a8aa"
"TOYO 0057","0057","#fda0a8"
"TOYO 0058","0058","#cf7485"
"TOYO 0059","0059","#f36a83"
"TOYO 0060","0060","#f7617d"
"TOYO 0061","0061","#d23655"
"TOYO 0062","0062","#cd5969"
"TOYO 0063","0063","#d50044"
"TOYO 0064","0064","#d00039"
"TOYO 0065","0065","#b60033"
"TOYO 0066","0066","#bf2845"
"TOYO 0067","0067","#b30f35"
"TOYO 0068","0068","#bb404b"
"TOYO 0069","0069","#d50030"
"TOYO 0070","0070","#d90031"
"TOYO 0071","0071","#de0036"
"TOYO 0072","0072","#e31545"
"TOYO 0073","0073","#e31c40"
"TOYO 0074","0074","#df666e"
"TOYO 0075","0075","#f24754"
"TOYO 0076","0076","#ee3744"
"TOYO 0077","0077","#f2444c"
"TOYO 0078","0078","#f74d4b"
"TOYO 0079","0079","#fd7f82"
"TOYO 0080","0080","#fc6f70"
"TOYO 0081","0081","#ff857d"
"TOYO 0082","0082","#fda3a0"
"TOYO 0083","0083","#fd9991"
"TOYO 0084","0084","#fab0a5"
"TOYO 0085","0085","#ff6057"
"TOYO 0086","0086","#fc4f4e"
"TOYO 0087","0087","#e14244"
"TOYO 0088","0088","#ec303a"
"TOYO 0089","0089","#c21631"
"TOYO 0090","0090","#b92129"
"TOYO 0091","0091","#c41d29"
"TOYO 0092","0092","#ad4e4f"
"TOYO 0093","0093","#bb4346"
"TOYO 0094","0094","#a42e34"
"TOYO 0095","0095","#a73434"
"TOYO 0096","0096","#c0262d"
"TOYO 0097","0097","#c62c2b"
"TOYO 0098","0098","#d5262c"
"TOYO 0099","0099","#e2172b"
"TOYO 0100","0100","#e4212b"
"TOYO 0101","0101","#e51b16"
"TOYO 0102","0102","#f1300e"
"TOYO 0103","0103","#f63e2a"
"TOYO 0104","0104","#f05f53"
"TOYO 0105","0105","#ff6e5e"
"TOYO 0106","0106","#ff8878"
"TOYO 0107","0107","#ff8e72"
"TOYO 0108","0108","#fba895"
"TOYO 0109","0109","#fea088"
"TOYO 0110","0110","#ff6945"
"TOYO 0111","0111","#fe5e3d"
"TOYO 0112","0112","#f56946"
"TOYO 0113","0113","#fb492d"
"TOYO 0114","0114","#b95846"
"TOYO 0115","0115","#b03831"
"TOYO 0116","0116","#b34d2e"
"TOYO 0117","0117","#ce432e"
"TOYO 0118","0118","#c64825"
"TOYO 0119","0119","#de4b2c"
"TOYO 0120","0120","#ef4c15"
"TOYO 0121","0121","#d05219"
"TOYO 0122","0122","#e1541b"
"TOYO 0123","0123","#b6481e"
"TOYO 0124","0124","#de6e3c"
"TOYO 0125","0125","#fa4f00"
"TOYO 0126","0126","#f46d3b"
"TOYO 0127","0127","#ff7744"
"TOYO 0128","0128","#fb5b00"
"TOYO 0129","0129","#df7f50"
"TOYO 0130","0130","#ff8759"
"TOYO 0131","0131","#fca076"
"TOYO 0132","0132","#fd9667"
"TOYO 0133","0133","#f5c9b5"
"TOYO 0134","0134","#f3cdc0"
"TOYO 0135","0135","#f3cdb3"
"TOYO 0136","0136","#f9b596"
"TOYO 0137","0137","#f8bf9e"
"TOYO 0138","0138","#f6c098"
"TOYO 0139","0139","#ff9364"
"TOYO 0140","0140","#c75313"
"TOYO 0141","0141","#da8d55"
"TOYO 0142","0142","#e07d46"
"TOYO 0143","0143","#e87c33"
"TOYO 0144","0144","#fe6700"
"TOYO 0145","0145","#ff6e00"
"TOYO 0146","0146","#ff7b00"
"TOYO 0147","0147","#ff802b"
"TOYO 0148","0148","#ff8600"
"TOYO 0149","0149","#fda55c"
"TOYO 0150","0150","#fbad73"
"TOYO 0151","0151","#f8bc7e"
"TOYO 0152","0152","#df863c"
"TOYO 0153","0153","#e57400"
"TOYO 0154","0154","#e67d00"
"TOYO 0155","0155","#eb8f3a"
"TOYO 0156","0156","#cd6d06"
"TOYO 0157","0157","#bd7013"
"TOYO 0158","0158","#d17a0e"
"TOYO 0159","0159","#d38500"
"TOYO 0160","0160","#e59126"
"TOYO 0161","0161","#ff9000"
"TOYO 0162","0162","#fda500"
"TOYO 0163","0163","#ff9d00"
"TOYO 0164","0164","#fbb200"
"TOYO 0165","0165","#ea9f27"
"TOYO 0166","0166","#ba7f3a"
"TOYO 0167","0167","#b27234"
"TOYO 0168","0168","#edae68"
"TOYO 0169","0169","#faba71"
"TOYO 0170","0170","#f9bb67"
"TOYO 0171","0171","#f9bf7a"
"TOYO 0172","0172","#f6c487"
"TOYO 0173","0173","#edb264"
"TOYO 0174","0174","#edbb6b"
"TOYO 0175","0175","#f8c562"
"TOYO 0176","0176","#f3d485"
"TOYO 0177","0177","#fbb634"
"TOYO 0178","0178","#fcb60b"
"TOYO 0179","0179","#e2a002"
"TOYO 0180","0180","#f5ae00"
"TOYO 0181","0181","#c08700"
"TOYO 0182","0182","#e0b000"
"TOYO 0183","0183","#f8c326"
"TOYO 0184","0184","#f4d063"
"TOYO 0185","0185","#eedf9c"
"TOYO 0186","0186","#f0dd84"
"TOYO 0187","0187","#f9c200"
"TOYO 0188","0188","#f9c700"
"TOYO 0189","0189","#f8ca00"
"TOYO 0190","0190","#f5ce37"
"TOYO 0191","0191","#f4d136"
"TOYO 0192","0192","#f9cd00"
"TOYO 0193","0193","#dab707"
"TOYO 0194","0194","#d5ba00"
"TOYO 0195","0195","#b99120"
"TOYO 0196","0196","#b59b1a"
"TOYO 0197","0197","#a68c1d"
"TOYO 0198","0198","#c2ab47"
"TOYO 0199","0199","#f1d95e"
"TOYO 0200","0200","#f6db00"
"TOYO 0201","0201","#f1de00"
"TOYO 0202","0202","#f3db0b"
"TOYO 0203","0203","#f0e22b"
"TOYO 0204","0204","#eedf68"
"TOYO 0205","0205","#eede84"
"TOYO 0206","0206","#f1db42"
"TOYO 0207","0207","#f0e345"
"TOYO 0208","0208","#eee45f"
"TOYO 0209","0209","#ebe684"
"TOYO 0210","0210","#ece7ad"
"TOYO 0211","0211","#ece595"
"TOYO 0212","0212","#e1e475"
"TOYO 0213","0213","#d8d56f"
"TOYO 0214","0214","#dfde00"
"TOYO 0215","0215","#ccc140"
"TOYO 0216","0216","#c4b900"
"TOYO 0217","0217","#a49901"
"TOYO 0218","0218","#a5a011"
"TOYO 0219","0219","#83871b"
"TOYO 0220","0220","#a6b300"
"TOYO 0221","0221","#bdd000"
"TOYO 0222","0222","#a7ca00"
"TOYO 0223","0223","#aed600"
"TOYO 0224","0224","#bfd000"
"TOYO 0225","0225","#cddb3c"
"TOYO 0226","0226","#c6d100"
"TOYO 0227","0227","#d7de3b"
"TOYO 0228","0228","#d0de66"
"TOYO 0229","0229","#dde595"
"TOYO 0230","0230","#c9e05e"
"TOYO 0231","0231","#c2e17f"
"TOYO 0232","0232","#b6cb55"
"TOYO 0233","0233","#98bb34"
"TOYO 0234","0234","#7b9a2e"
"TOYO 0235","0235","#8fb45a"
"TOYO 0236","0236","#a8c26e"
"TOYO 0237","0237","#b2d820"
"TOYO 0238","0238","#acdb4c"
"TOYO 0239","0239","#c0db81"
"TOYO 0240","0240","#b0d667"
"TOYO 0241","0241","#a1d260"
"TOYO 0242","0242","#a9d571"
"TOYO 0243","0243","#b5d986"
"TOYO 0244","0244","#88cd3e"
"TOYO 0245","0245","#79c11b"
"TOYO 0246","0246","#6dae40"
"TOYO 0247","0247","#75a550"
"TOYO 0248","0248","#54c317"
"TOYO 0249","0249","#76c661"
"TOYO 0250","0250","#97d079"
"TOYO 0251","0251","#afd792"
"TOYO 0252","0252","#a0d48e"
"TOYO 0253","0253","#78b366"
"TOYO 0254","0254","#618d4b"
"TOYO 0255","0255","#5e9250"
"TOYO 0256","0256","#409732"
"TOYO 0257","0257","#379d3f"
"TOYO 0258","0258","#49c852"
"TOYO 0259","0259","#56bb4e"
"TOYO 0260","0260","#28c453"
"TOYO 0261","0261","#00ab2f"
"TOYO 0262","0262","#418443"
"TOYO 0263","0263","#3d7e4f"
"TOYO 0264","0264","#077f40"
"TOYO 0265","0265","#008c47"
"TOYO 0266","0266","#009641"
"TOYO 0267","0267","#4c9965"
"TOYO 0268","0268","#2bc671"
"TOYO 0269","0269","#83d8a7"
"TOYO 0270","0270","#87d89f"
"TOYO 0271","0271","#4fcf95"
"TOYO 0272","0272","#00b965"
"TOYO 0273","0273","#00b262"
"TOYO 0274","0274","#00a553"
"TOYO 0275","0275","#007a46"
"TOYO 0276","0276","#4f926c"
"TOYO 0277","0277","#43bc84"
"TOYO 0278","0278","#73ca9d"
"TOYO 0279","0279","#a2d7b3"
"TOYO 0280","0280","#00aa65"
"TOYO 0281","0281","#009a57"
"TOYO 0282","0282","#008b40"
"TOYO 0283","0283","#008059"
"TOYO 0284","0284","#008453"
"TOYO 0285","0285","#008052"
"TOYO 0286","0286","#006945"
"TOYO 0287","0287","#00684a"
"TOYO 0288","0288","#00b47a"
"TOYO 0289","0289","#04b895"
"TOYO 0290","0290","#00af8b"
"TOYO 0291","0291","#00ac81"
"TOYO 0292","0292","#00996b"
"TOYO 0293","0293","#009d6f"
"TOYO 0294","0294","#007051"
"TOYO 0295","0295","#008257"
"TOYO 0296","0296","#008b69"
"TOYO 0297","0297","#009671"
"TOYO 0298","0298","#007a60"
"TOYO 0299","0299","#006d58"
"TOYO 0300","0300","#00876d"
"TOYO 0301","0301","#00a78e"
"TOYO 0302","0302","#00b599"
"TOYO 0303","0303","#00b49e"
"TOYO 0304","0304","#42cfb4"
"TOYO 0305","0305","#9fd0bb"
"TOYO 0306","0306","#a2decb"
"TOYO 0307","0307","#64c8b5"
"TOYO 0308","0308","#00a08b"
"TOYO 0309","0309","#00927a"
"TOYO 0310","0310","#00a495"
"TOYO 0311","0311","#009380"
"TOYO 0312","0312","#2e917e"
"TOYO 0313","0313","#00aa93"
"TOYO 0314","0314","#acdacc"
"TOYO 0315","0315","#8bd1c4"
"TOYO 0316","0316","#2dcbc3"
"TOYO 0317","0317","#00c4b9"
"TOYO 0318","0318","#00a69b"
"TOYO 0319","0319","#008b80"
"TOYO 0320","0320","#00807a"
"TOYO 0321","0321","#006455"
"TOYO 0322","0322","#00564e"
"TOYO 0323","0323","#006a5c"
"TOYO 0324","0324","#008475"
"TOYO 0325","0325","#008676"
"TOYO 0326","0326","#00a097"
"TOYO 0327","0327","#32bfbc"
"TOYO 0328","0328","#00b4af"
"TOYO 0329","0329","#009c98"
"TOYO 0330","0330","#006159"
"TOYO 0331","0331","#008682"
"TOYO 0332","0332","#009796"
"TOYO 0333","0333","#008382"
"TOYO 0334","0334","#007b81"
"TOYO 0335","0335","#007f82"
"TOYO 0336","0336","#00808b"
"TOYO 0337","0337","#00929c"
"TOYO 0338","0338","#009ba8"
"TOYO 0339","0339","#2ac3c8"
"TOYO 0340","0340","#6ed0d1"
"TOYO 0341","0341","#b0dad4"
"TOYO 0342","0342","#8fd2d1"
"TOYO 0343","0343","#50c3ca"
"TOYO 0344","0344","#00bbc5"
"TOYO 0345","0345","#41b0b6"
"TOYO 0346","0346","#4ec3cc"
"TOYO 0347","0347","#00adba"
"TOYO 0348","0348","#0090a2"
"TOYO 0349","0349","#00a2be"
"TOYO 0350","0350","#00a7bc"
"TOYO 0351","0351","#006a78"
"TOYO 0352","0352","#007282"
"TOYO 0353","0353","#00879d"
"TOYO 0354","0354","#0086a0"
"TOYO 0355","0355","#006d7f"
"TOYO 0356","0356","#00687d"
"TOYO 0357","0357","#007daa"
"TOYO 0358","0358","#008195"
"TOYO 0359","0359","#00bcd3"
"TOYO 0360","0360","#70ccda"
"TOYO 0361","0361","#78cedd"
"TOYO 0362","0362","#00a9d2"
"TOYO 0363","0363","#0092bd"
"TOYO 0364","0364","#0081ac"
"TOYO 0365","0365","#006b90"
"TOYO 0366","0366","#00688b"
"TOYO 0367","0367","#009ac5"
"TOYO 0368","0368","#00b1d3"
"TOYO 0369","0369","#9ccdd6"
"TOYO 0370","0370","#a9d3d9"
"TOYO 0371","0371","#009cb6"
"TOYO 0372","0372","#0081a6"
"TOYO 0373","0373","#007c9c"
"TOYO 0374","0374","#007fb7"
"TOYO 0375","0375","#008bc1"
"TOYO 0376","0376","#0088c2"
"TOYO 0377","0377","#0073a5"
"TOYO 0378","0378","#0071a2"
"TOYO 0379","0379","#00527d"
"TOYO 0380","0380","#0078b1"
"TOYO 0381","0381","#0077af"
"TOYO 0382","0382","#007bc6"
"TOYO 0383","0383","#009ad4"
"TOYO 0384","0384","#009ed5"
"TOYO 0385","0385","#00bbdd"
"TOYO 0386","0386","#4cb0c3"
"TOYO 0387","0387","#bcdce1"
"TOYO 0388","0388","#92cedf"
"TOYO 0389","0389","#00b1db"
"TOYO 0390","0390","#009fd2"
"TOYO 0391","0391","#007dad"
"TOYO 0392","0392","#55b3d3"
"TOYO 0393","0393","#7cc3de"
"TOYO 0394","0394","#afd2de"
"TOYO 0395","0395","#54b0d6"
"TOYO 0396","0396","#59b3db"
"TOYO 0397","0397","#7ab4d5"
"TOYO 0398","0398","#a6ccdd"
"TOYO 0399","0399","#1196cb"
"TOYO 0400","0400","#0079c1"
"TOYO 0401","0401","#00648e"
"TOYO 0402","0402","#306589"
"TOYO 0403","0403","#008bce"
"TOYO 0404","0404","#0073c2"
"TOYO 0405","0405","#0062ae"
"TOYO 0406","0406","#005cad"
"TOYO 0407","0407","#005fa2"
"TOYO 0408","0408","#004e8a"
"TOYO 0409","0409","#00548a"
"TOYO 0410","0410","#0079bc"
"TOYO 0411","0411","#008dd0"
"TOYO 0412","0412","#0065b9"
"TOYO 0413","0413","#0065b9"
"TOYO 0414","0414","#005bb0"
"TOYO 0415","0415","#0085cc"
"TOYO 0416","0416","#0069be"
"TOYO 0417","0417","#0062ba"
"TOYO 0418","0418","#0054a2"
"TOYO 0419","0419","#4888c0"
"TOYO 0420","0420","#599bcc"
"TOYO 0421","0421","#70a6cf"
"TOYO 0422","0422","#7eadd1"
"TOYO 0423","0423","#a2bfd8"
"TOYO 0424","0424","#86add2"
"TOYO 0425","0425","#87accd"
"TOYO 0426","0426","#91b1d3"
"TOYO 0427","0427","#4f8ac4"
"TOYO 0428","0428","#417cbc"
"TOYO 0429","0429","#2d6293"
"TOYO 0430","0430","#5a80a1"
"TOYO 0431","0431","#005fa2"
"TOYO 0432","0432","#0053b1"
"TOYO 0433","0433","#004697"
"TOYO 0434","0434","#0051b6"
"TOYO 0435","0435","#0041a5"
"TOYO 0436","0436","#006ec2"
"TOYO 0437","0437","#5f98d0"
"TOYO 0438","0438","#91abd0"
"TOYO 0439","0439","#819dc9"
"TOYO 0440","0440","#5a86bf"
"TOYO 0441","0441","#004796"
"TOYO 0442","0442","#004ead"
"TOYO 0443","0443","#00419d"
"TOYO 0444","0444","#3a5da6"
"TOYO 0445","0445","#4b72b2"
"TOYO 0446","0446","#809fca"
"TOYO 0447","0447","#6a7fba"
"TOYO 0448","0448","#4f69ad"
"TOYO 0449","0449","#2737a2"
"TOYO 0450","0450","#22268b"
"TOYO 0451","0451","#475899"
"TOYO 0452","0452","#6f7eb8"
"TOYO 0453","0453","#8085bd"
"TOYO 0454","0454","#98a1c1"
"TOYO 0455","0455","#a1a5c7"
"TOYO 0456","0456","#9497c3"
"TOYO 0457","0457","#7a7cb8"
"TOYO 0458","0458","#6059a2"
"TOYO 0459","0459","#412c8c"
"TOYO 0460","0460","#2f2177"
"TOYO 0461","0461","#3c307b"
"TOYO 0462","0462","#441885"
"TOYO 0463","0463","#503a88"
"TOYO 0464","0464","#7962b4"
"TOYO 0465","0465","#928ec1"
"TOYO 0466","0466","#aea3cb"
"TOYO 0467","0467","#8c7cb7"
"TOYO 0468","0468","#7f6aab"
"TOYO 0469","0469","#7d6ea4"
"TOYO 0470","0470","#6b5d89"
"TOYO 0471","0471","#67597f"
"TOYO 0472","0472","#a995cd"
"TOYO 0473","0473","#c9beda"
"TOYO 0474","0474","#c1aed3"
"TOYO 0475","0475","#9570bb"
"TOYO 0476","0476","#5e428f"
"TOYO 0477","0477","#632689"
"TOYO 0478","0478","#5c457b"
"TOYO 0479","0479","#61457a"
"TOYO 0480","0480","#693987"
"TOYO 0481","0481","#824ab0"
"TOYO 0482","0482","#b394c7"
"TOYO 0483","0483","#ad90c6"
"TOYO 0484","0484","#cbb7d4"
"TOYO 0485","0485","#ccbad5"
"TOYO 0486","0486","#bba5cc"
"TOYO 0487","0487","#cdaed6"
"TOYO 0488","0488","#9477a4"
"TOYO 0489","0489","#b383c9"
"TOYO 0490","0490","#8936a8"
"TOYO 0491","0491","#753887"
"TOYO 0492","0492","#850495"
"TOYO 0493","0493","#8b4a95"
"TOYO 0494","0494","#943f95"
"TOYO 0495","0495","#933a92"
"TOYO 0496","0496","#7b4483"
"TOYO 0497","0497","#9b61a9"
"TOYO 0498","0498","#97699a"
"TOYO 0499","0499","#c09cbf"
"TOYO 0500","0500","#bd77b3"
"TOYO 0501","0501","#dea0ce"
"TOYO 0502","0502","#e2b0d4"
"TOYO 0503","0503","#dbb2cf"
"TOYO 0504","0504","#dcc0d6"
"TOYO 0505","0505","#e8b7d7"
"TOYO 0506","0506","#e7a5d1"
"TOYO 0507","0507","#dc7cc4"
"TOYO 0508","0508","#be58b6"
"TOYO 0509","0509","#b2159f"
"TOYO 0510","0510","#a40093"
"TOYO 0511","0511","#84227d"
"TOYO 0512","0512","#983a8f"
"TOYO 0513","0513","#b00085"
"TOYO 0514","0514","#a7237d"
"TOYO 0515","0515","#9b4883"
"TOYO 0516","0516","#a54e8a"
"TOYO 0517*","0517","#ff6fcd"
"TOYO 0518*","0518","#ff84cb"
"TOYO 0519*","0519","#ff80b9"
"TOYO 0520*","0520","#ff8ea3"
"TOYO 0521*","0521","#ffad95"
"TOYO 0522*","0522","#ffbb80"
"TOYO 0523*","0523","#ffd381"
"TOYO 0524*","0524","#effe7d"
"TOYO 0525*","0525","#9def83"
"TOYO 0526*","0526","#0084c9"
"TOYO 0527","0527","#b38b7e"
"TOYO 0528","0528","#d2a8a0"
"TOYO 0529","0529","#d29187"
"TOYO 0530","0530","#db8b7d"
"TOYO 0531","0531","#e89272"
"TOYO 0532","0532","#ec9879"
"TOYO 0533","0533","#e7aa88"
"TOYO 0534","0534","#e9a87f"
"TOYO 0535","0535","#c28d70"
"TOYO 0536","0536","#c69486"
"TOYO 0537","0537","#d0b8b3"
"TOYO 0538","0538","#c89c7b"
"TOYO 0539","0539","#dea880"
"TOYO 0540","0540","#d39c6d"
"TOYO 0541","0541","#e4b094"
"TOYO 0542","0542","#cf996e"
"TOYO 0543","0543","#c2a37f"
"TOYO 0544","0544","#c68764"
"TOYO 0545","0545","#846a5c"
"TOYO 0546","0546","#8a7463"
"TOYO 0547","0547","#a58a7b"
"TOYO 0548","0548","#a09184"
"TOYO 0549","0549","#b7a89a"
"TOYO 0550","0550","#c6b3a0"
"TOYO 0551","0551","#c3b19c"
"TOYO 0552","0552","#d6c5bc"
"TOYO 0553","0553","#d9cdc2"
"TOYO 0554","0554","#ded1ca"
"TOYO 0555","0555","#e8d1d1"
"TOYO 0556","0556","#f1d0cb"
"TOYO 0557","0557","#edd5cd"
"TOYO 0558","0558","#eed7cd"
"TOYO 0559","0559","#f0d8c2"
"TOYO 0560","0560","#dbc5b7"
"TOYO 0561","0561","#e2d7c8"
"TOYO 0562","0562","#e4d7ca"
"TOYO 0563","0563","#e3d8c9"
"TOYO 0564","0564","#e4d1ba"
"TOYO 0565","0565","#e3d3bd"
"TOYO 0566","0566","#efdbb5"
"TOYO 0567","0567","#eedebb"
"TOYO 0568","0568","#e9e0c8"
"TOYO 0569","0569","#efcfa2"
"TOYO 0570","0570","#f0cca4"
"TOYO 0571","0571","#e4bf9e"
"TOYO 0572","0572","#d6bca7"
"TOYO 0573","0573","#eacba1"
"TOYO 0574","0574","#e6cca3"
"TOYO 0575","0575","#d2b98f"
"TOYO 0576","0576","#d8c1a6"
"TOYO 0577","0577","#dcc9b0"
"TOYO 0578","0578","#c9b198"
"TOYO 0579","0579","#d2bca1"
"TOYO 0580","0580","#bea68e"
"TOYO 0581","0581","#d8ad75"
"TOYO 0582","0582","#d1af7e"
"TOYO 0583","0583","#ca9e65"
"TOYO 0584","0584","#c69749"
"TOYO 0585","0585","#b89d72"
"TOYO 0586","0586","#a59a79"
"TOYO 0587","0587","#9c8961"
"TOYO 0588","0588","#9c8e6e"
"TOYO 0589","0589","#b5a98e"
"TOYO 0590","0590","#a39068"
"TOYO 0591","0591","#b4b09e"
"TOYO 0592","0592","#beb393"
"TOYO 0593","0593","#ceb688"
"TOYO 0594","0594","#d3c0a0"
"TOYO 0595","0595","#c9c2a6"
"TOYO 0596","0596","#d5d0bb"
"TOYO 0597","0597","#d8d0b6"
"TOYO 0598","0598","#d8c8a4"
"TOYO 0599","0599","#ece2b8"
"TOYO 0600","0600","#ebe4c1"
"TOYO 0601","0601","#ede6bf"
"TOYO 0602","0602","#e9e5bf"
"TOYO 0603","0603","#e6e6c5"
"TOYO 0604","0604","#d5d4b8"
"TOYO 0605","0605","#e4dba1"
"TOYO 0606","0606","#d7ca81"
"TOYO 0607","0607","#cbca8b"
"TOYO 0608","0608","#bfbb83"
"TOYO 0609","0609","#9a9c68"
"TOYO 0610","0610","#959478"
"TOYO 0611","0611","#a9a791"
"TOYO 0612","0612","#afb97c"
"TOYO 0613","0613","#bbcf86"
"TOYO 0614","0614","#b4cc86"
"TOYO 0615","0615","#a8be85"
"TOYO 0616","0616","#90a77d"
"TOYO 0617","0617","#b9c399"
"TOYO 0618","0618","#bfc7a7"
"TOYO 0619","0619","#c5c5b5"
"TOYO 0620","0620","#dbdec9"
"TOYO 0621","0621","#dee1c0"
"TOYO 0622","0622","#dfe6c4"
"TOYO 0623","0623","#cddac0"
"TOYO 0624","0624","#d1e5d0"
"TOYO 0625","0625","#9ecc90"
"TOYO 0626","0626","#9fd9ac"
"TOYO 0627","0627","#d7ded4"
"TOYO 0628","0628","#c3cfc2"
"TOYO 0629","0629","#bbc9bc"
"TOYO 0630","0630","#a7b29c"
"TOYO 0631","0631","#a0b39d"
"TOYO 0632","0632","#89ad90"
"TOYO 0633","0633","#73b288"
"TOYO 0634","0634","#89a896"
"TOYO 0635","0635","#76a487"
"TOYO 0636","0636","#6da191"
"TOYO 0637","0637","#5f9d92"
"TOYO 0638","0638","#5e836c"
"TOYO 0639","0639","#458b73"
"TOYO 0640","0640","#499180"
"TOYO 0641","0641","#1aa08a"
"TOYO 0642","0642","#609483"
"TOYO 0643","0643","#379d90"
"TOYO 0644","0644","#789b8e"
"TOYO 0645","0645","#62af98"
"TOYO 0646","0646","#7bb3a1"
"TOYO 0647","0647","#7fb0a6"
"TOYO 0648","0648","#b1c1b7"
"TOYO 0649","0649","#9dc8be"
"TOYO 0650","0650","#c4d6c9"
"TOYO 0651","0651","#cde1d4"
"TOYO 0652","0652","#c0dfd5"
"TOYO 0653","0653","#91a5a0"
"TOYO 0654","0654","#a1a69d"
"TOYO 0655","0655","#86bcb8"
"TOYO 0656","0656","#459b97"
"TOYO 0657","0657","#518683"
"TOYO 0658","0658","#478d8d"
"TOYO 0659","0659","#558a8c"
"TOYO 0660","0660","#688085"
"TOYO 0661","0661","#758c8e"
"TOYO 0662","0662","#9bb5b1"
"TOYO 0663","0663","#afd6d7"
"TOYO 0664","0664","#89cacc"
"TOYO 0665","0665","#77c2c5"
"TOYO 0666","0666","#49adb2"
"TOYO 0667","0667","#88b4b6"
"TOYO 0668","0668","#6ba0a2"
"TOYO 0669","0669","#488e97"
"TOYO 0670","0670","#1e707a"
"TOYO 0671","0671","#357f8f"
"TOYO 0672","0672","#3d8b9d"
"TOYO 0673","0673","#6d969a"
"TOYO 0674","0674","#80abb5"
"TOYO 0675","0675","#93adb5"
"TOYO 0676","0676","#b5c6c5"
"TOYO 0677","0677","#bacecd"
"TOYO 0678","0678","#97abb2"
"TOYO 0679","0679","#74adb8"
"TOYO 0680","0680","#4e8fa1"
"TOYO 0681","0681","#3e7787"
"TOYO 0682","0682","#3b8ba2"
"TOYO 0683","0683","#3e94ac"
"TOYO 0684","0684","#3e829e"
"TOYO 0685","0685","#779ba9"
"TOYO 0686","0686","#7499b0"
"TOYO 0687","0687","#518db2"
"TOYO 0688","0688","#6f8493"
"TOYO 0689","0689","#618199"
"TOYO 0690","0690","#7497b6"
"TOYO 0691","0691","#b0cbd5"
"TOYO 0692","0692","#b0d2e2"
"TOYO 0693","0693","#c0cdd6"
"TOYO 0694","0694","#bfcbd2"
"TOYO 0695","0695","#a9becd"
"TOYO 0696","0696","#afbccd"
"TOYO 0697","0697","#92aaba"
"TOYO 0698","0698","#88a2b5"
"TOYO 0699","0699","#6b839d"
"TOYO 0700","0700","#506a86"
"TOYO 0701","0701","#6d7792"
"TOYO 0702","0702","#6a6e83"
"TOYO 0703","0703","#828696"
"TOYO 0704","0704","#aeb4c8"
"TOYO 0705","0705","#c0c7d1"
"TOYO 0706","0706","#c5cedc"
"TOYO 0707","0707","#d8d5d6"
"TOYO 0708","0708","#d2ced1"
"TOYO 0709","0709","#d2c8cb"
"TOYO 0710","0710","#d0c8d8"
"TOYO 0711","0711","#ada6bf"
"TOYO 0712","0712","#67648b"
"TOYO 0713","0713","#88849f"
"TOYO 0714","0714","#7f708a"
"TOYO 0715","0715","#817680"
"TOYO 0716","0716","#776c76"
"TOYO 0717","0717","#b5afb6"
"TOYO 0718","0718","#b6a5bf"
"TOYO 0719","0719","#d9cad4"
"TOYO 0720","0720","#e0cdd8"
"TOYO 0721","0721","#e8ced9"
"TOYO 0722","0722","#ead6dd"
"TOYO 0723","0723","#e9dade"
"TOYO 0724","0724","#e8c7d8"
"TOYO 0725","0725","#ad9bab"
"TOYO 0726","0726","#957796"
"TOYO 0727","0727","#a06b97"
"TOYO 0728","0728","#b183a9"
"TOYO 0729","0729","#ce82ab"
"TOYO 0730","0730","#9a768b"
"TOYO 0731","0731","#ad7e88"
"TOYO 0732","0732","#b88796"
"TOYO 0733","0733","#c3bab6"
"TOYO 0734","0734","#ccbab5"
"TOYO 0735","0735","#d6c6c2"
"TOYO 0736","0736","#e4cfc8"
"TOYO 0737","0737","#dfaab4"
"TOYO 0738","0738","#dea5b0"
"TOYO 0739","0739","#ca9dac"
"TOYO 0740","0740","#be8891"
"TOYO 0741","0741","#cd949a"
"TOYO 0742","0742","#cb9793"
"TOYO 0743","0743","#ccaba7"
"TOYO 0744","0744","#a18785"
"TOYO 0745","0745","#8e7774"
"TOYO 0746","0746","#a08178"
"TOYO 0747","0747","#a29490"
"TOYO 0748","0748","#ede3cf"
"TOYO 0749","0749","#e4dcce"
"TOYO 0750","0750","#e1dac5"
"TOYO 0751","0751","#d8dbd4"
"TOYO 0752","0752","#e2dfde"
"TOYO 0753","0753","#d3d3cb"
"TOYO 0754","0754","#d4d1ca"
"TOYO 0755","0755","#d0c9c7"
"TOYO 0756","0756","#d2ccc2"
"TOYO 0757","0757","#d0d1c5"
"TOYO 0758","0758","#d2dbcc"
"TOYO 0759","0759","#cad0c3"
"TOYO 0760","0760","#c7c4b5"
"TOYO 0761","0761","#cbcac0"
"TOYO 0762","0762","#cbccce"
"TOYO 0763","0763","#cec8bf"
"TOYO 0764","0764","#cbc6b9"
"TOYO 0765","0765","#b9bbb3"
"TOYO 0766","0766","#b0bfb9"
"TOYO 0767","0767","#cabcb4"
"TOYO 0768","0768","#b6b4af"
"TOYO 0769","0769","#bcbcbc"
"TOYO 0770","0770","#c2b3aa"
"TOYO 0771","0771","#b4b2b5"
"TOYO 0772","0772","#bbb7aa"
"TOYO 0773","0773","#b4b1a8"
"TOYO 0774","0774","#afb1a8"
"TOYO 0775","0775","#a7aca9"
"TOYO 0776","0776","#a8a196"
"TOYO 0777","0777","#9ca2aa"
"TOYO 0778","0778","#9f9d96"
"TOYO 0779","0779","#a7a197"
"TOYO 0780","0780","#94a19e"
"TOYO 0781","0781","#939e9f"
"TOYO 0782","0782","#9c9c8d"
"TOYO 0783","0783","#a3978b"
"TOYO 0784","0784","#a2a9ad"
"TOYO 0785","0785","#9ea1a0"
"TOYO 0786","0786","#949790"
"TOYO 0787","0787","#9c948f"
"TOYO 0788","0788","#959595"
"TOYO 0789","0789","#918b7f"
"TOYO 0790","0790","#939495"
"TOYO 0791","0791","#7d8e8f"
"TOYO 0792","0792","#848886"
"TOYO 0793","0793","#777e81"
"TOYO 0794","0794","#828282"
"TOYO 0795","0795","#787267"
"TOYO 0796","0796","#73746b"
"TOYO 0797","0797","#7d7565"
"TOYO 0798","0798","#5e4246"
"TOYO 0799","0799","#532e34"
"TOYO 0800","0800","#423131"
"TOYO 0801","0801","#422d2d"
"TOYO 0802","0802","#62232c"
"TOYO 0803","0803","#771b33"
"TOYO 0804","0804","#8e1d37"
"TOYO 0805","0805","#a23a4b"
"TOYO 0806","0806","#a74e57"
"TOYO 0807","0807","#792930"
"TOYO 0808","0808","#8a2434"
"TOYO 0809","0809","#a8282c"
"TOYO 0810","0810","#822c2f"
"TOYO 0811","0811","#922d2c"
"TOYO 0812","0812","#532725"
"TOYO 0813","0813","#5b463a"
"TOYO 0814","0814","#553e35"
"TOYO 0815","0815","#513b31"
"TOYO 0816","0816","#5e504a"
"TOYO 0817","0817","#7d6d6a"
"TOYO 0818","0818","#7e7166"
"TOYO 0819","0819","#675d56"
"TOYO 0820","0820","#54463d"
"TOYO 0821","0821","#553929"
"TOYO 0822","0822","#5d3f2e"
"TOYO 0823","0823","#85604a"
"TOYO 0824","0824","#5b2b23"
"TOYO 0825","0825","#53291f"
"TOYO 0826","0826","#81352b"
"TOYO 0827","0827","#4d362a"
"TOYO 0828","0828","#4e351c"
"TOYO 0829","0829","#705a44"
"TOYO 0830","0830","#6d4733"
"TOYO 0831","0831","#913328"
"TOYO 0832","0832","#8b3a24"
"TOYO 0833","0833","#893d23"
"TOYO 0834","0834","#a24839"
"TOYO 0835","0835","#9c6450"
"TOYO 0836","0836","#b7593c"
"TOYO 0837","0837","#7e3d20"
"TOYO 0838","0838","#693c21"
"TOYO 0839","0839","#803e17"
"TOYO 0840","0840","#a14915"
"TOYO 0841","0841","#9e530f"
"TOYO 0842","0842","#805835"
"TOYO 0843","0843","#794a1a"
"TOYO 0844","0844","#835610"
"TOYO 0845","0845","#65471d"
"TOYO 0846","0846","#7e5a16"
"TOYO 0847","0847","#a06e0a"
"TOYO 0848","0848","#625333"
"TOYO 0849","0849","#655c46"
"TOYO 0850","0850","#695d44"
"TOYO 0851","0851","#827867"
"TOYO 0852","0852","#493f33"
"TOYO 0853","0853","#43371a"
"TOYO 0854","0854","#4d3f15"
"TOYO 0855","0855","#705a1b"
"TOYO 0856","0856","#846d1a"
"TOYO 0857","0857","#97700b"
"TOYO 0858","0858","#a27f01"
"TOYO 0859","0859","#8e7d10"
"TOYO 0860","0860","#8c8456"
"TOYO 0861","0861","#828473"
"TOYO 0862","0862","#827f66"
"TOYO 0863","0863","#767360"
"TOYO 0864","0864","#72663b"
"TOYO 0865","0865","#706918"
"TOYO 0866","0866","#6c6a15"
"TOYO 0867","0867","#645c1c"
"TOYO 0868","0868","#6b6543"
"TOYO 0869","0869","#49442d"
"TOYO 0870","0870","#525834"
"TOYO 0871","0871","#5e681e"
"TOYO 0872","0872","#5b6f19"
"TOYO 0873","0873","#808c43"
"TOYO 0874","0874","#888966"
"TOYO 0875","0875","#6d735a"
"TOYO 0876","0876","#516d32"
"TOYO 0877","0877","#3f7320"
"TOYO 0878","0878","#49501e"
"TOYO 0879","0879","#394a20"
"TOYO 0880","0880","#325427"
"TOYO 0881","0881","#315f2e"
"TOYO 0882","0882","#2f4d34"
"TOYO 0883","0883","#2a563d"
"TOYO 0884","0884","#125f3e"
"TOYO 0885","0885","#485d4c"
"TOYO 0886","0886","#2a5e51"
"TOYO 0887","0887","#35796d"
"TOYO 0888","0888","#48736c"
"TOYO 0889","0889","#4e625b"
"TOYO 0890","0890","#00563e"
"TOYO 0891","0891","#004f3a"
"TOYO 0892","0892","#003f32"
"TOYO 0893","0893","#093e33"
"TOYO 0894","0894","#00493e"
"TOYO 0895","0895","#006554"
"TOYO 0896","0896","#00504d"
"TOYO 0897","0897","#006462"
"TOYO 0898","0898","#156462"
"TOYO 0899","0899","#205e5c"
"TOYO 0900","0900","#197b75"
"TOYO 0901","0901","#115257"
"TOYO 0902","0902","#003f40"
"TOYO 0903","0903","#083633"
"TOYO 0904","0904","#005256"
"TOYO 0905","0905","#005963"
"TOYO 0906","0906","#00676c"
"TOYO 0907","0907","#00606a"
"TOYO 0908","0908","#006c73"
"TOYO 0909","0909","#225b64"
"TOYO 0910","0910","#00505b"
"TOYO 0911","0911","#003941"
"TOYO 0912","0912","#004456"
"TOYO 0913","0913","#003b47"
"TOYO 0914","0914","#004c6a"
"TOYO 0915","0915","#005371"
"TOYO 0916","0916","#004f6b"
"TOYO 0917","0917","#004e64"
"TOYO 0918","0918","#004e69"
"TOYO 0919","0919","#00383b"
"TOYO 0920","0920","#416d79"
"TOYO 0921","0921","#3d5d6b"
"TOYO 0922","0922","#355464"
"TOYO 0923","0923","#34566a"
"TOYO 0924","0924","#113743"
"TOYO 0925","0925","#013340"
"TOYO 0926","0926","#004465"
"TOYO 0927","0927","#063954"
"TOYO 0928","0928","#003b5d"
"TOYO 0929","0929","#003b5f"
"TOYO 0930","0930","#003862"
"TOYO 0931","0931","#134775"
"TOYO 0932","0932","#00346c"
"TOYO 0933","0933","#003a77"
"TOYO 0934","0934","#0e3362"
"TOYO 0935","0935","#294564"
"TOYO 0936","0936","#414f62"
"TOYO 0937","0937","#173243"
"TOYO 0938","0938","#0e3652"
"TOYO 0939","0939","#123048"
"TOYO 0940","0940","#123258"
"TOYO 0941","0941","#16335b"
"TOYO 0942","0942","#1b3362"
"TOYO 0943","0943","#1c2f50"
"TOYO 0944","0944","#132d43"
"TOYO 0945","0945","#1b2534"
"TOYO 0946","0946","#1b252f"
"TOYO 0947","0947","#1c2a45"
"TOYO 0948","0948","#1f2e67"
"TOYO 0949","0949","#3f4164"
"TOYO 0950","0950","#464465"
"TOYO 0951","0951","#333645"
"TOYO 0952","0952","#262638"
"TOYO 0953","0953","#332b58"
"TOYO 0954","0954","#43266a"
"TOYO 0955","0955","#505061"
"TOYO 0956","0956","#5f5e79"
"TOYO 0957","0957","#5d5d7e"
"TOYO 0958","0958","#403c52"
"TOYO 0959","0959","#412a55"
"TOYO 0960","0960","#532c69"
"TOYO 0961","0961","#4f2f58"
"TOYO 0962","0962","#45284c"
"TOYO 0963","0963","#483c53"
"TOYO 0964","0964","#6b5a76"
"TOYO 0965","0965","#7e6476"
"TOYO 0966","0966","#7b5577"
"TOYO 0967","0967","#603b6a"
"TOYO 0968","0968","#683663"
"TOYO 0969","0969","#4f2949"
"TOYO 0970","0970","#3c263e"
"TOYO 0971","0971","#60305e"
"TOYO 0972","0972","#772562"
"TOYO 0973","0973","#871963"
"TOYO 0974","0974","#904d6e"
"TOYO 0975","0975","#7c4860"
"TOYO 0976","0976","#621d47"
"TOYO 0977","0977","#563142"
"TOYO 0978","0978","#6b4854"
"TOYO 0979","0979","#9b6477"
"TOYO 0980","0980","#9d536e"
"TOYO 0981","0981","#5a1935"
"TOYO 0982","0982","#8d0147"
"TOYO 0983","0983","#82003c"
"TOYO 0984","0984","#9c5e6b"
"TOYO 0985","0985","#7a6067"
"TOYO 0986","0986","#735156"
"TOYO 0987","0987","#a45c66"
"TOYO 0988","0988","#7e847f"
"TOYO 0989","0989","#788080"
"TOYO 0990","0990","#6b7a83"
"TOYO 0991","0991","#747f80"
"TOYO 0992","0992","#746c59"
"TOYO 0993","0993","#7a6d64"
"TOYO 0994","0994","#7a7a7c"
"TOYO 0995","0995","#767471"
"TOYO 0996","0996","#6e706e"
"TOYO 0997","0997","#637076"
"TOYO 0998","0998","#515b61"
"TOYO 0999","0999","#505246"
"TOYO 1000","1000","#4f4f51"
"TOYO 1001","1001","#555451"
"TOYO 1002","1002","#5c5456"
"TOYO 1003","1003","#5a5a5a"
"TOYO 1004","1004","#525558"
"TOYO 1005","1005","#444f58"
"TOYO 1006","1006","#4d4d4d"
"TOYO 1007","1007","#444949"
"TOYO 1008","1008","#444c57"
"TOYO 1009","1009","#504941"
"TOYO 1010","1010","#3a3d39"
"TOYO 1011","1011","#2d3930"
"TOYO 1012","1012","#31433c"
"TOYO 1013","1013","#3e3d3a"
"TOYO 1014","1014","#403d39"
"TOYO 1015","1015","#404040"
"TOYO 1016","1016","#343232"
"TOYO 1017","1017","#32352c"
"TOYO 1018","1018","#2b2c2e"
"TOYO 1019","1019","#26221f"
"TOYO 1020","1020","#252523"
"TOYO 1021","1021","#1c1f21"
"TOYO 1022*","1022","#b3b5b2"
"TOYO 1023*","1023","#c0d5ca"
"TOYO 1024*","1024","#ead2c2"
"TOYO 1025*","1025","#e7dbc0"
"TOYO 1026*","1026","#e9d5b0"
"TOYO 1027*","1027","#a58f88"
"TOYO 1028*","1028","#958b82"
"TOYO 1029*","1029","#a7a975"
"TOYO 1030*","1030","#94a68f"
"TOYO 1031*","1031","#8f9f8a"
"TOYO 1032*","1032","#8aa89f"
"TOYO 1033*","1033","#809697"
"TOYO 1034*","1034","#60909f"
"TOYO 1035*","1035","#70919d"
"TOYO 1036*","1036","#6a889d"
"TOYO 1037*","1037","#7b8291"
"TOYO 1038*","1038","#7f8290"
"TOYO 1039*","1039","#a78f9d"
"TOYO 1040*","1040","#b58e9d"
"TOYO 1041*","1041","#b47f88"
"TOYO 1042*","1042","#a8aaa9"
"TOYO 1043*","1043","#858b8b"
"TOYO 1044*","1044","#7e807e"
"TOYO 1045*","1045","#7c7e7c"
"TOYO 1046*","1046","#8d9791"
"TOYO 1047*","1047","#91988e"
"TOYO 1048*","1048","#999b8b"
"TOYO 1049*","1049","#887955"
"TOYO 1050*","1050","#8f7657"