"Trumatch 1-a","1-a","#e73966"
"Trumatch 1-b","1-b","#eb5d79"
"Trumatch 1-c","1","#ef7e90"
"Trumatch 1-d","1-d","#f29da8"
"Trumatch 1-e","1-e","#f7bbc0"
"Trumatch 1-f","1-f","#fad5d7"
"Trumatch 1-g","1-g","#fdeff0"
"Trumatch 1-h","1-h","#fef6f7"
"Trumatch 1-a1","1-a1","#dd3962"
"Trumatch 1-b1","1-b1","#e15a75"
"Trumatch 1-c1","1-c1","#e47a8b"
"Trumatch 1-d1","1-d1","#e897a2"
"Trumatch 1-e1","1-e1","#ecb4b9"
"Trumatch 1-f1","1-f1","#efcccf"
"Trumatch 1-d5","1-d5","#bc7d86"
"Trumatch 1-e5","1-e5","#bf9499"
"Trumatch 1-a2","1-a2","#d2385e"
"Trumatch 1-b2","1-b2","#d65770"
"Trumatch 1-c2","1-c2","#d97485"
"Trumatch 1-d2","1-d2","#dd909b"
"Trumatch 1-e2","1-e2","#e0acb1"
"Trumatch 1-a5","1-a5","#b33553"
"Trumatch 1-b5","1-b5","#b64d61"
"Trumatch 1-c5","1-c5","#b96673"
"Trumatch 1-a3","1-a3","#c8375b"
"Trumatch 1-b3","1-b3","#cb546b"
"Trumatch 1-c3","1-c3","#cf707f"
"Trumatch 1-d3","1-d3","#d28a94"
"Trumatch 1-e3","1-e3","#d5a4a9"
"Trumatch 1-a6","1-a6","#aa344f"
"Trumatch 1-b6","1-b6","#ac4a5d"
"Trumatch 1-c6","1-c6","#ae616d"
"Trumatch 1-a4","1-a4","#be3657"
"Trumatch 1-b4","1-b4","#c15167"
"Trumatch 1-c4","1-c4","#c46b79"
"Trumatch 1-d4","1-d4","#c7848d"
"Trumatch 1-e4","1-e4","#ca9ca2"
"Trumatch 1-a7","1-a7","#9f334b"
"Trumatch 1-b7","1-b7","#a24758"
"Trumatch 1-c7","1-c7","#a45c67"
"Trumatch 2-a","2-a","#e4164c"
"Trumatch 2-b","2-b","#e8485f"
"Trumatch 2-c","2","#ed6d77"
"Trumatch 2-d","2-d","#f19193"
"Trumatch 2-e","2-e","#f6b2b1"
"Trumatch 2-f","2-f","#fad0ce"
"Trumatch 2-g","2-g","#fdedeb"
"Trumatch 2-h","2-h","#fef6f5"
"Trumatch 2-a1","2-a1","#da194a"
"Trumatch 2-b1","2-b1","#de475b"
"Trumatch 2-c1","2-c1","#e26972"
"Trumatch 2-d1","2-d1","#e78c8e"
"Trumatch 2-e1","2-e1","#ebabaa"
"Trumatch 2-f1","2-f1","#efc8c6"
"Trumatch 2-d5","2-d5","#bb7476"
"Trumatch 2-e5","2-e5","#be8d8d"
"Trumatch 2-a2","2-a2","#d01c47"
"Trumatch 2-b2","2-b2","#d44558"
"Trumatch 2-c2","2-c2","#d7656e"
"Trumatch 2-d2","2-d2","#dc8688"
"Trumatch 2-e2","2-e2","#dfa4a3"
"Trumatch 2-a5","2-a5","#b1213f"
"Trumatch 2-b5","2-b5","#b43f4d"
"Trumatch 2-c5","2-c5","#b7595f"
"Trumatch 2-a3","2-a3","#c61e45"
"Trumatch 2-b3","2-b3","#c94354"
"Trumatch 2-c3","2-c3","#cd6169"
"Trumatch 2-d3","2-d3","#d18082"
"Trumatch 2-e3","2-e3","#d49c9c"
"Trumatch 2-a6","2-a6","#a7233d"
"Trumatch 2-b6","2-b6","#aa3d4a"
"Trumatch 2-c6","2-c6","#ad555b"
"Trumatch 2-a4","2-a4","#bc1f42"
"Trumatch 2-b4","2-b4","#bf4151"
"Trumatch 2-c4","2-c4","#c35d65"
"Trumatch 2-d4","2-d4","#c67a7c"
"Trumatch 2-e4","2-e4","#c99595"
"Trumatch 2-a7","2-a7","#9d243a"
"Trumatch 2-b7","2-b7","#a03b46"
"Trumatch 2-c7","2-c7","#a35156"
"Trumatch 3-a","3-a","#e8435d"
"Trumatch 3-b","3-b","#eb6371"
"Trumatch 3-c","3","#ef8288"
"Trumatch 3-d","3-d","#f3a1a2"
"Trumatch 3-e","3-e","#f7bdbc"
"Trumatch 3-f","3-f","#fbd7d4"
"Trumatch 3-g","3-g","#fdefee"
"Trumatch 3-h","3-h","#fff8f6"
"Trumatch 3-a1","3-a1","#de425a"
"Trumatch 3-b1","3-b1","#e1606d"
"Trumatch 3-c1","3-c1","#e57e83"
"Trumatch 3-d1","3-d1","#e99b9c"
"Trumatch 3-e1","3-e1","#ecb6b5"
"Trumatch 3-f1","3-f1","#f0cecc"
"Trumatch 3-g1","3-g1","#f2e5e5"
"Trumatch 3-h1","3-h1","#f3eeed"
"Trumatch 3-a2","3-a2","#d34056"
"Trumatch 3-b2","3-b2","#d65c69"
"Trumatch 3-c2","3-c2","#da787d"
"Trumatch 3-d2","3-d2","#dd9595"
"Trumatch 3-e2","3-e2","#e1adad"
"Trumatch 3-a5","3-a5","#b43b4c"
"Trumatch 3-b5","3-b5","#b7525b"
"Trumatch 3-c5","3-c5","#b9696d"
"Trumatch 3-a3","3-a3","#c93f53"
"Trumatch 3-b3","3-b3","#cc5964"
"Trumatch 3-c3","3-c3","#cf7378"
"Trumatch 3-d3","3-d3","#d38e8f"
"Trumatch 3-e3","3-e3","#d6a6a6"
"Trumatch 3-a6","3-a6","#aa3a49"
"Trumatch 3-b6","3-b6","#ac4f57"
"Trumatch 3-c6","3-c6","#af6468"
"Trumatch 3-a4","3-a4","#bf3d50"
"Trumatch 3-b4","3-b4","#c25660"
"Trumatch 3-c4","3-c4","#c56e73"
"Trumatch 3-d4","3-d4","#c88889"
"Trumatch 3-e4","3-e4","#cb9e9e"
"Trumatch 3-a7","3-a7","#a03845"
"Trumatch 3-b7","3-b7","#a24b53"
"Trumatch 3-c7","3-c7","#a45f62"
"Trumatch 4-a","4-a","#d5212c"
"Trumatch 4-b","4-b","#db483a"
"Trumatch 4-c","4","#e26a52"
"Trumatch 4-d","4-d","#e88d72"
"Trumatch 4-e","4-e","#efae97"
"Trumatch 4-f","4-f","#f5cdbd"
"Trumatch 4-g","4-g","#fbebe4"
"Trumatch 4-a1","4-a1","#cc232c"
"Trumatch 4-b1","4-b1","#d14739"
"Trumatch 4-c1","4-c1","#d8664f"
"Trumatch 4-d1","4-d1","#de886e"
"Trumatch 4-e1","4-e1","#e5a791"
"Trumatch 4-f1","4-f1","#eac5b6"
"Trumatch 4-d5","4-d5","#b4705c"
"Trumatch 4-e5","4-e5","#b98979"
"Trumatch 4-a2","4-a2","#c2242b"
"Trumatch 4-b2","4-b2","#c74538"
"Trumatch 4-c2","4-c2","#cd624c"
"Trumatch 4-d2","4-d2","#d3826a"
"Trumatch 4-e2","4-e2","#daa08b"
"Trumatch 4-a5","4-a5","#a5272a"
"Trumatch 4-b5","4-b5","#a93f34"
"Trumatch 4-c5","4-c5","#af5644"
"Trumatch 4-a3","4-a3","#b8252b"
"Trumatch 4-b3","4-b3","#bd4337"
"Trumatch 4-c3","4-c3","#c35e49"
"Trumatch 4-d3","4-d3","#c97c65"
"Trumatch 4-e3","4-e3","#cf9885"
"Trumatch 4-a6","4-a6","#9c2829"
"Trumatch 4-b6","4-b6","#a03d32"
"Trumatch 4-c6","4-c6","#a55341"
"Trumatch 4-a4","4-a4","#af262a"
"Trumatch 4-b4","4-b4","#b44135"
"Trumatch 4-c4","4-c4","#ba5b47"
"Trumatch 4-d4","4-d4","#bf7761"
"Trumatch 4-e4","4-e4","#c4917f"
"Trumatch 4-a7","4-a7","#932829"
"Trumatch 4-b7","4-b7","#963b31"
"Trumatch 4-c7","4-c7","#9b4f3f"
"Trumatch 5-a","5-a","#e41b36"
"Trumatch 5-b","5-b","#e84947"
"Trumatch 5-c","5","#ed6c5f"
"Trumatch 5-d","5-d","#f2907f"
"Trumatch 5-e","5-e","#f6b1a1"
"Trumatch 5-f","5-f","#fad0c4"
"Trumatch 5-g","5-g","#feece6"
"Trumatch 5-h","5-h","#fef6f4"
"Trumatch 5-a1","5-a1","#da1d36"
"Trumatch 5-b1","5-b1","#de4746"
"Trumatch 5-c1","5-c1","#e2685c"
"Trumatch 5-d1","5-d1","#e78b7a"
"Trumatch 5-e1","5-e1","#ebaa9b"
"Trumatch 5-f1","5-f1","#efc7bd"
"Trumatch 5-g1","5-g1","#f2e3de"
"Trumatch 5-d5","5-d5","#bb7366"
"Trumatch 5-a2","5-a2","#cf1f35"
"Trumatch 5-b2","5-b2","#d34543"
"Trumatch 5-c2","5-c2","#d76458"
"Trumatch 5-d2","5-d2","#dc8475"
"Trumatch 5-e2","5-e2","#e0a294"
"Trumatch 5-a5","5-a5","#b02431"
"Trumatch 5-b5","5-b5","#b43f3d"
"Trumatch 5-c5","5-c5","#b7584e"
"Trumatch 5-a3","5-a3","#c52133"
"Trumatch 5-b3","5-b3","#c94341"
"Trumatch 5-c3","5-c3","#cd6055"
"Trumatch 5-d3","5-d3","#d17f70"
"Trumatch 5-e3","5-e3","#d59b8e"
"Trumatch 5-a6","5-a6","#a62530"
"Trumatch 5-b6","5-b6","#aa3e3b"
"Trumatch 5-c6","5-c6","#ad554a"
"Trumatch 5-a4","5-a4","#bb2232"
"Trumatch 5-b4","5-b4","#bf413f"
"Trumatch 5-c4","5-c4","#c35d52"
"Trumatch 5-d4","5-d4","#c6796b"
"Trumatch 5-e4","5-e4","#ca9488"
"Trumatch 5-a7","5-a7","#9c262f"
"Trumatch 5-b7","5-b7","#9f3c38"
"Trumatch 5-c7","5-c7","#a25147"
"Trumatch 6-a","6-a","#e31c2a"
"Trumatch 6-b","6-b","#e84939"
"Trumatch 6-c","6","#ed6b51"
"Trumatch 6-d","6-d","#f28f72"
"Trumatch 6-e","6-e","#f6b097"
"Trumatch 6-f","6-f","#facfbe"
"Trumatch 6-g","6-g","#feece4"
"Trumatch 6-h","6-h","#fef6f2"
"Trumatch 6-a1","6-a1","#d91f2a"
"Trumatch 6-b1","6-b1","#de4738"
"Trumatch 6-c1","6-c1","#e2684f"
"Trumatch 6-d1","6-d1","#e78a6f"
"Trumatch 6-e1","6-e1","#eba992"
"Trumatch 6-f1","6-f1","#efc7b6"
"Trumatch 6-d5","6-d5","#bb725c"
"Trumatch 6-e5","6-e5","#be8b79"
"Trumatch 6-a2","6-a2","#cf212a"
"Trumatch 6-b2","6-b2","#d34537"
"Trumatch 6-c2","6-c2","#d7644c"
"Trumatch 6-d2","6-d2","#dc846a"
"Trumatch 6-e2","6-e2","#e0a28c"
"Trumatch 6-a5","6-a5","#b02529"
"Trumatch 6-b5","6-b5","#b43f33"
"Trumatch 6-c5","6-c5","#b75844"
"Trumatch 6-a3","6-a3","#c5222a"
"Trumatch 6-b3","6-b3","#c94336"
"Trumatch 6-c3","6-c3","#cd6049"
"Trumatch 6-d3","6-d3","#d17e66"
"Trumatch 6-e3","6-e3","#d59a86"
"Trumatch 6-a6","6-a6","#a62629"
"Trumatch 6-b6","6-b6","#a93e32"
"Trumatch 6-c6","6-c6","#ad5441"
"Trumatch 6-a4","6-a4","#ba2429"
"Trumatch 6-b4","6-b4","#bf4134"
"Trumatch 6-c4","6-c4","#c25c47"
"Trumatch 6-d4","6-d4","#c77861"
"Trumatch 6-e4","6-e4","#ca9380"
"Trumatch 6-a7","6-a7","#9c2728"
"Trumatch 6-b7","6-b7","#9f3c30"
"Trumatch 6-c7","6-c7","#a2503e"
"Trumatch 7-a","7-a","#e95028"
"Trumatch 7-b","7-b","#ed6a3c"
"Trumatch 7-c","7","#f18958"
"Trumatch 7-d","7-d","#f5a479"
"Trumatch 7-e","7-e","#f9be9d"
"Trumatch 7-f","7-f","#fcd6c1"
"Trumatch 7-g","7-g","#fef0e6"
"Trumatch 7-h","7-h","#fff8f3"
"Trumatch 7-a1","7-a1","#df4e28"
"Trumatch 7-b1","7-b1","#e2673b"
"Trumatch 7-c1","7-c1","#e78455"
"Trumatch 7-d1","7-d1","#eb9e76"
"Trumatch 7-e1","7-e1","#eeb797"
"Trumatch 7-f1","7-f1","#f1ceba"
"Trumatch 7-d5","7-d5","#bd8262"
"Trumatch 7-e5","7-e5","#c0957e"
"Trumatch 7-a2","7-a2","#d34b28"
"Trumatch 7-b2","7-b2","#d76339"
"Trumatch 7-c2","7-c2","#db7e52"
"Trumatch 7-d2","7-d2","#df9770"
"Trumatch 7-e2","7-e2","#e2ae91"
"Trumatch 7-a5","7-a5","#b44427"
"Trumatch 7-b5","7-b5","#b75735"
"Trumatch 7-c5","7-c5","#ba6d49"
"Trumatch 7-a3","7-a3","#c94928"
"Trumatch 7-b3","7-b3","#cd5f38"
"Trumatch 7-c3","7-c3","#d1794f"
"Trumatch 7-d3","7-d3","#d4906c"
"Trumatch 7-e3","7-e3","#d7a68b"
"Trumatch 7-a6","7-a6","#a94227"
"Trumatch 7-b6","7-b6","#ac5434"
"Trumatch 7-c6","7-c6","#b06946"
"Trumatch 7-a4","7-a4","#bf4728"
"Trumatch 7-b4","7-b4","#c25b37"
"Trumatch 7-c4","7-c4","#c6744c"
"Trumatch 7-d4","7-d4","#c98967"
"Trumatch 7-e4","7-e4","#cc9e85"
"Trumatch 7-a7","7-a7","#9f4027"
"Trumatch 7-b7","7-b7","#a25032"
"Trumatch 7-c7","7-c7","#a56343"
"Trumatch 8-a","8-a","#f28a1d"
"Trumatch 8-b","8-b","#f59c3e"
"Trumatch 8-c","8","#f8ae5f"
"Trumatch 8-d","8-d","#fac182"
"Trumatch 8-e","8-e","#fcd2a5"
"Trumatch 8-f","8-f","#fee3c7"
"Trumatch 8-g","8-g","#fff3e8"
"Trumatch 8-h","8-h","#fff9f4"
"Trumatch 8-a1","8-a1","#e7851e"
"Trumatch 8-b1","8-b1","#eb963d"
"Trumatch 8-c1","8-c1","#eda75c"
"Trumatch 8-d1","8-d1","#efb97e"
"Trumatch 8-e1","8-e1","#f1ca9f"
"Trumatch 8-f1","8-f1","#f3d9bf"
"Trumatch 8-d5","8-d5","#c1976a"
"Trumatch 8-e5","8-e5","#c2a585"
"Trumatch 8-a2","8-a2","#dc7f1f"
"Trumatch 8-b2","8-b2","#df8f3c"
"Trumatch 8-c2","8-c2","#e1a059"
"Trumatch 8-d2","8-d2","#e3b079"
"Trumatch 8-e2","8-e2","#e5c099"
"Trumatch 8-a5","8-a5","#ba6e22"
"Trumatch 8-b5","8-b5","#bd7b37"
"Trumatch 8-c5","8-c5","#bf894f"
"Trumatch 8-a3","8-a3","#d17a20"
"Trumatch 8-b3","8-b3","#d4893a"
"Trumatch 8-c3","8-c3","#d69855"
"Trumatch 8-d3","8-d3","#d8a874"
"Trumatch 8-e3","8-e3","#dab892"
"Trumatch 8-a6","8-a6","#b06922"
"Trumatch 8-b6","8-b6","#b27536"
"Trumatch 8-c6","8-c6","#b4824c"
"Trumatch 8-a4","8-a4","#c67421"
"Trumatch 8-b4","8-b4","#c98339"
"Trumatch 8-c4","8-c4","#cb9153"
"Trumatch 8-d4","8-d4","#cda06f"
"Trumatch 8-e4","8-e4","#ceaf8c"
"Trumatch 8-a7","8-a7","#a56322"
"Trumatch 8-b7","8-b7","#a76f35"
"Trumatch 8-c7","8-c7","#a97b48"
"Trumatch 9-a","9-a","#ffda72"
"Trumatch 9-b","9-b","#ffdf8b"
"Trumatch 9-c","9","#ffe5a0"
"Trumatch 9-d","9-d","#ffecb7"
"Trumatch 9-e","9-e","#fff1cc"
"Trumatch 9-f","9-f","#fff6e0"
"Trumatch 9-g","9-g","#fffbf1"
"Trumatch 9-h","9-h","#fffdf9"
"Trumatch 9-a1","9-a1","#f5d16e"
"Trumatch 9-b1","9-b1","#f5d686"
"Trumatch 9-c1","9-c1","#f5db9b"
"Trumatch 9-d1","9-d1","#f5e2b0"
"Trumatch 9-e1","9-e1","#f5e7c4"
"Trumatch 9-f1","9-f1","#f5ecd7"
"Trumatch 9-d5","9-d5","#c5b892"
"Trumatch 9-e5","9-e5","#c5bca3"
"Trumatch 9-a2","9-a2","#e9c76a"
"Trumatch 9-b2","9-b2","#e9cc81"
"Trumatch 9-c2","9-c2","#e9d195"
"Trumatch 9-d2","9-d2","#e9d7a9"
"Trumatch 9-e2","9-e2","#e9dcbc"
"Trumatch 9-a5","9-a5","#c5aa5e"
"Trumatch 9-b5","9-b5","#c5ae71"
"Trumatch 9-c5","9-c5","#c5b281"
"Trumatch 9-a3","9-a3","#ddbe67"
"Trumatch 9-b3","9-b3","#ddc27c"
"Trumatch 9-c3","9-c3","#ddc78e"
"Trumatch 9-d3","9-d3","#ddcda2"
"Trumatch 9-e3","9-e3","#ddd2b4"
"Trumatch 9-a6","9-a6","#b9a05a"
"Trumatch 9-b6","9-b6","#b9a46c"
"Trumatch 9-c6","9-c6","#b9a87b"
"Trumatch 9-a4","9-a4","#d1b463"
"Trumatch 9-b4","9-b4","#d1b977"
"Trumatch 9-c4","9-c4","#d1bd89"
"Trumatch 9-d4","9-d4","#d2c39b"
"Trumatch 9-e4","9-e4","#d2c7ac"
"Trumatch 9-a7","9-a7","#ad9756"
"Trumatch 9-b7","9-b7","#ad9b66"
"Trumatch 9-c7","9-c7","#ad9e74"
"Trumatch 10-a","10-a","#ffe166"
"Trumatch 10-b","10-b","#ffe580"
"Trumatch 10-c","10","#ffeb9b"
"Trumatch 10-d","10-d","#ffeeb2"
"Trumatch 10-e","10-e","#fff4ca"
"Trumatch 10-f","10-f","#fff7dd"
"Trumatch 10-g","10-g","#fffcf2"
"Trumatch 10-h","10-h","#fffcf7"
"Trumatch 10-a1","10-a1","#f7d863"
"Trumatch 10-b1","10-b1","#f7dc7c"
"Trumatch 10-c1","10-c1","#f7e196"
"Trumatch 10-d1","10-d1","#f6e5ac"
"Trumatch 10-e1","10-e1","#f6eac2"
"Trumatch 10-f1","10-f1","#f5edd5"
"Trumatch 10-d5","10-d5","#c6ba8f"
"Trumatch 10-e5","10-e5","#c6bea1"
"Trumatch 10-a2","10-a2","#eace60"
"Trumatch 10-b2","10-b2","#ead178"
"Trumatch 10-c2","10-c2","#ead690"
"Trumatch 10-d2","10-d2","#eadaa5"
"Trumatch 10-e2","10-e2","#e9dfba"
"Trumatch 10-a5","10-a5","#c6af56"
"Trumatch 10-b5","10-b5","#c6b269"
"Trumatch 10-c5","10-c5","#c6b77e"
"Trumatch 10-a3","10-a3","#dfc45d"
"Trumatch 10-b3","10-b3","#dec773"
"Trumatch 10-c3","10-c3","#decc8a"
"Trumatch 10-d3","10-d3","#ded09e"
"Trumatch 10-e3","10-e3","#ded4b2"
"Trumatch 10-a6","10-a6","#baa553"
"Trumatch 10-b6","10-b6","#baa865"
"Trumatch 10-c6","10-c6","#baad78"
"Trumatch 10-a4","10-a4","#d3ba5a"
"Trumatch 10-b4","10-b4","#d3bd6f"
"Trumatch 10-c4","10-c4","#d3c284"
"Trumatch 10-d4","10-d4","#d2c597"
"Trumatch 10-e4","10-e4","#d2caaa"
"Trumatch 10-a7","10-a7","#ae9b4f"
"Trumatch 10-b7","10-b7","#ae9e60"
"Trumatch 10-c7","10-c7","#aea271"
"Trumatch 11-a","11-a","#ffe400"
"Trumatch 11-b","11-b","#ffe936"
"Trumatch 11-c","11","#ffec66"
"Trumatch 11-d","11-d","#fff08f"
"Trumatch 11-e","11-e","#fff5b2"
"Trumatch 11-f","11-f","#fff9d1"
"Trumatch 11-g","11-g","#fffbec"
"Trumatch 11-a1","11-a1","#fadb00"
"Trumatch 11-b1","11-b1","#fadf36"
"Trumatch 11-c1","11-c1","#f9e264"
"Trumatch 11-d1","11-d1","#f8e68b"
"Trumatch 11-e1","11-e1","#f7ebac"
"Trumatch 11-d5","11-d5","#c7ba75"
"Trumatch 11-e5","11-e5","#c6be8f"
"Trumatch 11-a2","11-a2","#edd000"
"Trumatch 11-b2","11-b2","#edd437"
"Trumatch 11-c2","11-c2","#ecd761"
"Trumatch 11-d2","11-d2","#ebdb85"
"Trumatch 11-e2","11-e2","#ebdfa5"
"Trumatch 11-a5","11-a5","#c8b100"
"Trumatch 11-b5","11-b5","#c8b437"
"Trumatch 11-c5","11-c5","#c7b757"
"Trumatch 11-a3","11-a3","#e1c600"
"Trumatch 11-b3","11-b3","#e1ca37"
"Trumatch 11-c3","11-c3","#e0cd5e"
"Trumatch 11-d3","11-d3","#e0d080"
"Trumatch 11-e3","11-e3","#dfd59e"
"Trumatch 11-a6","11-a6","#bca706"
"Trumatch 11-b6","11-b6","#bcaa37"
"Trumatch 11-c6","11-c6","#bbad54"
"Trumatch 11-a4","11-a4","#d5bc00"
"Trumatch 11-b4","11-b4","#d5c037"
"Trumatch 11-c4","11-c4","#d4c25b"
"Trumatch 11-d4","11-d4","#d4c67b"
"Trumatch 11-e4","11-e4","#d3ca97"
"Trumatch 11-a7","11-a7","#b09d10"
"Trumatch 11-b7","11-b7","#b0a036"
"Trumatch 11-c7","11-c7","#afa250"
"Trumatch 12-a","12-a","#ffed00"
"Trumatch 12-b","12-b","#ffef34"
"Trumatch 12-c","12","#fff267"
"Trumatch 12-d","12-d","#fff590"
"Trumatch 12-e","12-e","#fff8b3"
"Trumatch 12-f","12-f","#fffbd2"
"Trumatch 12-g","12-g","#fffded"
"Trumatch 12-h","12-h","#fffef6"
"Trumatch 12-a1","12-a1","#fbe200"
"Trumatch 12-b1","12-b1","#fbe535"
"Trumatch 12-c1","12-c1","#fae764"
"Trumatch 12-d1","12-d1","#f9ea8c"
"Trumatch 12-e1","12-e1","#f8edad"
"Trumatch 12-f1","12-f1","#f6f0ca"
"Trumatch 12-d5","12-d5","#c8be76"
"Trumatch 12-e5","12-e5","#c7c190"
"Trumatch 12-a2","12-a2","#eed700"
"Trumatch 12-b2","12-b2","#eed936"
"Trumatch 12-c2","12-c2","#eddc62"
"Trumatch 12-d2","12-d2","#ecdf86"
"Trumatch 12-e2","12-e2","#ebe2a6"
"Trumatch 12-a5","12-a5","#c9b700"
"Trumatch 12-b5","12-b5","#c9b937"
"Trumatch 12-c5","12-c5","#c8bb58"
"Trumatch 12-a3","12-a3","#e2cd00"
"Trumatch 12-b3","12-b3","#e2cf37"
"Trumatch 12-c3","12-c3","#e1d25e"
"Trumatch 12-d3","12-d3","#e0d481"
"Trumatch 12-e3","12-e3","#dfd79f"
"Trumatch 12-a6","12-a6","#bdac01"
"Trumatch 12-b6","12-b6","#bdae36"
"Trumatch 12-c6","12-c6","#bcb155"
"Trumatch 12-a4","12-a4","#d6c200"
"Trumatch 12-b4","12-b4","#d6c437"
"Trumatch 12-c4","12-c4","#d5c75c"
"Trumatch 12-d4","12-d4","#d4ca7c"
"Trumatch 12-e4","12-e4","#d3cc98"
"Trumatch 12-a7","12-a7","#b0a20c"
"Trumatch 12-b7","12-b7","#b0a436"
"Trumatch 12-c7","12-c7","#b0a651"
"Trumatch 13-a","13-a","#fce800"
"Trumatch 13-b","13-b","#fdeb38"
"Trumatch 13-c","13","#ffef67"
"Trumatch 13-d","13-d","#fff290"
"Trumatch 13-e","13-e","#fff6b3"
"Trumatch 13-f","13-f","#fef9d2"
"Trumatch 13-g","13-g","#fefced"
"Trumatch 13-a1","13-a1","#f1de00"
"Trumatch 13-b1","13-b1","#f2e138"
"Trumatch 13-c1","13-c1","#f3e465"
"Trumatch 13-d1","13-d1","#f3e88c"
"Trumatch 13-e1","13-e1","#f4ecad"
"Trumatch 13-f1","13-f1","#f3efca"
"Trumatch 13-d5","13-d5","#c3bc76"
"Trumatch 13-e5","13-e5","#c4c090"
"Trumatch 13-a2","13-a2","#e4d300"
"Trumatch 13-b2","13-b2","#e5d639"
"Trumatch 13-c2","13-c2","#e7d962"
"Trumatch 13-d2","13-d2","#e7dd86"
"Trumatch 13-e2","13-e2","#e8e1a6"
"Trumatch 13-a5","13-a5","#c1b300"
"Trumatch 13-b5","13-b5","#c2b638"
"Trumatch 13-c5","13-c5","#c3b958"
"Trumatch 13-a3","13-a3","#d9c900"
"Trumatch 13-b3","13-b3","#dacb39"
"Trumatch 13-c3","13-c3","#dbcf5f"
"Trumatch 13-d3","13-d3","#dbd281"
"Trumatch 13-e3","13-e3","#dcd69f"
"Trumatch 13-a6","13-a6","#b5a909"
"Trumatch 13-b6","13-b6","#b6ac38"
"Trumatch 13-c6","13-c6","#b7af55"
"Trumatch 13-a4","13-a4","#cdbe00"
"Trumatch 13-b4","13-b4","#cec139"
"Trumatch 13-c4","13-c4","#cfc45c"
"Trumatch 13-d4","13-d4","#cfc87c"
"Trumatch 13-e4","13-e4","#d0cb98"
"Trumatch 13-a7","13-a7","#a99f11"
"Trumatch 13-b7","13-b7","#aaa137"
"Trumatch 13-c7","13-c7","#aba451"
"Trumatch 14-a","14-a","#e4dd00"
"Trumatch 14-b","14-b","#eae23e"
"Trumatch 14-c","14","#ede769"
"Trumatch 14-d","14-d","#f0ec90"
"Trumatch 14-e","14-e","#f5f2b3"
"Trumatch 14-f","14-f","#f7f6d1"
"Trumatch 14-g","14-g","#fcfced"
"Trumatch 14-a1","14-a1","#dad400"
"Trumatch 14-b1","14-b1","#dfd93e"
"Trumatch 14-c1","14-c1","#e2dd66"
"Trumatch 14-d1","14-d1","#e6e28c"
"Trumatch 14-e1","14-e1","#eae8ac"
"Trumatch 14-f1","14-f1","#edecc9"
"Trumatch 14-d5","14-d5","#b8b875"
"Trumatch 14-e5","14-e5","#bcbd8f"
"Trumatch 14-a2","14-a2","#cfca00"
"Trumatch 14-b2","14-b2","#d4ce3d"
"Trumatch 14-c2","14-c2","#d6d363"
"Trumatch 14-d2","14-d2","#dad886"
"Trumatch 14-e2","14-e2","#dedda5"
"Trumatch 14-a5","14-a5","#afac10"
"Trumatch 14-b5","14-b5","#b3b03b"
"Trumatch 14-c5","14-c5","#b5b459"
"Trumatch 14-a3","14-a3","#c4c000"
"Trumatch 14-b3","14-b3","#c9c53c"
"Trumatch 14-c3","14-c3","#ccc860"
"Trumatch 14-d3","14-d3","#cfcd81"
"Trumatch 14-e3","14-e3","#d3d29e"
"Trumatch 14-a6","14-a6","#a5a316"
"Trumatch 14-b6","14-b6","#a9a63a"
"Trumatch 14-c6","14-c6","#abaa55"
"Trumatch 14-a4","14-a4","#bab608"
"Trumatch 14-b4","14-b4","#bfbb3c"
"Trumatch 14-c4","14-c4","#c1be5d"
"Trumatch 14-d4","14-d4","#c4c37b"
"Trumatch 14-e4","14-e4","#c8c897"
"Trumatch 14-a7","14-a7","#9a9919"
"Trumatch 14-b7","14-b7","#9e9c39"
"Trumatch 14-c7","14-c7","#a09f51"
"Trumatch 15-a","15-a","#cfd500"
"Trumatch 15-b","15-b","#d7db42"
"Trumatch 15-c","15","#dee16a"
"Trumatch 15-d","15-d","#e7e890"
"Trumatch 15-e","15-e","#edefb2"
"Trumatch 15-f","15-f","#f3f5d1"
"Trumatch 15-g","15-g","#fafbed"
"Trumatch 15-h","15-h","#fdfdf6"
"Trumatch 15-a1","15-a1","#c6cc03"
"Trumatch 15-b1","15-b1","#cdd142"
"Trumatch 15-c1","15-c1","#d4d767"
"Trumatch 15-d1","15-d1","#dcdf8b"
"Trumatch 15-e1","15-e1","#e2e5ac"
"Trumatch 15-f1","15-f1","#e9ebc9"
"Trumatch 15-d5","15-d5","#b1b575"
"Trumatch 15-e5","15-e5","#b6ba8f"
"Trumatch 15-a2","15-a2","#bcc20c"
"Trumatch 15-b2","15-b2","#c3c741"
"Trumatch 15-c2","15-c2","#c9cd64"
"Trumatch 15-d2","15-d2","#d1d486"
"Trumatch 15-e2","15-e2","#d7daa4"
"Trumatch 15-a5","15-a5","#a0a61a"
"Trumatch 15-b5","15-b5","#a5ab3d"
"Trumatch 15-c5","15-c5","#abaf59"
"Trumatch 15-a3","15-a3","#b3b911"
"Trumatch 15-b3","15-b3","#b9be3f"
"Trumatch 15-c3","15-c3","#bfc360"
"Trumatch 15-d3","15-d3","#c7ca80"
"Trumatch 15-e3","15-e3","#cdd09e"
"Trumatch 15-a6","15-a6","#969d1c"
"Trumatch 15-b6","15-b6","#9ca13b"
"Trumatch 15-c6","15-c6","#a1a556"
"Trumatch 15-a4","15-a4","#aab016"
"Trumatch 15-b4","15-b4","#b0b53e"
"Trumatch 15-c4","15-c4","#b5ba5d"
"Trumatch 15-d4","15-d4","#bcc07b"
"Trumatch 15-e4","15-e4","#c2c597"
"Trumatch 15-a7","15-a7","#8d941e"
"Trumatch 15-b7","15-b7","#92983a"
"Trumatch 15-c7","15-c7","#979c52"
"Trumatch 16-a","16-a","#bfce0f"
"Trumatch 16-b","16-b","#c9d545"
"Trumatch 16-c","16","#d2dc6b"
"Trumatch 16-d","16-d","#dee590"
"Trumatch 16-e","16-e","#e6ecb2"
"Trumatch 16-f","16-f","#eff3d0"
"Trumatch 16-g","16-g","#f8faed"
"Trumatch 16-a1","16-a1","#b6c613"
"Trumatch 16-b1","16-b1","#c0cc44"
"Trumatch 16-c1","16-c1","#c9d368"
"Trumatch 16-d1","16-d1","#d4db8b"
"Trumatch 16-e1","16-e1","#dce2ab"
"Trumatch 16-f1","16-f1","#e5e9c8"
"Trumatch 16-d5","16-d5","#abb375"
"Trumatch 16-e5","16-e5","#b2b88f"
"Trumatch 16-a2","16-a2","#adbc17"
"Trumatch 16-b2","16-b2","#b6c243"
"Trumatch 16-c2","16-c2","#bfc964"
"Trumatch 16-d2","16-d2","#cad185"
"Trumatch 16-e2","16-e2","#d1d8a4"
"Trumatch 16-a5","16-a5","#94a21e"
"Trumatch 16-b5","16-b5","#9ba73e"
"Trumatch 16-c5","16-c5","#a2ac59"
"Trumatch 16-a3","16-a3","#a5b41a"
"Trumatch 16-b3","16-b3","#adb941"
"Trumatch 16-c3","16-c3","#b6c061"
"Trumatch 16-d3","16-d3","#c0c780"
"Trumatch 16-e3","16-e3","#c7cd9d"
"Trumatch 16-a6","16-a6","#8b9920"
"Trumatch 16-b6","16-b6","#929d3d"
"Trumatch 16-c6","16-c6","#99a356"
"Trumatch 16-a4","16-a4","#9dab1d"
"Trumatch 16-b4","16-b4","#a5b040"
"Trumatch 16-c4","16-c4","#acb65d"
"Trumatch 16-d4","16-d4","#b6bd7b"
"Trumatch 16-e4","16-e4","#bdc396"
"Trumatch 16-a7","16-a7","#839021"
"Trumatch 16-b7","16-b7","#89943b"
"Trumatch 16-c7","16-c7","#909952"
"Trumatch 17-a","17-a","#b2cb3c"
"Trumatch 17-b","17-b","#bed35c"
"Trumatch 17-c","17","#cbdb7d"
"Trumatch 17-d","17-d","#d6e39b"
"Trumatch 17-e","17-e","#e2ebba"
"Trumatch 17-f","17-f","#edf3d4"
"Trumatch 17-g","17-g","#f8faef"
"Trumatch 17-h","17-h","#fcfdf6"
"Trumatch 17-a1","17-a1","#aac33b"
"Trumatch 17-b1","17-b1","#b6ca5a"
"Trumatch 17-c1","17-c1","#c2d278"
"Trumatch 17-d1","17-d1","#cdda95"
"Trumatch 17-e1","17-e1","#d8e1b3"
"Trumatch 17-f1","17-f1","#e2e8cc"
"Trumatch 17-d5","17-d5","#a6b17d"
"Trumatch 17-e5","17-e5","#aeb894"
"Trumatch 17-a2","17-a2","#a2ba3a"
"Trumatch 17-b2","17-b2","#adc157"
"Trumatch 17-c2","17-c2","#b9c874"
"Trumatch 17-d2","17-d2","#c3cf8f"
"Trumatch 17-e2","17-e2","#cdd7ab"
"Trumatch 17-a5","17-a5","#8aa037"
"Trumatch 17-b5","17-b5","#94a54e"
"Trumatch 17-c5","17-c5","#9dab66"
"Trumatch 17-a3","17-a3","#9ab139"
"Trumatch 17-b3","17-b3","#a5b854"
"Trumatch 17-c3","17-c3","#b0bf6f"
"Trumatch 17-d3","17-d3","#b9c689"
"Trumatch 17-e3","17-e3","#c3cda4"
"Trumatch 17-a6","17-a6","#829736"
"Trumatch 17-b6","17-b6","#8b9c4b"
"Trumatch 17-c6","17-c6","#94a261"
"Trumatch 17-a4","17-a4","#92a938"
"Trumatch 17-b4","17-b4","#9daf51"
"Trumatch 17-c4","17-c4","#a7b56b"
"Trumatch 17-d4","17-d4","#b0bc83"
"Trumatch 17-e4","17-e4","#b9c39d"
"Trumatch 17-a7","17-a7","#7b8e34"
"Trumatch 17-b7","17-b7","#839348"
"Trumatch 17-c7","17-c7","#8b985c"
"Trumatch 18-a","18-a","#00a03b"
"Trumatch 18-b","18-b","#44ae52"
"Trumatch 18-c","18","#72bc6e"
"Trumatch 18-d","18-d","#98cb8e"
"Trumatch 18-e","18-e","#b8daaf"
"Trumatch 18-f","18-f","#d5e9ce"
"Trumatch 18-g","18-g","#eef6eb"
"Trumatch 18-h","18-h","#f8fbf5"
"Trumatch 18-a1","18-a1","#009a3a"
"Trumatch 18-b1","18-b1","#42a750"
"Trumatch 18-c1","18-c1","#6db46b"
"Trumatch 18-d1","18-d1","#92c38a"
"Trumatch 18-e1","18-e1","#b0d1a8"
"Trumatch 18-f1","18-f1","#ccdfc6"
"Trumatch 18-g1","18-g1","#e3ece2"
"Trumatch 18-d5","18-d5","#77a072"
"Trumatch 18-a2","18-a2","#009338"
"Trumatch 18-b2","18-b2","#3fa04e"
"Trumatch 18-c2","18-c2","#68ac66"
"Trumatch 18-d2","18-d2","#8bba83"
"Trumatch 18-e2","18-e2","#a8c8a1"
"Trumatch 18-a5","18-a5","#008034"
"Trumatch 18-b5","18-b5","#398a46"
"Trumatch 18-c5","18-c5","#5a945a"
"Trumatch 18-a3","18-a3","#008d37"
"Trumatch 18-b3","18-b3","#3d994b"
"Trumatch 18-c3","18-c3","#64a462"
"Trumatch 18-d3","18-d3","#85b27e"
"Trumatch 18-e3","18-e3","#a0be9a"
"Trumatch 18-a6","18-a6","#007a33"
"Trumatch 18-b6","18-b6","#378343"
"Trumatch 18-c6","18-c6","#568c56"
"Trumatch 18-a4","18-a4","#008736"
"Trumatch 18-b4","18-b4","#3b9248"
"Trumatch 18-c4","18-c4","#5f9d5e"
"Trumatch 18-d4","18-d4","#7ea978"
"Trumatch 18-e4","18-e4","#98b593"
"Trumatch 18-a7","18-a7","#007332"
"Trumatch 18-b7","18-b7","#347c40"
"Trumatch 18-c7","18-c7","#518452"
"Trumatch 19-a","19-a","#009340"
"Trumatch 19-b","19-b","#00a255"
"Trumatch 19-c","19","#47b26e"
"Trumatch 19-d","19-d","#7fc48e"
"Trumatch 19-e","19-e","#a9d5ae"
"Trumatch 19-f","19-f","#cce5cd"
"Trumatch 19-g","19-g","#ebf5eb"
"Trumatch 19-h","19-h","#f5faf5"
"Trumatch 19-a1","19-a1","#008d3e"
"Trumatch 19-b1","19-b1","#009c52"
"Trumatch 19-c1","19-c1","#45ab6b"
"Trumatch 19-d1","19-d1","#7abc89"
"Trumatch 19-e1","19-e1","#a2cca7"
"Trumatch 19-f1","19-f1","#c3dcc5"
"Trumatch 19-g1","19-g1","#e1ebe2"
"Trumatch 19-d5","19-d5","#659a71"
"Trumatch 19-a2","19-a2","#00873d"
"Trumatch 19-b2","19-b2","#009550"
"Trumatch 19-c2","19-c2","#42a367"
"Trumatch 19-d2","19-d2","#74b383"
"Trumatch 19-e2","19-e2","#9ac3a0"
"Trumatch 19-a5","19-a5","#007638"
"Trumatch 19-b5","19-b5","#008147"
"Trumatch 19-c5","19-c5","#3b8d5a"
"Trumatch 19-a3","19-a3","#00823b"
"Trumatch 19-b3","19-b3","#008f4d"
"Trumatch 19-c3","19-c3","#409c62"
"Trumatch 19-d3","19-d3","#6fab7d"
"Trumatch 19-e3","19-e3","#93ba99"
"Trumatch 19-a6","19-a6","#007137"
"Trumatch 19-b6","19-b6","#007b45"
"Trumatch 19-c6","19-c6","#398656"
"Trumatch 19-a4","19-a4","#007c3a"
"Trumatch 19-b4","19-b4","#00884a"
"Trumatch 19-c4","19-c4","#3e955f"
"Trumatch 19-d4","19-d4","#6aa378"
"Trumatch 19-e4","19-e4","#8cb192"
"Trumatch 19-a7","19-a7","#006b35"
"Trumatch 19-b7","19-b7","#007442"
"Trumatch 19-c7","19-c7","#377e52"
"Trumatch 20-a","20-a","#009556"
"Trumatch 20-b","20-b","#00a46b"
"Trumatch 20-c","20","#42b482"
"Trumatch 20-d","20-d","#7dc59e"
"Trumatch 20-e","20-e","#a8d6b9"
"Trumatch 20-f","20-f","#cbe6d5"
"Trumatch 20-g","20-g","#ebf5ed"
"Trumatch 20-h","20-h","#f5faf7"
"Trumatch 20-a1","20-a1","#008f54"
"Trumatch 20-b1","20-b1","#009e67"
"Trumatch 20-c1","20-c1","#40ad7d"
"Trumatch 20-d1","20-d1","#78bd98"
"Trumatch 20-e1","20-e1","#a1cdb3"
"Trumatch 20-f1","20-f1","#c2dccd"
"Trumatch 20-g1","20-g1","#e1ebe4"
"Trumatch 20-d5","20-d5","#639b7d"
"Trumatch 20-a2","20-a2","#008951"
"Trumatch 20-b2","20-b2","#009763"
"Trumatch 20-c2","20-c2","#3da578"
"Trumatch 20-d2","20-d2","#72b491"
"Trumatch 20-e2","20-e2","#99c4ab"
"Trumatch 20-a5","20-a5","#007749"
"Trumatch 20-b5","20-b5","#008358"
"Trumatch 20-c5","20-c5","#378e68"
"Trumatch 20-a3","20-a3","#00834f"
"Trumatch 20-b3","20-b3","#009060"
"Trumatch 20-c3","20-c3","#3c9e73"
"Trumatch 20-d3","20-d3","#6dac8b"
"Trumatch 20-e3","20-e3","#92bba3"
"Trumatch 20-a6","20-a6","#007246"
"Trumatch 20-b6","20-b6","#007c54"
"Trumatch 20-c6","20-c6","#368763"
"Trumatch 20-a4","20-a4","#007e4c"
"Trumatch 20-b4","20-b4","#008a5c"
"Trumatch 20-c4","20-c4","#3a966e"
"Trumatch 20-d4","20-d4","#68a485"
"Trumatch 20-e4","20-e4","#8bb29c"
"Trumatch 20-a7","20-a7","#006c43"
"Trumatch 20-b7","20-b7","#007550"
"Trumatch 20-c7","20-c7","#347f5e"
"Trumatch 21-a","21-a","#8dc998"
"Trumatch 21-b","21-b","#a1d1a7"
"Trumatch 21-c","21","#b5dbb9"
"Trumatch 21-d","21-d","#c6e2c8"
"Trumatch 21-e","21-e","#d7ebd8"
"Trumatch 21-f","21-f","#e6f2e6"
"Trumatch 21-g","21-g","#f5faf5"
"Trumatch 21-h","21-h","#f9fcf9"
"Trumatch 21-a1","21-a1","#87c192"
"Trumatch 21-b1","21-b1","#9ac9a1"
"Trumatch 21-c1","21-c1","#aed2b2"
"Trumatch 21-d1","21-d1","#bdd9c0"
"Trumatch 21-e1","21-e1","#cde1d0"
"Trumatch 21-f1","21-f1","#dce8dd"
"Trumatch 21-g1","21-g1","#ebf0ec"
"Trumatch 21-d5","21-d5","#9ab19e"
"Trumatch 21-a2","21-a2","#81b88c"
"Trumatch 21-b2","21-b2","#93c09a"
"Trumatch 21-c2","21-c2","#a5c8aa"
"Trumatch 21-d2","21-d2","#b4cfb7"
"Trumatch 21-e2","21-e2","#c4d7c6"
"Trumatch 21-a5","21-a5","#6f9e79"
"Trumatch 21-b5","21-b5","#7ea485"
"Trumatch 21-c5","21-c5","#8eab93"
"Trumatch 21-a3","21-a3","#7bb086"
"Trumatch 21-b3","21-b3","#8cb793"
"Trumatch 21-c3","21-c3","#9ebfa3"
"Trumatch 21-d3","21-d3","#acc5b0"
"Trumatch 21-e3","21-e3","#bacdbe"
"Trumatch 21-a6","21-a6","#699673"
"Trumatch 21-b6","21-b6","#779b7f"
"Trumatch 21-c6","21-c6","#86a28b"
"Trumatch 21-a4","21-a4","#76a780"
"Trumatch 21-b4","21-b4","#85ae8d"
"Trumatch 21-c4","21-c4","#96b59b"
"Trumatch 21-d4","21-d4","#a3bca7"
"Trumatch 21-e4","21-e4","#b1c3b5"
"Trumatch 21-a7","21-a7","#648d6d"
"Trumatch 21-b7","21-b7","#709277"
"Trumatch 21-c7","21-c7","#7e9883"
"Trumatch 22-a","22-a","#56ba96"
"Trumatch 22-b","22-b","#7cc6a5"
"Trumatch 22-c","22","#97d0b7"
"Trumatch 22-d","22-d","#b1dbc6"
"Trumatch 22-e","22-e","#c9e5d6"
"Trumatch 22-f","22-f","#dfefe5"
"Trumatch 22-g","22-g","#f1f8f5"
"Trumatch 22-a1","22-a1","#53b390"
"Trumatch 22-b1","22-b1","#77be9f"
"Trumatch 22-c1","22-c1","#91c8b0"
"Trumatch 22-d1","22-d1","#a9d2be"
"Trumatch 22-e1","22-e1","#c0dccf"
"Trumatch 22-f1","22-f1","#d5e5dc"
"Trumatch 22-g1","22-g1","#e7eeec"
"Trumatch 22-d5","22-d5","#8aac9d"
"Trumatch 22-a2","22-a2","#4fab8a"
"Trumatch 22-b2","22-b2","#71b598"
"Trumatch 22-c2","22-c2","#8abfa8"
"Trumatch 22-d2","22-d2","#a2c8b6"
"Trumatch 22-e2","22-e2","#b7d2c5"
"Trumatch 22-a5","22-a5","#469377"
"Trumatch 22-b5","22-b5","#629c83"
"Trumatch 22-c5","22-c5","#77a491"
"Trumatch 22-a3","22-a3","#4ca384"
"Trumatch 22-b3","22-b3","#6cad91"
"Trumatch 22-c3","22-c3","#84b6a1"
"Trumatch 22-d3","22-d3","#9abfae"
"Trumatch 22-e3","22-e3","#afc8bc"
"Trumatch 22-a6","22-a6","#438b71"
"Trumatch 22-b6","22-b6","#5d937d"
"Trumatch 22-c6","22-c6","#719b89"
"Trumatch 22-a4","22-a4","#499c7e"
"Trumatch 22-b4","22-b4","#67a58b"
"Trumatch 22-c4","22-c4","#7ead99"
"Trumatch 22-d4","22-d4","#93b6a6"
"Trumatch 22-e4","22-e4","#a6beb4"
"Trumatch 22-a7","22-a7","#40836b"
"Trumatch 22-b7","22-b7","#588b75"
"Trumatch 22-c7","22-c7","#6a9281"
"Trumatch 23-a","23-a","#0eb194"
"Trumatch 23-b","23-b","#58bda4"
"Trumatch 23-c","23","#80c9b5"
"Trumatch 23-d","23-d","#a3d6c5"
"Trumatch 23-e","23-e","#bfe2d5"
"Trumatch 23-f","23-f","#d8ede4"
"Trumatch 23-g","23-g","#f0f8f5"
"Trumatch 23-h","23-h","#f7fbf9"
"Trumatch 23-a1","23-a1","#11aa8e"
"Trumatch 23-b1","23-b1","#55b59e"
"Trumatch 23-c1","23-c1","#7bc1ae"
"Trumatch 23-d1","23-d1","#9ccdbd"
"Trumatch 23-e1","23-e1","#b7d8ce"
"Trumatch 23-f1","23-f1","#cfe3db"
"Trumatch 23-g1","23-g1","#e5edeb"
"Trumatch 23-d5","23-d5","#80a89c"
"Trumatch 23-a2","23-a2","#14a288"
"Trumatch 23-b2","23-b2","#52ad96"
"Trumatch 23-c2","23-c2","#76b8a7"
"Trumatch 23-d2","23-d2","#95c4b5"
"Trumatch 23-e2","23-e2","#aecec4"
"Trumatch 23-a5","23-a5","#1a8c76"
"Trumatch 23-b5","23-b5","#489582"
"Trumatch 23-c5","23-c5","#669e8f"
"Trumatch 23-a3","23-a3","#169b82"
"Trumatch 23-b3","23-b3","#4ea590"
"Trumatch 23-c3","23-c3","#71b09f"
"Trumatch 23-d3","23-d3","#8ebbad"
"Trumatch 23-e3","23-e3","#a6c5bb"
"Trumatch 23-a6","23-a6","#1b8570"
"Trumatch 23-b6","23-b6","#458d7b"
"Trumatch 23-c6","23-c6","#619688"
"Trumatch 23-a4","23-a4","#18947c"
"Trumatch 23-b4","23-b4","#4b9d89"
"Trumatch 23-c4","23-c4","#6ba798"
"Trumatch 23-d4","23-d4","#88b2a4"
"Trumatch 23-e4","23-e4","#9ebbb3"
"Trumatch 23-a7","23-a7","#1d7d6a"
"Trumatch 23-b7","23-b7","#428574"
"Trumatch 23-c7","23-c7","#5b8d80"
"Trumatch 24-a","24-a","#2eb6a8"
"Trumatch 24-b","24-b","#65c2b5"
"Trumatch 24-c","24","#88cdc3"
"Trumatch 24-d","24-d","#a9d9d0"
"Trumatch 24-e","24-e","#c4e4dd"
"Trumatch 24-f","24-f","#daeee9"
"Trumatch 24-g","24-g","#f1f9f7"
"Trumatch 24-a1","24-a1","#2dafa1"
"Trumatch 24-b1","24-b1","#62baae"
"Trumatch 24-c1","24-c1","#82c5bb"
"Trumatch 24-d1","24-d1","#a2d0c8"
"Trumatch 24-e1","24-e1","#bcdbd4"
"Trumatch 24-f1","24-f1","#d1e4e0"
"Trumatch 24-g1","24-g1","#e7eeed"
"Trumatch 24-d5","24-d5","#84aba4"
"Trumatch 24-a2","24-a2","#2ca79a"
"Trumatch 24-b2","24-b2","#5db2a6"
"Trumatch 24-c2","24-c2","#7cbcb3"
"Trumatch 24-d2","24-d2","#9ac7bf"
"Trumatch 24-e2","24-e2","#b3d1cb"
"Trumatch 24-a5","24-a5","#2b9085"
"Trumatch 24-b5","24-b5","#52998f"
"Trumatch 24-c5","24-c5","#6ca19a"
"Trumatch 24-a3","24-a3","#2ca093"
"Trumatch 24-b3","24-b3","#5aaa9f"
"Trumatch 24-c3","24-c3","#77b3ab"
"Trumatch 24-d3","24-d3","#93beb6"
"Trumatch 24-e3","24-e3","#aac7c2"
"Trumatch 24-a6","24-a6","#2a897e"
"Trumatch 24-b6","24-b6","#4e9188"
"Trumatch 24-c6","24-c6","#669991"
"Trumatch 24-a4","24-a4","#2b988c"
"Trumatch 24-b4","24-b4","#56a298"
"Trumatch 24-c4","24-c4","#71aba2"
"Trumatch 24-d4","24-d4","#8cb5ae"
"Trumatch 24-e4","24-e4","#a2beb8"
"Trumatch 24-a7","24-a7","#298177"
"Trumatch 24-b7","24-b7","#4a8880"
"Trumatch 24-c7","24-c7","#609089"
"Trumatch 25-a","25-a","#00a8ab"
"Trumatch 25-b","25-b","#43b5b6"
"Trumatch 25-c","25","#74c2c2"
"Trumatch 25-d","25-d","#9ad0d1"
"Trumatch 25-e","25-e","#b9dcdd"
"Trumatch 25-f","25-f","#d5eae9"
"Trumatch 25-g","25-g","#eff6f5"
"Trumatch 25-h","25-h","#f7fbfb"
"Trumatch 25-a1","25-a1","#00a1a4"
"Trumatch 25-b1","25-b1","#41aeaf"
"Trumatch 25-c1","25-c1","#70babb"
"Trumatch 25-d1","25-d1","#94c8c9"
"Trumatch 25-e1","25-e1","#b1d4d4"
"Trumatch 25-f1","25-f1","#cce0e0"
"Trumatch 25-g1","25-g1","#e5ecec"
"Trumatch 25-d5","25-d5","#7aa3a5"
"Trumatch 25-a2","25-a2","#009a9d"
"Trumatch 25-b2","25-b2","#3fa6a7"
"Trumatch 25-c2","25-c2","#6bb1b2"
"Trumatch 25-d2","25-d2","#8dbec0"
"Trumatch 25-e2","25-e2","#a9caca"
"Trumatch 25-a5","25-a5","#008587"
"Trumatch 25-b5","25-b5","#398f90"
"Trumatch 25-c5","25-c5","#5d9899"
"Trumatch 25-a3","25-a3","#009396"
"Trumatch 25-b3","25-b3","#3d9ea0"
"Trumatch 25-c3","25-c3","#66a9aa"
"Trumatch 25-d3","25-d3","#87b6b7"
"Trumatch 25-e3","25-e3","#a1c1c1"
"Trumatch 25-a6","25-a6","#007e80"
"Trumatch 25-b6","25-b6","#378788"
"Trumatch 25-c6","25-c6","#589091"
"Trumatch 25-a4","25-a4","#008d8f"
"Trumatch 25-b4","25-b4","#3b9798"
"Trumatch 25-c4","25-c4","#62a1a2"
"Trumatch 25-d4","25-d4","#80adaf"
"Trumatch 25-e4","25-e4","#99b7b8"
"Trumatch 25-a7","25-a7","#007779"
"Trumatch 25-b7","25-b7","#367f80"
"Trumatch 25-c7","25-c7","#548889"
"Trumatch 26-a","26-a","#00a0b0"
"Trumatch 26-b","26-b","#00aebb"
"Trumatch 26-c","26","#55bdc8"
"Trumatch 26-d","26-d","#86cbd4"
"Trumatch 26-e","26-e","#aedbe0"
"Trumatch 26-f","26-f","#cee7ea"
"Trumatch 26-g","26-g","#edf5f7"
"Trumatch 26-h","26-h","#f5fbfa"
"Trumatch 26-a1","26-a1","#009aaa"
"Trumatch 26-b1","26-b1","#00a7b4"
"Trumatch 26-c1","26-c1","#52b5c0"
"Trumatch 26-d1","26-d1","#81c3cb"
"Trumatch 26-e1","26-e1","#a7d2d7"
"Trumatch 26-f1","26-f1","#c5dee2"
"Trumatch 26-g1","26-g1","#e2ebed"
"Trumatch 26-d5","26-d5","#6aa0a6"
"Trumatch 26-a2","26-a2","#0093a2"
"Trumatch 26-b2","26-b2","#009fac"
"Trumatch 26-c2","26-c2","#4fadb7"
"Trumatch 26-d2","26-d2","#7bbac2"
"Trumatch 26-e2","26-e2","#9fc8cd"
"Trumatch 26-a5","26-a5","#00808c"
"Trumatch 26-b5","26-b5","#008994"
"Trumatch 26-c5","26-c5","#46959d"
"Trumatch 26-a3","26-a3","#008d9b"
"Trumatch 26-b3","26-b3","#0098a4"
"Trumatch 26-c3","26-c3","#4ca5af"
"Trumatch 26-d3","26-d3","#76b2b9"
"Trumatch 26-e3","26-e3","#98bfc4"
"Trumatch 26-a6","26-a6","#007985"
"Trumatch 26-b6","26-b6","#00828c"
"Trumatch 26-c6","26-c6","#438d95"
"Trumatch 26-a4","26-a4","#008794"
"Trumatch 26-b4","26-b4","#00919d"
"Trumatch 26-c4","26-c4","#499da7"
"Trumatch 26-d4","26-d4","#70a9b0"
"Trumatch 26-e4","26-e4","#91b6bb"
"Trumatch 26-a7","26-a7","#00727d"
"Trumatch 26-b7","26-b7","#007b84"
"Trumatch 26-c7","26-c7","#40848c"
"Trumatch 27-a","27-a","#009cb2"
"Trumatch 27-b","27-b","#00aabd"
"Trumatch 27-c","27","#5dbac9"
"Trumatch 27-d","27-d","#8bc8d4"
"Trumatch 27-e","27-e","#aed7df"
"Trumatch 27-f","27-f","#d0e7eb"
"Trumatch 27-g","27-g","#edf5f7"
"Trumatch 27-a1","27-a1","#0096ab"
"Trumatch 27-b1","27-b1","#00a3b6"
"Trumatch 27-c1","27-c1","#59b2c2"
"Trumatch 27-d1","27-d1","#85c0cb"
"Trumatch 27-e1","27-e1","#a7ced7"
"Trumatch 27-f1","27-f1","#c7dde2"
"Trumatch 27-d5","27-d5","#6e9da7"
"Trumatch 27-e5","27-e5","#89a9b0"
"Trumatch 27-a2","27-a2","#008fa3"
"Trumatch 27-b2","27-b2","#009cad"
"Trumatch 27-c2","27-c2","#56aab9"
"Trumatch 27-d2","27-d2","#7fb7c2"
"Trumatch 27-e2","27-e2","#9fc5cd"
"Trumatch 27-a5","27-a5","#007c8d"
"Trumatch 27-b5","27-b5","#088695"
"Trumatch 27-c5","27-c5","#4b929e"
"Trumatch 27-a3","27-a3","#00899c"
"Trumatch 27-b3","27-b3","#0095a5"
"Trumatch 27-c3","27-c3","#52a2b0"
"Trumatch 27-d3","27-d3","#79aeb9"
"Trumatch 27-e3","27-e3","#98bcc4"
"Trumatch 27-a6","27-a6","#007685"
"Trumatch 27-b6","27-b6","#0e7f8d"
"Trumatch 27-c6","27-c6","#488a96"
"Trumatch 27-a4","27-a4","#008395"
"Trumatch 27-b4","27-b4","#008e9e"
"Trumatch 27-c4","27-c4","#4f9ba8"
"Trumatch 27-d4","27-d4","#74a6b0"
"Trumatch 27-e4","27-e4","#91b3ba"
"Trumatch 27-a7","27-a7","#006f7e"
"Trumatch 27-b7","27-b7","#127885"
"Trumatch 27-c7","27-c7","#45828d"
"Trumatch 28-a","28-a","#00a7c5"
"Trumatch 28-b","28-b","#00b4ce"
"Trumatch 28-c","28","#4ec2d6"
"Trumatch 28-d","28-d","#83d0e0"
"Trumatch 28-e","28-e","#addee9"
"Trumatch 28-f","28-f","#cdeaf1"
"Trumatch 28-g","28-g","#edf7fa"
"Trumatch 28-h","28-h","#f5fbfc"
"Trumatch 28-a1","28-a1","#00a1bd"
"Trumatch 28-b1","28-b1","#00adc6"
"Trumatch 28-c1","28-c1","#4cbace"
"Trumatch 28-d1","28-d1","#7ec8d7"
"Trumatch 28-e1","28-e1","#a6d5e0"
"Trumatch 28-f1","28-f1","#c5e1e8"
"Trumatch 28-g1","28-g1","#e2edf0"
"Trumatch 28-d5","28-d5","#69a4b0"
"Trumatch 28-a2","28-a2","#0099b4"
"Trumatch 28-b2","28-b2","#00a5bc"
"Trumatch 28-c2","28-c2","#49b2c4"
"Trumatch 28-d2","28-d2","#79becd"
"Trumatch 28-e2","28-e2","#9fcbd6"
"Trumatch 28-a5","28-a5","#00859b"
"Trumatch 28-b5","28-b5","#008ea2"
"Trumatch 28-c5","28-c5","#4199a8"
"Trumatch 28-a3","28-a3","#0093ac"
"Trumatch 28-b3","28-b3","#009eb4"
"Trumatch 28-c3","28-c3","#47aabb"
"Trumatch 28-d3","28-d3","#73b6c3"
"Trumatch 28-e3","28-e3","#97c2cc"
"Trumatch 28-a6","28-a6","#007e93"
"Trumatch 28-b6","28-b6","#008799"
"Trumatch 28-c6","28-c6","#3f919f"
"Trumatch 28-a4","28-a4","#008ca4"
"Trumatch 28-b4","28-b4","#0096ab"
"Trumatch 28-c4","28-c4","#44a2b2"
"Trumatch 28-d4","28-d4","#6eadba"
"Trumatch 28-e4","28-e4","#90b9c2"
"Trumatch 28-a7","28-a7","#00778a"
"Trumatch 28-b7","28-b7","#007f90"
"Trumatch 28-c7","28-c7","#3c8895"
"Trumatch 29-a","29-a","#00b0bf"
"Trumatch 29-b","29-b","#36bcc9"
"Trumatch 29-c","29","#70c9d2"
"Trumatch 29-d","29-d","#98d6dc"
"Trumatch 29-e","29-e","#b8e1e6"
"Trumatch 29-f","29-f","#d5edf0"
"Trumatch 29-g","29-g","#eff8f8"
"Trumatch 29-h","29-h","#f7fcfc"
"Trumatch 29-a1","29-a1","#00a9b8"
"Trumatch 29-b1","29-b1","#35b5c1"
"Trumatch 29-c1","29-c1","#6bc1ca"
"Trumatch 29-d1","29-d1","#92cdd3"
"Trumatch 29-e1","29-e1","#b0d8dd"
"Trumatch 29-f1","29-f1","#cce3e7"
"Trumatch 29-g1","29-g1","#e5eeee"
"Trumatch 29-d5","29-d5","#78a8ad"
"Trumatch 29-a2","29-a2","#00a2af"
"Trumatch 29-b2","29-b2","#34adb9"
"Trumatch 29-c2","29-c2","#67b8c0"
"Trumatch 29-d2","29-d2","#8cc4ca"
"Trumatch 29-e2","29-e2","#a8ced3"
"Trumatch 29-a5","29-a5","#008b97"
"Trumatch 29-b5","29-b5","#31959e"
"Trumatch 29-c5","29-c5","#5a9ea5"
"Trumatch 29-a3","29-a3","#009aa7"
"Trumatch 29-b3","29-b3","#33a5b0"
"Trumatch 29-c3","29-c3","#63b0b8"
"Trumatch 29-d3","29-d3","#85bbc0"
"Trumatch 29-e3","29-e3","#a0c5c9"
"Trumatch 29-a6","29-a6","#00848f"
"Trumatch 29-b6","29-b6","#308d96"
"Trumatch 29-c6","29-c6","#55959c"
"Trumatch 29-a4","29-a4","#0093a0"
"Trumatch 29-b4","29-b4","#329da8"
"Trumatch 29-c4","29-c4","#5ea7af"
"Trumatch 29-d4","29-d4","#7fb2b7"
"Trumatch 29-e4","29-e4","#99bbc0"
"Trumatch 29-a7","29-a7","#007d87"
"Trumatch 29-b7","29-b7","#2f848d"
"Trumatch 29-c7","29-c7","#518d93"
"Trumatch 30-a","30-a","#00a0e1"
"Trumatch 30-b","30-b","#00aee6"
"Trumatch 30-c","30","#00bdeb"
"Trumatch 30-d","30-d","#6ecdf0"
"Trumatch 30-e","30-e","#a0dcf5"
"Trumatch 30-f","30-f","#c8eaf9"
"Trumatch 30-g","30-g","#eaf7fd"
"Trumatch 30-h","30-h","#f5fbfe"
"Trumatch 30-a1","30-a1","#009ad8"
"Trumatch 30-b1","30-b1","#00a7dc"
"Trumatch 30-c1","30-c1","#00b5e1"
"Trumatch 30-d1","30-d1","#6ac5e6"
"Trumatch 30-e1","30-e1","#9ad3eb"
"Trumatch 30-f1","30-f1","#bfe0ef"
"Trumatch 30-d5","30-d5","#58a1bc"
"Trumatch 30-e5","30-e5","#7fadc0"
"Trumatch 30-a2","30-a2","#0093ce"
"Trumatch 30-b2","30-b2","#00a0d2"
"Trumatch 30-c2","30-c2","#00add7"
"Trumatch 30-d2","30-d2","#65bcdb"
"Trumatch 30-e2","30-e2","#93c9e0"
"Trumatch 30-a5","30-a5","#007fb1"
"Trumatch 30-b5","30-b5","#008ab4"
"Trumatch 30-c5","30-c5","#0e95b8"
"Trumatch 30-a3","30-a3","#008dc4"
"Trumatch 30-b3","30-b3","#0099c8"
"Trumatch 30-c3","30-c3","#00a6cd"
"Trumatch 30-d3","30-d3","#61b3d1"
"Trumatch 30-e3","30-e3","#8cc0d6"
"Trumatch 30-a6","30-a6","#0079a7"
"Trumatch 30-b6","30-b6","#0083aa"
"Trumatch 30-c6","30-c6","#138dad"
"Trumatch 30-a4","30-a4","#0086bb"
"Trumatch 30-b4","30-b4","#0092bf"
"Trumatch 30-c4","30-c4","#079ec3"
"Trumatch 30-d4","30-d4","#5daac7"
"Trumatch 30-e4","30-e4","#86b7cb"
"Trumatch 30-a7","30-a7","#00729d"
"Trumatch 30-b7","30-b7","#007ba0"
"Trumatch 30-c7","30-c7","#1785a3"
"Trumatch 31-a","31-a","#009bd7"
"Trumatch 31-b","31-b","#00a8dd"
"Trumatch 31-c","31","#57b8e4"
"Trumatch 31-d","31-d","#87c7ea"
"Trumatch 31-e","31-e","#acd7f0"
"Trumatch 31-f","31-f","#cfe6f6"
"Trumatch 31-d5","31-d5","#6b9cb7"
"Trumatch 31-e5","31-e5","#87a9bd"
"Trumatch 31-a1","31-a1","#0095ce"
"Trumatch 31-b1","31-b1","#00a1d4"
"Trumatch 31-c1","31-c1","#54b1db"
"Trumatch 31-d1","31-d1","#82bfe0"
"Trumatch 31-e1","31-e1","#a5cfe7"
"Trumatch 31-f1","31-f1","#c6ddec"
"Trumatch 31-d6","31-d6","#6694ad"
"Trumatch 31-e6","31-e6","#80a0b2"
"Trumatch 31-a2","31-a2","#008ec5"
"Trumatch 31-b2","31-b2","#009aca"
"Trumatch 31-c2","31-c2","#51a9d0"
"Trumatch 31-d2","31-d2","#7cb6d6"
"Trumatch 31-e2","31-e2","#9ec5dc"
"Trumatch 31-a5","31-a5","#007ba9"
"Trumatch 31-b5","31-b5","#0084ad"
"Trumatch 31-c5","31-c5","#4891b2"
"Trumatch 31-a3","31-a3","#0088bc"
"Trumatch 31-b3","31-b3","#0093c1"
"Trumatch 31-c3","31-c3","#4ea1c7"
"Trumatch 31-d3","31-d3","#77aecc"
"Trumatch 31-e3","31-e3","#96bcd2"
"Trumatch 31-a6","31-a6","#0074a0"
"Trumatch 31-b6","31-b6","#007da3"
"Trumatch 31-c6","31-c6","#4589a8"
"Trumatch 31-a4","31-a4","#0082b3"
"Trumatch 31-b4","31-b4","#008cb7"
"Trumatch 31-c4","31-c4","#4b99bd"
"Trumatch 31-d4","31-d4","#71a6c2"
"Trumatch 31-e4","31-e4","#8fb3c8"
"Trumatch 31-a7","31-a7","#006e96"
"Trumatch 31-b7","31-b7","#03769a"
"Trumatch 31-c7","31-c7","#42819e"
"Trumatch 32-a","32-a","#0096d3"
"Trumatch 32-b","32-b","#00a4da"
"Trumatch 32-c","32","#54b4e1"
"Trumatch 32-d","32-d","#84c4e7"
"Trumatch 32-e","32-e","#acd5ee"
"Trumatch 32-f","32-f","#cce4f4"
"Trumatch 32-g","32-g","#ecf4fb"
"Trumatch 32-h","32-h","#f4f9fd"
"Trumatch 32-a1","32-a1","#0090cb"
"Trumatch 32-b1","32-b1","#009ed1"
"Trumatch 32-c1","32-c1","#51acd7"
"Trumatch 32-d1","32-d1","#7fbcde"
"Trumatch 32-e1","32-e1","#a5cce5"
"Trumatch 32-f1","32-f1","#c4dbeb"
"Trumatch 32-d5","32-d5","#6999b5"
"Trumatch 32-e5","32-e5","#87a7bb"
"Trumatch 32-a2","32-a2","#008ac2"
"Trumatch 32-b2","32-b2","#0096c7"
"Trumatch 32-c2","32-c2","#4ea4cd"
"Trumatch 32-d2","32-d2","#79b3d4"
"Trumatch 32-e2","32-e2","#9ec3da"
"Trumatch 32-a5","32-a5","#0077a6"
"Trumatch 32-b5","32-b5","#0081ab"
"Trumatch 32-c5","32-c5","#468db0"
"Trumatch 32-a3","32-a3","#0084b9"
"Trumatch 32-b3","32-b3","#0090be"
"Trumatch 32-c3","32-c3","#4b9dc4"
"Trumatch 32-d3","32-d3","#74abca"
"Trumatch 32-e3","32-e3","#97bad0"
"Trumatch 32-a6","32-a6","#00719e"
"Trumatch 32-b6","32-b6","#007ba2"
"Trumatch 32-c6","32-c6","#4385a6"
"Trumatch 32-a4","32-a4","#007eb0"
"Trumatch 32-b4","32-b4","#0089b5"
"Trumatch 32-c4","32-c4","#4995ba"
"Trumatch 32-d4","32-d4","#6fa3c0"
"Trumatch 32-e4","32-e4","#8fb1c6"
"Trumatch 32-a7","32-a7","#006a94"
"Trumatch 32-b7","32-b7","#037398"
"Trumatch 32-c7","32-c7","#407d9c"
"Trumatch 33-a","33-a","#0098d2"
"Trumatch 33-b","33-b","#45a7d9"
"Trumatch 33-c","33","#73b5df"
"Trumatch 33-d","33-d","#98c5e6"
"Trumatch 33-e","33-e","#b6d4ed"
"Trumatch 33-f","33-f","#d3e5f4"
"Trumatch 33-g","33-g","#eef5fb"
"Trumatch 33-h","33-h","#f7fafd"
"Trumatch 33-a1","33-a1","#0092c9"
"Trumatch 33-b1","33-b1","#43a0d0"
"Trumatch 33-c1","33-c1","#6eaed6"
"Trumatch 33-d1","33-d1","#92bddd"
"Trumatch 33-e1","33-e1","#afcce4"
"Trumatch 33-f1","33-f1","#cadceb"
"Trumatch 33-d5","33-d5","#789ab4"
"Trumatch 33-e5","33-e5","#8fa7ba"
"Trumatch 33-a2","33-a2","#008cc0"
"Trumatch 33-b2","33-b2","#4099c6"
"Trumatch 33-c2","33-c2","#6aa5cc"
"Trumatch 33-d2","33-d2","#8bb4d3"
"Trumatch 33-e2","33-e2","#a7c3d9"
"Trumatch 33-a5","33-a5","#0078a5"
"Trumatch 33-b5","33-b5","#3b83aa"
"Trumatch 33-c5","33-c5","#5c8eaf"
"Trumatch 33-a3","33-a3","#0085b7"
"Trumatch 33-b3","33-b3","#3e92bd"
"Trumatch 33-c3","33-c3","#659ec3"
"Trumatch 33-d3","33-d3","#85acc9"
"Trumatch 33-e3","33-e3","#9fbacf"
"Trumatch 33-a6","33-a6","#00729c"
"Trumatch 33-b6","33-b6","#397ca0"
"Trumatch 33-c6","33-c6","#5786a5"
"Trumatch 33-a4","33-a4","#007fae"
"Trumatch 33-b4","33-b4","#3c8bb4"
"Trumatch 33-c4","33-c4","#6196b9"
"Trumatch 33-d4","33-d4","#7fa3bf"
"Trumatch 33-e4","33-e4","#97b1c5"
"Trumatch 33-a7","33-a7","#006b92"
"Trumatch 33-b7","33-b7","#377597"
"Trumatch 33-c7","33-c7","#537e9b"
"Trumatch 34-a","34-a","#0074ba"
"Trumatch 34-b","34-b","#0086c4"
"Trumatch 34-c","34","#4797cd"
"Trumatch 34-d","34-d","#7aacd8"
"Trumatch 34-e","34-e","#a3c2e3"
"Trumatch 34-f","34-f","#c7d9ee"
"Trumatch 34-g","34-g","#e9f0f9"
"Trumatch 34-h","34-h","#f4f8fc"
"Trumatch 34-a1","34-a1","#0070b3"
"Trumatch 34-b1","34-b1","#0080bc"
"Trumatch 34-c1","34-c1","#4491c5"
"Trumatch 34-d1","34-d1","#75a5cf"
"Trumatch 34-e1","34-e1","#9cbbda"
"Trumatch 34-f1","34-f1","#bfd0e5"
"Trumatch 34-d5","34-d5","#6187a9"
"Trumatch 34-e5","34-e5","#8098b2"
"Trumatch 34-a2","34-a2","#006cab"
"Trumatch 34-b2","34-b2","#007bb4"
"Trumatch 34-c2","34-c2","#428abc"
"Trumatch 34-d2","34-d2","#709dc6"
"Trumatch 34-e2","34-e2","#95b2d0"
"Trumatch 34-a5","34-a5","#005e94"
"Trumatch 34-b5","34-b5","#006a9a"
"Trumatch 34-c5","34-c5","#3b76a1"
"Trumatch 34-a3","34-a3","#0067a4"
"Trumatch 34-b3","34-b3","#0075ab"
"Trumatch 34-c3","34-c3","#4084b3"
"Trumatch 34-d3","34-d3","#6b96bd"
"Trumatch 34-e3","34-e3","#8faac7"
"Trumatch 34-a6","34-a6","#00598c"
"Trumatch 34-b6","34-b6","#006492"
"Trumatch 34-c6","34-c6","#397098"
"Trumatch 34-a4","34-a4","#00639c"
"Trumatch 34-b4","34-b4","#0070a3"
"Trumatch 34-c4","34-c4","#3e7daa"
"Trumatch 34-d4","34-d4","#668fb3"
"Trumatch 34-e4","34-e4","#88a1bd"
"Trumatch 34-a7","34-a7","#005484"
"Trumatch 34-b7","34-b7","#005f8a"
"Trumatch 34-c7","34-c7","#38698f"
"Trumatch 35-a","35-a","#0069b0"
"Trumatch 35-b","35-b","#007abb"
"Trumatch 35-c","35","#4e8ec6"
"Trumatch 35-d","35-d","#7ca5d3"
"Trumatch 35-e","35-e","#a4bddf"
"Trumatch 35-f","35-f","#c7d4eb"
"Trumatch 35-g","35-g","#e9edf7"
"Trumatch 35-h","35-h","#f4f6fb"
"Trumatch 35-a1","35-a1","#0065a9"
"Trumatch 35-b1","35-b1","#0076b3"
"Trumatch 35-c1","35-c1","#4b88be"
"Trumatch 35-d1","35-d1","#779eca"
"Trumatch 35-e1","35-e1","#9db5d6"
"Trumatch 35-f1","35-f1","#bfcbe2"
"Trumatch 35-d5","35-d5","#6381a5"
"Trumatch 35-e5","35-e5","#8194af"
"Trumatch 35-a2","35-a2","#0061a2"
"Trumatch 35-b2","35-b2","#0170ab"
"Trumatch 35-c2","35-c2","#4882b5"
"Trumatch 35-d2","35-d2","#7297c1"
"Trumatch 35-e2","35-e2","#96accc"
"Trumatch 35-a5","35-a5","#00558c"
"Trumatch 35-b5","35-b5","#106193"
"Trumatch 35-c5","35-c5","#406f9c"
"Trumatch 35-a3","35-a3","#005d9b"
"Trumatch 35-b3","35-b3","#076ba3"
"Trumatch 35-c3","35-c3","#467cad"
"Trumatch 35-d3","35-d3","#6d90b8"
"Trumatch 35-e3","35-e3","#8fa4c3"
"Trumatch 35-a6","35-a6","#005185"
"Trumatch 35-b6","35-b6","#135c8c"
"Trumatch 35-c6","35-c6","#3e6993"
"Trumatch 35-a4","35-a4","#005994"
"Trumatch 35-b4","35-b4","#0b679c"
"Trumatch 35-c4","35-c4","#4376a5"
"Trumatch 35-d4","35-d4","#6888af"
"Trumatch 35-e4","35-e4","#889dba"
"Trumatch 35-a7","35-a7","#004d7e"
"Trumatch 35-b7","35-b7","#165783"
"Trumatch 35-c7","35-c7","#3c638a"
"Trumatch 36-a","36-a","#0057a0"
"Trumatch 36-b","36-b","#2d69ac"
"Trumatch 36-c","36","#5880bb"
"Trumatch 36-d","36-d","#8098ca"
"Trumatch 36-e","36-e","#a4b4d9"
"Trumatch 36-f","36-f","#c7cee7"
"Trumatch 36-g","36-g","#e9ebf6"
"Trumatch 36-h","36-h","#f4f4fa"
"Trumatch 36-a1","36-a1","#00549a"
"Trumatch 36-b1","36-b1","#2c65a5"
"Trumatch 36-c1","36-c1","#547ab3"
"Trumatch 36-d1","36-d1","#7a92c1"
"Trumatch 36-e1","36-e1","#9eacd0"
"Trumatch 36-f1","36-f1","#bec6de"
"Trumatch 36-d5","36-d5","#65769e"
"Trumatch 36-e5","36-e5","#818caa"
"Trumatch 36-a2","36-a2","#005194"
"Trumatch 36-b2","36-b2","#2b619e"
"Trumatch 36-c2","36-c2","#5175ab"
"Trumatch 36-d2","36-d2","#758bb8"
"Trumatch 36-e2","36-e2","#96a4c7"
"Trumatch 36-a5","36-a5","#004780"
"Trumatch 36-b5","36-b5","#295488"
"Trumatch 36-c5","36-c5","#476493"
"Trumatch 36-a3","36-a3","#004e8d"
"Trumatch 36-b3","36-b3","#2b5c97"
"Trumatch 36-c3","36-c3","#4e6fa3"
"Trumatch 36-d3","36-d3","#7084b0"
"Trumatch 36-e3","36-e3","#8f9cbd"
"Trumatch 36-a6","36-a6","#00457a"
"Trumatch 36-b6","36-b6","#295081"
"Trumatch 36-c6","36-c6","#445f8b"
"Trumatch 36-a4","36-a4","#004b87"
"Trumatch 36-b4","36-b4","#2a5890"
"Trumatch 36-c4","36-c4","#4b6a9c"
"Trumatch 36-d4","36-d4","#6b7ea7"
"Trumatch 36-e4","36-e4","#8895b4"
"Trumatch 36-a7","36-a7","#004174"
"Trumatch 36-b7","36-b7","#284c7a"
"Trumatch 36-c7","36-c7","#415983"
"Trumatch 37-a","37-a","#5485bf"
"Trumatch 37-b","37-b","#7096c9"
"Trumatch 37-c","37","#8ea7d2"
"Trumatch 37-d","37-d","#a7b9dc"
"Trumatch 37-e","37-e","#c1cce6"
"Trumatch 37-f","37-f","#d7dff0"
"Trumatch 37-g","37-g","#f0f3f9"
"Trumatch 37-h","37-h","#f7f9fc"
"Trumatch 37-a1","37-a1","#5180b8"
"Trumatch 37-b1","37-b1","#6c90c1"
"Trumatch 37-c1","37-c1","#88a0ca"
"Trumatch 37-d1","37-d1","#a0b1d3"
"Trumatch 37-e1","37-e1","#b9c4dd"
"Trumatch 37-f1","37-f1","#ced6e6"
"Trumatch 37-d5","37-d5","#8390ad"
"Trumatch 37-e5","37-e5","#97a0b5"
"Trumatch 37-a2","37-a2","#4e7aaf"
"Trumatch 37-b2","37-b2","#6789b8"
"Trumatch 37-c2","37-c2","#8298c0"
"Trumatch 37-d2","37-d2","#99a9ca"
"Trumatch 37-e2","37-e2","#b0bbd3"
"Trumatch 37-a5","37-a5","#456896"
"Trumatch 37-b5","37-b5","#5a759e"
"Trumatch 37-c5","37-c5","#7082a5"
"Trumatch 37-a3","37-a3","#4b74a7"
"Trumatch 37-b3","37-b3","#6382b0"
"Trumatch 37-c3","37-c3","#7c91b8"
"Trumatch 37-d3","37-d3","#92a1c0"
"Trumatch 37-e3","37-e3","#a8b2c9"
"Trumatch 37-a6","37-a6","#42638e"
"Trumatch 37-b6","37-b6","#556f95"
"Trumatch 37-c6","37-c6","#6a7b9c"
"Trumatch 37-a4","37-a4","#486f9f"
"Trumatch 37-b4","37-b4","#5e7ca7"
"Trumatch 37-c4","37-c4","#768aaf"
"Trumatch 37-d4","37-d4","#8b99b7"
"Trumatch 37-e4","37-e4","#a0a9c0"
"Trumatch 37-a7","37-a7","#3f5d86"
"Trumatch 37-b7","37-b7","#51688c"
"Trumatch 37-c7","37-c7","#647392"
"Trumatch 38-a","38-a","#223c8a"
"Trumatch 38-b","38-b","#464c95"
"Trumatch 38-c","38","#6463a5"
"Trumatch 38-d","38-d","#8582b9"
"Trumatch 38-e","38-e","#a6a3ce"
"Trumatch 38-f","38-f","#c7c4e1"
"Trumatch 38-g","38-g","#e8e6f2"
"Trumatch 38-h","38-h","#f4f2f9"
"Trumatch 38-a1","38-a1","#213b85"
"Trumatch 38-b1","38-b1","#444a90"
"Trumatch 38-c1","38-c1","#60609f"
"Trumatch 38-d1","38-d1","#7f7db2"
"Trumatch 38-e1","38-e1","#9f9cc5"
"Trumatch 38-f1","38-f1","#bebcd8"
"Trumatch 38-g1","38-g1","#dedde9"
"Trumatch 38-d5","38-d5","#696692"
"Trumatch 38-a2","38-a2","#213a80"
"Trumatch 38-b2","38-b2","#41478a"
"Trumatch 38-c2","38-c2","#5c5b97"
"Trumatch 38-d2","38-d2","#7977aa"
"Trumatch 38-e2","38-e2","#9795bc"
"Trumatch 38-a5","38-a5","#213570"
"Trumatch 38-b5","38-b5","#3b3f78"
"Trumatch 38-c5","38-c5","#514f83"
"Trumatch 38-a3","38-a3","#21387b"
"Trumatch 38-b3","38-b3","#3f4584"
"Trumatch 38-c3","38-c3","#595791"
"Trumatch 38-d3","38-d3","#7471a2"
"Trumatch 38-e3","38-e3","#908eb3"
"Trumatch 38-a6","38-a6","#21336b"
"Trumatch 38-b6","38-b6","#393d72"
"Trumatch 38-c6","38-c6","#4d4b7c"
"Trumatch 38-a4","38-a4","#203776"
"Trumatch 38-b4","38-b4","#3d427e"
"Trumatch 38-c4","38-c4","#55538a"
"Trumatch 38-d4","38-d4","#6f6c9a"
"Trumatch 38-e4","38-e4","#8987ab"
"Trumatch 38-a7","38-a7","#223266"
"Trumatch 38-b7","38-b7","#373a6c"
"Trumatch 38-c7","38-c7","#4a4775"
"Trumatch 39-a","39-a","#603383"
"Trumatch 39-b","39-b","#764790"
"Trumatch 39-c","39","#8b62a2"
"Trumatch 39-d","39-d","#a383b8"
"Trumatch 39-e","39-e","#b9a5cd"
"Trumatch 39-f","39-f","#d4c7e1"
"Trumatch 39-g","39-g","#ede8f3"
"Trumatch 39-h","39-h","#f6f2f8"
"Trumatch 39-a1","39-a1","#5d327e"
"Trumatch 39-b1","39-b1","#72458b"
"Trumatch 39-c1","39-c1","#865e9b"
"Trumatch 39-d1","39-d1","#9c7eb0"
"Trumatch 39-e1","39-e1","#b29ec5"
"Trumatch 39-f1","39-f1","#cbbfd8"
"Trumatch 39-g1","39-g1","#e3dfe9"
"Trumatch 39-d5","39-d5","#806790"
"Trumatch 39-a2","39-a2","#593179"
"Trumatch 39-b2","39-b2","#6d4385"
"Trumatch 39-c2","39-c2","#805a95"
"Trumatch 39-d2","39-d2","#9578a8"
"Trumatch 39-e2","39-e2","#a997bc"
"Trumatch 39-a5","39-a5","#4f2d6a"
"Trumatch 39-b5","39-b5","#5f3b74"
"Trumatch 39-c5","39-c5","#6e4e80"
"Trumatch 39-a3","39-a3","#563074"
"Trumatch 39-b3","39-b3","#68407f"
"Trumatch 39-c3","39-c3","#7a568e"
"Trumatch 39-d3","39-d3","#8e72a1"
"Trumatch 39-e3","39-e3","#a190b3"
"Trumatch 39-a6","39-a6","#4c2c65"
"Trumatch 39-b6","39-b6","#5b396e"
"Trumatch 39-c6","39-c6","#694a79"
"Trumatch 39-a4","39-a4","#532f70"
"Trumatch 39 b4","39-b4","#643e7a"
"Trumatch 39-c4","39-c4","#745287"
"Trumatch 39-d4","39-d4","#876d99"
"Trumatch 39-e4","39-e4","#9988aa"
"Trumatch 39-a7","39-a7","#492b60"
"Trumatch 39-b7","39-b7","#563668"
"Trumatch 39-c7","39-c7","#634672"
"Trumatch 40-a","40-a","#9663a2"
"Trumatch 40-b","40-b","#a479b1"
"Trumatch 40-c","40","#b392c1"
"Trumatch 40-d","40-d","#c2a9cf"
"Trumatch 40-e","40-e","#d1c1dd"
"Trumatch 40-f","40-f","#e3d7ea"
"Trumatch 40-g","40-g","#f3eff7"
"Trumatch 40-h","40-h","#faf7fb"
"Trumatch 40-a1","40-a1","#905f9c"
"Trumatch 40-b1","40-b1","#9d74a9"
"Trumatch 40-c1","40-c1","#ac8cb9"
"Trumatch 40-d1","40-d1","#b9a2c7"
"Trumatch 40-e1","40-e1","#c8b9d4"
"Trumatch 40-f1","40-f1","#d9cfe1"
"Trumatch 40-g1","40-g1","#e9e6ed"
"Trumatch 40-d5","40-d5","#9784a3"
"Trumatch 40-a2","40-a2","#895b95"
"Trumatch 40-b2","40-b2","#966fa2"
"Trumatch 40-c2","40-c2","#a386b1"
"Trumatch 40-d2","40-d2","#b19bbe"
"Trumatch 40-e2","40-e2","#beb1cb"
"Trumatch 40-a5","40-a5","#764f80"
"Trumatch 40-b5","40-b5","#805f8b"
"Trumatch 40-c5","40-c5","#8c7297"
"Trumatch 40-a3","40-a3","#83578e"
"Trumatch 40-b3","40-b3","#8f6a9a"
"Trumatch 40-c3","40-c3","#9c80a8"
"Trumatch 40-d3","40-d3","#a893b5"
"Trumatch 40-e3","40-e3","#b5a8c2"
"Trumatch 40-a6","40-a6","#704b7a"
"Trumatch 40-b6","40-b6","#7a5a84"
"Trumatch 40-c6","40-c6","#846d8f"
"Trumatch 40-a4","40-a4","#7d5388"
"Trumatch 40-b4","40-b4","#886593"
"Trumatch 40-c4","40-c4","#9479a0"
"Trumatch 40-d4","40-d4","#a08cac"
"Trumatch 40-e4","40-e4","#aca0b8"
"Trumatch 40-a7","40-a7","#6a4773"
"Trumatch 40-b7","40-b7","#73557c"
"Trumatch 40-c7","40-c7","#7c6687"
"Trumatch 41-a","41-a","#a55b9c"
"Trumatch 41-b","41-b","#b073ac"
"Trumatch 41-c","41","#bd8dbc"
"Trumatch 41-d","41-d","#c9a7cd"
"Trumatch 41-e","41-e","#d7bfdb"
"Trumatch 41-f","41-f","#e5d7e9"
"Trumatch 41-g","41-g","#f5eff6"
"Trumatch 41-a1","41-a1","#9e5896"
"Trumatch 41-b1","41-b1","#a86fa5"
"Trumatch 41-c1","41-c1","#b587b4"
"Trumatch 41-d1","41-d1","#c1a0c5"
"Trumatch 41-e1","41-e1","#ceb7d3"
"Trumatch 41-f1","41-f1","#dbcee0"
"Trumatch 41-g1","41-g1","#ebe5ed"
"Trumatch 41-d5","41-d5","#9d83a1"
"Trumatch 41-a2","41-a2","#96548f"
"Trumatch 41-b2","41-b2","#a06a9d"
"Trumatch 41-c2","41-c2","#ad81ac"
"Trumatch 41-d2","41-d2","#b799bc"
"Trumatch 41-e2","41-e2","#c4afc9"
"Trumatch 41-a5","41-a5","#81497c"
"Trumatch 41-b5","41-b5","#895b87"
"Trumatch 41-c5","41-c5","#936f94"
"Trumatch 41-a3","41-a3","#8f5089"
"Trumatch 41-b3","41-b3","#996596"
"Trumatch 41-c3","41-c3","#a47ba5"
"Trumatch 41-d3","41-d3","#af92b3"
"Trumatch 41-e3","41-e3","#bba7c0"
"Trumatch 41-a6","41-a6","#7a4675"
"Trumatch 41-b6","41-b6","#825680"
"Trumatch 41-c6","41-c6","#8b698c"
"Trumatch 41-a4","41-a4","#894d83"
"Trumatch 41-b4","41-b4","#91608f"
"Trumatch 41-c4","41-c4","#9c759d"
"Trumatch 41-d4","41-d4","#a68baa"
"Trumatch 41-e4","41-e4","#b19fb7"
"Trumatch 41-a7","41-a7","#74426f"
"Trumatch 41-b7","41-b7","#7a5279"
"Trumatch 41-c7","41-c7","#836384"
"Trumatch 42-a","42-a","#c073aa"
"Trumatch 42-b","42-b","#c88bba"
"Trumatch 42-c","42","#d1a0c7"
"Trumatch 42-d","42-d","#dab5d5"
"Trumatch 42-e","42-e","#e3cae1"
"Trumatch 42-f","42-f","#eddeed"
"Trumatch 42-g","42-g","#f7f1f7"
"Trumatch 42-h","42-h","#fcf9fc"
"Trumatch 42-a1","42-a1","#b86fa4"
"Trumatch 42-b1","42-b1","#c086b3"
"Trumatch 42-c1","42-c1","#c89abf"
"Trumatch 42-d1","42-d1","#d1aecc"
"Trumatch 42-e1","42-e1","#dac2d8"
"Trumatch 42-f1","42-f1","#e3d5e4"
"Trumatch 42-g1","42-g1","#ede7ee"
"Trumatch 42-d5","42-d5","#a98ea8"
"Trumatch 42-a2","42-a2","#af6a9c"
"Trumatch 42-b2","42-b2","#b67faa"
"Trumatch 42-c2","42-c2","#bf93b7"
"Trumatch 42-d2","42-d2","#c7a6c3"
"Trumatch 42-e2","42-e2","#cfb9cf"
"Trumatch 42-a5","42-a5","#965c87"
"Trumatch 42-b5","42-b5","#9c6e93"
"Trumatch 42-c5","42-c5","#a37e9d"
"Trumatch 42-a3","42-a3","#a76596"
"Trumatch 42-b3","42-b3","#ae7aa3"
"Trumatch 42-c3","42-c3","#b68cae"
"Trumatch 42-d3","42-d3","#bd9eba"
"Trumatch 42-e3","42-e3","#c5b1c5"
"Trumatch 42-a6","42-a6","#8e5780"
"Trumatch 42-b6","42-b6","#93688b"
"Trumatch 42-c6","42-c6","#997895"
"Trumatch 42-a4","42-a4","#9f618f"
"Trumatch 42-b4","42-b4","#a5749b"
"Trumatch 42-c4","42-c4","#ac85a6"
"Trumatch 40-d4","40-d4","#b497b1"
"Trumatch 42-e4","42-e4","#bba8bc"
"Trumatch 42-a7","42-a7","#855278"
"Trumatch 42-b7","42-b7","#8a6283"
"Trumatch 42-c7","42-c7","#90708c"
"Trumatch 43-a","43-a","#e591bb"
"Trumatch 43-b","43-b","#e9a3c7"
"Trumatch 43-c","43","#ecb5d3"
"Trumatch 43-d","43-d","#f0c7dd"
"Trumatch 43-e","43-e","#f4d6e7"
"Trumatch 43-f","43-f","#f8e5f0"
"Trumatch 43-g","43-g","#fbf4f9"
"Trumatch 43-a1","43-a1","#db8cb4"
"Trumatch 43-b1","43-b1","#df9dc0"
"Trumatch 43-c1","43-c1","#e2aeca"
"Trumatch 43-d1","43-d1","#e6bfd5"
"Trumatch 43-e1","43-e1","#e9cede"
"Trumatch 43-f1","43-f1","#eddce7"
"Trumatch 43-g1","43-g1","#f1ebef"
"Trumatch 43-d5","43-d5","#ba9caf"
"Trumatch 43-a2","43-a2","#d085ac"
"Trumatch 43-b2","43-b2","#d496b7"
"Trumatch 43-c2","43-c2","#d7a6c1"
"Trumatch 43-d2","43-d2","#dab6cb"
"Trumatch 43-e2","43-e2","#dec5d4"
"Trumatch 43-a5","43-a5","#b17395"
"Trumatch 43-b5","43-b5","#b4819e"
"Trumatch 43-c5","43-c5","#b78fa6"
"Trumatch 43-a3","43-a3","#c680a5"
"Trumatch 43-b3","43-b3","#c98faf"
"Trumatch 43-c3","43-c3","#cc9eb9"
"Trumatch 43-d3","43-d3","#d0aec2"
"Trumatch 43-e3","43-e3","#d3bccb"
"Trumatch 43-a6","43-a6","#a76e8d"
"Trumatch 43-b6","43-b6","#aa7b95"
"Trumatch 43-c6","43-c6","#ac879d"
"Trumatch 43-a4","43-a4","#bc7a9d"
"Trumatch 43-b4","43-b4","#bf89a7"
"Trumatch 43-c4","43-c4","#c297b0"
"Trumatch 43-d4","43-d4","#c5a5b9"
"Trumatch 43-e4","43-e4","#c8b3c1"
"Trumatch 43-a7","43-a7","#9d6784"
"Trumatch 43-b7","43-b7","#a0748c"
"Trumatch 43-c7","43-c7","#a27f94"
"Trumatch 44-a","44-a","#b61b7e"
"Trumatch 44-b","44-b","#c0468f"
"Trumatch 44-c","44","#ca69a3"
"Trumatch 44-d","44-d","#d48dba"
"Trumatch 44-e","44-e","#dfafd0"
"Trumatch 44-f","44-f","#ebcee3"
"Trumatch 44-g","44-g","#f6ebf4"
"Trumatch 44-h","44-h","#faf4f9"
"Trumatch 44-a1","44-a1","#ae1c7a"
"Trumatch 44-b1","44-b1","#b8448a"
"Trumatch 44-c1","44-c1","#c1659d"
"Trumatch 44-d1","44-d1","#cb88b3"
"Trumatch 44-e1","44-e1","#d5a8c8"
"Trumatch 44-f1","44-f1","#e1c6da"
"Trumatch 44-g1","44-g1","#ece2ea"
"Trumatch 44-d5","44-d5","#a47093"
"Trumatch 44-a2","44-a2","#a71d75"
"Trumatch 44-b2","44-b2","#af4284"
"Trumatch 44-c2","44-c2","#b86196"
"Trumatch 44-d2","44-d2","#c182ab"
"Trumatch 44-e2","44-e2","#cba0bf"
"Trumatch 44-a5","44-a5","#901f66"
"Trumatch 44-b5","44-b5","#963b73"
"Trumatch 44-c5","44-c5","#9d5482"
"Trumatch 44-a3","44-a3","#9f1e70"
"Trumatch 44-b3","44-b3","#a73f7f"
"Trumatch 44-c3","44-c3","#af5d90"
"Trumatch 44-d3","44-d3","#b87ca4"
"Trumatch 44-e3","44-e3","#c199b6"
"Trumatch 44-a6","44-a6","#891f61"
"Trumatch 44-b6","44-b6","#8e396d"
"Trumatch 44-c6","44-c6","#95517b"
"Trumatch 44-a4","44-a4","#981e6b"
"Trumatch 44-b4","44-b4","#9f3d79"
"Trumatch 44-c4","44-c4","#a75989"
"Trumatch 44-d4","44-d4","#ae769c"
"Trumatch 44-e4","44-e4","#b792ae"
"Trumatch 44-a7","44-a7","#81205c"
"Trumatch 44-b7","44-b7","#863767"
"Trumatch 44-c7","44-c7","#8c4d74"
"Trumatch 45-a","45-a","#ef87b0"
"Trumatch 45-b","45-b","#f29cbe"
"Trumatch 45-c","45","#f4b1cb"
"Trumatch 45-d","45-d","#f7c3d8"
"Trumatch 45-e","45-e","#f9d5e3"
"Trumatch 45-f","45-f","#fce5ee"
"Trumatch 45-d5","45-d5","#bf9aab"
"Trumatch 45-e5","45-e5","#c1a7b3"
"Trumatch 45-a1","45-a1","#e582aa"
"Trumatch 45-b1","45-b1","#e796b7"
"Trumatch 45-c1","45-c1","#eaaac4"
"Trumatch 45-d1","45-d1","#ecbcd0"
"Trumatch 45-e1","45-e1","#eeccda"
"Trumatch 45-f1","45-f1","#f1dce5"
"Trumatch 45-d6","45-d6","#b492a2"
"Trumatch 45-e6","45-e6","#b69eaa"
"Trumatch 45-a2","45-a2","#da7da2"
"Trumatch 45-b2","45-b2","#dc90af"
"Trumatch 45-c2","45-c2","#dea2bb"
"Trumatch 45-d2","45-d2","#e0b3c7"
"Trumatch 45-e2","45-e2","#e3c3d0"
"Trumatch 45-a5","45-a5","#b96c8c"
"Trumatch 45-b5","45-b5","#bb7d97"
"Trumatch 45-c5","45-c5","#bd8ca1"
"Trumatch 45-a3","45-a3","#cf779b"
"Trumatch 45-b3","45-b3","#d18aa8"
"Trumatch 45-c3","45-c3","#d39bb3"
"Trumatch 45-d3","45-d3","#d6abbe"
"Trumatch 45-e3","45-e3","#d8bac7"
"Trumatch 45-a6","45-a6","#af6785"
"Trumatch 45-b6","45-b6","#b0768f"
"Trumatch 45-c6","45-c6","#b28499"
"Trumatch 45-a4","45-a4","#c57294"
"Trumatch 45-b4","45-b4","#c784a0"
"Trumatch 45-c4","45-c4","#c994aa"
"Trumatch 45-d4","45-d4","#cba3b5"
"Trumatch 45-e4","45-e4","#cdb1be"
"Trumatch 45-a7","45-a7","#a4627d"
"Trumatch 45-b7","45-b7","#a67087"
"Trumatch 45-c7","45-c7","#a77d8f"
"Trumatch 46-a","46-a","#e34f85"
"Trumatch 46-b","46-b","#e86d96"
"Trumatch 46-c","46","#eb8dac"
"Trumatch 46-d","46-d","#f0a9bf"
"Trumatch 46-e","46-e","#f3c2d3"
"Trumatch 46-f","46-f","#f8d9e3"
"Trumatch 46-g","46-g","#fdf1f4"
"Trumatch 46-a1","46-a1","#da4d80"
"Trumatch 46-b1","46-b1","#de6990"
"Trumatch 46-c1","46-c1","#e188a6"
"Trumatch 46-d1","46-d1","#e6a2b8"
"Trumatch 46-e1","46-e1","#e9bacb"
"Trumatch 46-f1","46-f1","#edd0da"
"Trumatch 46-g1","46-g1","#f2e8eb"
"Trumatch 46-d5","46-d5","#ba8698"
"Trumatch 46-a2","46-a2","#cf4b7b"
"Trumatch 46-b2","46-b2","#d3658a"
"Trumatch 46-c2","46-c2","#d6829f"
"Trumatch 46-d2","46-d2","#db9bb0"
"Trumatch 46-e2","46-e2","#ddb2c2"
"Trumatch 46-a5","46-a5","#b1436b"
"Trumatch 46-b5","46-b5","#b45878"
"Trumatch 46-c5","46-c5","#b67189"
"Trumatch 46-a3","46-a3","#c54876"
"Trumatch 46-b3","46-b3","#c96184"
"Trumatch 46-c3","46-c3","#cc7d98"
"Trumatch 46-d3","46-d3","#d094a8"
"Trumatch 46-e3","46-e3","#d3aab9"
"Trumatch 46-a6","46-a6","#a74166"
"Trumatch 46-b6","46-b6","#aa5572"
"Trumatch 46-c6","46-c6","#ac6c82"
"Trumatch 46-a4","46-a4","#bc4671"
"Trumatch 46-b4","46-b4","#bf5d7e"
"Trumatch 46-c4","46-c4","#c17791"
"Trumatch 46-d4","46-d4","#c58da1"
"Trumatch 46-e4","46-e4","#c8a2b1"
"Trumatch 46-a7","46-a7","#9d3e60"
"Trumatch 46-b7","46-b7","#a0516b"
"Trumatch 46-c7","46-c7","#a2657b"
"Trumatch 47-a","47-a","#e24179"
"Trumatch 47-b","47-b","#e7638b"
"Trumatch 47-c","47","#ea83a0"
"Trumatch 47-d","47-d","#f0a2b6"
"Trumatch 47-e","47-e","#f3bdcc"
"Trumatch 47-f","47-f","#f8d7df"
"Trumatch 47-g","47-g","#fdeff3"
"Trumatch 47-h","47-h","#fef8f9"
"Trumatch 47-a1","47-a1","#d84074"
"Trumatch 47-b1","47-b1","#dd6086"
"Trumatch 47-c1","47-c1","#e07e9a"
"Trumatch 47-d1","47-d1","#e59caf"
"Trumatch 47-e1","47-e1","#e8b6c4"
"Trumatch 47-f1","47-f1","#edcfd7"
"Trumatch 47-g1","47-g1","#f2e6e9"
"Trumatch 47-d5","47-d5","#ba8191"
"Trumatch 47-a2","47-a2","#ce3e70"
"Trumatch 47-b2","47-b2","#d25c80"
"Trumatch 47-c2","47-c2","#d57994"
"Trumatch 47-d2","47-d2","#da95a8"
"Trumatch 47-e2","47-e2","#ddaebc"
"Trumatch 47-a5","47-a5","#b03a61"
"Trumatch 47-b5","47-b5","#b3516f"
"Trumatch 47-c5","47-c5","#b56980"
"Trumatch 47-a3","47-a3","#c43d6b"
"Trumatch 47-b3","47-b3","#c8597b"
"Trumatch 47-c3","47-c3","#cb738d"
"Trumatch 47-d3","47-d3","#d08ea0"
"Trumatch 47-e3","47-e3","#d2a6b3"
"Trumatch 47-a6","47-a6","#a6385d"
"Trumatch 47-b6","47-b6","#a94e6a"
"Trumatch 47-c6","47-c6","#ab6479"
"Trumatch 47-a4","47-a4","#ba3b67"
"Trumatch 47-b4","47-b4","#be5575"
"Trumatch 47-c4","47-c4","#c06e87"
"Trumatch 47-d4","47-d4","#c58899"
"Trumatch 47-e4","47-e4","#c89eab"
"Trumatch 47-a7","47-a7","#9c3658"
"Trumatch 47-b7","47-b7","#9f4a64"
"Trumatch 47-c7","47-c7","#a15f72"
"Trumatch 48-a","48-a","#e3007d"
"Trumatch 48-b","48-b","#e8448f"
"Trumatch 48-c","48","#ec6da4"
"Trumatch 48-d","48-d","#f093bc"
"Trumatch 48-e","48-e","#f4b5d2"
"Trumatch 48-f","48-f","#f9d3e4"
"Trumatch 48-g","48-g","#fdeef5"
"Trumatch 48-h","48-h","#fef6fa"
"Trumatch 48-a1","48-a1","#da0078"
"Trumatch 48-b1","48-b1","#de438a"
"Trumatch 48-c1","48-c1","#e26a9e"
"Trumatch 48-d1","48-d1","#e68eb5"
"Trumatch 48-e1","48-e1","#eaaeca"
"Trumatch 48-f1","48-f1","#eecadb"
"Trumatch 48-d5","48-d5","#ba7695"
"Trumatch 48-e5","48-e5","#bd8fa6"
"Trumatch 48-a2","48-a2","#cf0173"
"Trumatch 48-b2","48-b2","#d44284"
"Trumatch 48-c2","48-c2","#d76698"
"Trumatch 48-d2","48-d2","#db88ad"
"Trumatch 48-e2","48-e2","#dea6c1"
"Trumatch 48-a5","48-a5","#b21265"
"Trumatch 48-b5","48-b5","#b53c73"
"Trumatch 48-c5","48-c5","#b75983"
"Trumatch 48-a3","48-a3","#c6086f"
"Trumatch 48-b3","48-b3","#ca407f"
"Trumatch 48-c3","48-c3","#cd6291"
"Trumatch 48-d3","48-d3","#d082a6"
"Trumatch 48-e3","48-e3","#d49fb8"
"Trumatch 48-a6","48-a6","#a81660"
"Trumatch 48-b6","48-b6","#ab3a6d"
"Trumatch 48-c6","48-c6","#ad567d"
"Trumatch 48-a4","48-a4","#bc0e6a"
"Trumatch 48-b4","48-b4","#c03e79"
"Trumatch 48-c4","48-c4","#c35e8b"
"Trumatch 48-d4","48-d4","#c67c9e"
"Trumatch 48-e4","48-e4","#c997af"
"Trumatch 48-a7","48-a7","#9e185b"
"Trumatch 48-b7","48-b7","#a13868"
"Trumatch 48-c7","48-c7","#a35175"
"Trumatch 49-a","49-a","#a2722f"
"Trumatch 49-b","49-b","#b18544"
"Trumatch 49-c","49","#bd985f"
"Trumatch 49-d","49-d","#cbad80"
"Trumatch 49-e","49-e","#d9c3a2"
"Trumatch 49-f","49-f","#e8dac4"
"Trumatch 49-g","49-g","#f5efe7"
"Trumatch 49-h","49-h","#fbf7f3"
"Trumatch 49-a1","49-a1","#9b6d2f"
"Trumatch 49-b1","49-b1","#a97f43"
"Trumatch 49-c1","49-c1","#b5925c"
"Trumatch 49-d1","49-d1","#c2a77c"
"Trumatch 49-e1","49-e1","#d0bb9c"
"Trumatch 49-f1","49-f1","#ded1bd"
"Trumatch 49-d5","49-d5","#9d8867"
"Trumatch 49-e5","49-e5","#a89981"
"Trumatch 49-a2","49-a2","#93692e"
"Trumatch 49-b2","49-b2","#a17a41"
"Trumatch 49-c2","49-c2","#ac8b59"
"Trumatch 49-d2","49-d2","#b99f76"
"Trumatch 49-e2","49-e2","#c6b395"
"Trumatch 49-a5","49-a5","#7e5b2b"
"Trumatch 49-b5","49-b5","#8a693b"
"Trumatch 49-c5","49-c5","#93784e"
"Trumatch 49-a3","49-a3","#8c642d"
"Trumatch 49-b3","49-b3","#99743f"
"Trumatch 49-c3","49-c3","#a48555"
"Trumatch 49-d3","49-d3","#b09771"
"Trumatch 49-e3","49-e3","#bcaa8f"
"Trumatch 49-a6","49-a6","#77572b"
"Trumatch 49-b6","49-b6","#826439"
"Trumatch 49-c6","49-c6","#8a714b"
"Trumatch 49-a4","49-a4","#86602c"
"Trumatch 49-b4","49-b4","#926f3d"
"Trumatch 49-c4","49-c4","#9b7e52"
"Trumatch 49-d4","49-d4","#a7906c"
"Trumatch 49-e4","49-e4","#b3a288"
"Trumatch 49-a7","49-a7","#71522a"
"Trumatch 49-b7","49-b7","#7a5e37"
"Trumatch 49-c7","49-c7","#826b47"
"Trumatch 50-a","50-a","#764333"
"Trumatch 50-b","50-b","#8c5641"
"Trumatch 50-c","50","#9f6e56"
"Trumatch 50-d","50-d","#b38a74"
"Trumatch 50-e","50-e","#c8aa98"
"Trumatch 50-f","50-f","#dcc8bd"
"Trumatch 50-g","50-g","#f0e9e4"
"Trumatch 50-h","50-h","#f8f3f1"
"Trumatch 50-a1","50-a1","#724232"
"Trumatch 50-b1","50-b1","#86533f"
"Trumatch 50-c1","50-c1","#986a54"
"Trumatch 50-d1","50-d1","#ab8570"
"Trumatch 50-e1","50-e1","#bfa392"
"Trumatch 50-f1","50-f1","#d3c0b6"
"Trumatch 50-d5","50-d5","#8b6d5d"
"Trumatch 50-e5","50-e5","#9b8579"
"Trumatch 50-a2","50-a2","#6d4031"
"Trumatch 50-b2","50-b2","#80503d"
"Trumatch 50-c2","50-c2","#916550"
"Trumatch 50-d2","50-d2","#a37f6b"
"Trumatch 50-e2","50-e2","#b69b8c"
"Trumatch 50-a5","50-a5","#5f3a2d"
"Trumatch 50-b5","50-b5","#6f4737"
"Trumatch 50-c5","50-c5","#7d5847"
"Trumatch 50-a3","50-a3","#683e30"
"Trumatch 50-b3","50-b3","#7a4d3b"
"Trumatch 50-c3","50-c3","#8b614d"
"Trumatch 50-d3","50-d3","#9b7967"
"Trumatch 50-e3","50-e3","#ad9486"
"Trumatch 50-a6","50-a6","#5a392c"
"Trumatch 50-b6","50-b6","#694436"
"Trumatch 50-c6","50-c6","#765444"
"Trumatch 50-a4","50-a4","#643c2e"
"Trumatch 50-b4","50-b4","#754a3a"
"Trumatch 50-c4","50-c4","#845d4a"
"Trumatch 50-d4","50-d4","#947362"
"Trumatch 50-e4","50-e4","#a48d7f"
"Trumatch 50-a7","50-a7","#55372b"
"Trumatch 50-b7","50-b7","#634134"
"Trumatch 50-c7","50-c7","#6f5041"
"Trumatch 1-g7","1-g7","#ada6a8"
"Trumatch 1-6g","1-6g","#b9b1b3"
"Trumatch 1-g5","1-g5","#c4bbbd"
"Trumatch 1-g4","1-g4","#d0c7c9"
"Trumatch 1-g3","1-g3","#dbd1d3"
"Trumatch 1-g2","1-g2","#e7dbdc"
"Trumatch 1-h2","1-h2","#e7e1e3"
"Trumatch 1-h1","1-h1","#f3eced"
"Trumatch 5-g7","5-g7","#ada4a2"
"Trumatch 5-g6","5-g6","#b9afad"
"Trumatch 5-g5","5-g5","#c4b9b6"
"Trumatch 5-g4","5-g4","#d0c4c1"
"Trumatch 5-g3","5-g3","#dbceca"
"Trumatch 5-g2","5-g2","#e7d8d4"
"Trumatch 5-h2","5-h2","#e7e1e0"
"Trumatch 5-h1","5-h1","#f3eceb"
"Trumatch 9-g7","9-g7","#aeada9"
"Trumatch 9-g6","9-g6","#bab9b5"
"Trumatch 9-g5","9-g5","#c6c4bf"
"Trumatch 9-g4","9-g4","#d2d0ca"
"Trumatch 9-g3","9-g3","#dddbd4"
"Trumatch 9-g2","9-g2","#e8e5de"
"Trumatch 9-g1","9-g1","#f4f0e8"
"Trumatch 9-h1","9-h1","#f4f2ef"
"Trumatch 13-g7","13-g7","#adaea7"
"Trumatch 13-g6","13-g6","#b9bab1"
"Trumatch 13-g5","13-g5","#c4c5bc"
"Trumatch 13-g4","13-g4","#d0d1c7"
"Trumatch 13-g3","13-g3","#dcdcd0"
"Trumatch 13-g2","13-g2","#e7e7da"
"Trumatch 13-g1","13-g1","#f3f2e4"
"Trumatch 13-h1","13-h1","#f5f4ed"
"Trumatch 17-g7","17-g7","#a9ada8"
"Trumatch 17-g6","17-g6","#b5b8b2"
"Trumatch 17-g5","17-g5","#c0c4bd"
"Trumatch 17-g4","17-g4","#cccfc8"
"Trumatch 17-g3","17-g3","#d7dad1"
"Trumatch 17-g2","17-g2","#e2e5db"
"Trumatch 17-g1","17-g1","#edf0e6"
"Trumatch 17-h1","17-h1","#f1f2ed"
"Trumatch 21-g7","21-g7","#a8adac"
"Trumatch 21-g6","21-g6","#b3b8b7"
"Trumatch 21-g5","21-g5","#bec4c2"
"Trumatch 21-g4","21-g4","#cacfcd"
"Trumatch 21-g3","21-g3","#d5dad7"
"Trumatch 21-g2","21-g2","#dfe4e1"
"Trumatch 21-h2","21-h2","#e3e6e4"
"Trumatch 21-h1","21-h1","#eef1ef"
"Trumatch 25-g7","25-g7","#a4aaac"
"Trumatch 25-g6","25-g6","#afb6b7"
"Trumatch 25-g5","25-g5","#bac1c2"
"Trumatch 25-g4","25-g4","#c5cccd"
"Trumatch 25-g3","25-g3","#cfd7d7"
"Trumatch 25-g2","25-g2","#dae1e1"
"Trumatch 25-h2","25-h2","#e1e6e6"
"Trumatch 25-h1","25-h1","#edf1f1"
"Trumatch 29-g7","29-g7","#a4acad"
"Trumatch 29-g6","29-g6","#afb7b9"
"Trumatch 29-g5","29-g5","#bac2c4"
"Trumatch 29-g4","29-g4","#c5cecf"
"Trumatch 29-g3","29-g3","#cfd8d9"
"Trumatch 29-g2","29-g2","#dae3e3"
"Trumatch 29-h2","29-h2","#e1e6e7"
"Trumatch 29-h1","29-h1","#ecf1f2"
"Trumatch 33-g7","33-g7","#a4aaaf"
"Trumatch 33-g6","33-g6","#aeb5bb"
"Trumatch 33-g5","33-g5","#b9c0c6"
"Trumatch 33-g4","33-g4","#c4ccd1"
"Trumatch 33-g3","33-g3","#cfd6dc"
"Trumatch 33-g2","33-g2","#d9e0e6"
"Trumatch 33-g1","33-g1","#e4ebf1"
"Trumatch 33-h1","33-h1","#ecf0f3"
"Trumatch 37-g7","37-g7","#a4a8ae"
"Trumatch 37-g6","37-g6","#afb4ba"
"Trumatch 37-g5","37-g5","#babec5"
"Trumatch 37-g4","37-g4","#c5cad0"
"Trumatch 37-g3","37-g3","#d0d4db"
"Trumatch 37-g2","37-g2","#dadee5"
"Trumatch 37-g1","37-g1","#e5e9f0"
"Trumatch 37-h1","37-h1","#eceef2"
"Trumatch 41-g7","41-g7","#a8a6ac"
"Trumatch 41-g6","41-g6","#b3b1b7"
"Trumatch 41-g5","41-g5","#bebbc2"
"Trumatch 41-g4","41-g4","#cac7ce"
"Trumatch 41-g3","41-g3","#d5d0d8"
"Trumatch 41-g2","41-g2","#e0dbe2"
"Trumatch 41-h2","41-h2","#e4e2e6"
"Trumatch 41-h1","41-h1","#efedf1"
"Trumatch 45-g7","45-g7","#adaaae"
"Trumatch 45-g6","45-g6","#b9b5ba"
"Trumatch 45-g5","45-g5","#c5c0c4"
"Trumatch 45-g4","45-g4","#d1ccd0"
"Trumatch 45-g3","45-g3","#dcd6da"
"Trumatch 45-g2","45-g2","#e7e0e5"
"Trumatch 45-h2","45-h2","#e8e4e7"
"Trumatch 45-h1","45-h1","#f3f0f2"
"Trumatch 48-g7","48-g7","#ada5ab"
"Trumatch 48-g6","48-g6","#b8b0b6"
"Trumatch 48-g5","48-g5","#c4bac1"
"Trumatch 48-g4","48-g4","#d0c6cc"
"Trumatch 48-g3","48-g3","#dbcfd6"
"Trumatch 48-g2","48-g2","#e6dae1"
"Trumatch 48-h2","48-h2","#e7e1e5"
"Trumatch 48-h1","48-h1","#f3edf0"