"Harmonious Rose","1004-2A","rgb(241, 157, 183)"
"Flower Girl","1005-1C","rgb(243, 152, 175)"
"Sweet Sixteen","1006-2A","rgb(242, 159, 171)"
"Peach Burst","1008-1C","rgb(243, 153, 152)"
"Salmon Rose","2003-3C","rgb(231, 150, 139)"
"Coral Reef","2004-4A","rgb(246, 164, 148)"
"Poppy Petal","2001-1C","rgb(246, 160, 140)"
"Simply Coral","2001-2A","rgb(248, 176, 156)"
"Apricot Jam","2005-4A","rgb(245, 169, 144)"
"Coral Ridge","2003-6A","rgb(229, 158, 133)"
"Iced Berry","1004-1C","rgb(230, 127, 155)"
"So Charming","1005-1B","rgb(234, 125, 150)"
"Poppy Field","1006-1C","rgb(230, 136, 143)"
"Strawberry Pink","2001-3C","rgb(217, 135, 139)"
"Powder Peach","1007-1C","rgb(225, 134, 132)"
"Sweet Melon","1008-1B","rgb(234, 130, 128)"
"Coral Passion","2001-1B","rgb(238, 138, 120)"
"Desert Rose","2004-3C","rgb(231, 146, 127)"
"Sweetly Singing","2005-3C","rgb(225, 142, 120)"
"Orange Slice","2002-1B","rgb(240, 138, 100)"
"Frosty Berry","1003-1B","rgb(221, 118, 153)"
"Peruvian Pom Pom","1006-3C","rgb(206, 124, 148)"
"Reflecting Rose","1007-3B","rgb(214, 128, 149)"
"Passion Pink","1006-1B","rgb(224, 110, 120)"
"Rouge Red","1007-1B","rgb(221, 121, 119)"
"Amber Rose","2003-3B","rgb(219, 132, 120)"
"Flamenco Pink","2004-3B","rgb(218, 120, 103)"
"Ripe Pomegranate","2009-3","rgb(229, 116, 90)"
"Spanish Dancer","2005-3B","rgb(220, 125, 102)"
"Island Orange","2010-2","rgb(230, 108, 53)"
"Hint of Cherry","1004-1B","rgb(218, 104, 132)"
"Pink Burst","1003-1A","rgb(213, 94, 123)"
"Sonora Rose","2002-3B","rgb(200, 108, 109)"
"Cuban Plaza","2001-5B","rgb(196, 114, 111)"
"Blaze Orange","1008-1A","rgb(223, 101, 93)"
"Rhapsody","2002-5C","rgb(194, 123, 113)"
"Ultra Orange","2010-3","rgb(222, 99, 80)"
"Autumn Enchantment","2001-1A","rgb(228, 107, 84)"
"Autumn Blaze","2002-1A","rgb(225, 100, 66)"
"Roasted Squash","2006-3A","rgb(212, 116, 74)"
"Berrylicious","1005-1A","rgb(211, 78, 95)"
"Playful Pink","2001-3B","rgb(192, 110, 113)"
"Scarlet Sun","1011-1","rgb(210, 75, 66)"
"Hacienda Tile","2010-4","rgb(196, 87, 73)"
"Roasted Pumpkin","2005-3A","rgb(205, 102, 81)"
"Vivid Orange","2011-3","rgb(207, 89, 66)"
"Florentine Clay","2003-5B","rgb(184, 116, 99)"
"Fall Leaf","2009-5","rgb(185, 99, 77)"
"Bear Claw","2004-5A","rgb(171, 106, 80)"
"Dark Palomino","2011-2","rgb(194, 101, 61)"
"Very Berry","1002-1A","rgb(185, 85, 121)"
"Deep Sunset","1005-3A","rgb(166, 93, 117)"
"Sienna Dust","1007-3A","rgb(180, 87, 98)"
"Whipped Strawberry","1006-1A","rgb(199, 78, 91)"
"Red Bliss","1010-1","rgb(207, 69, 74)"
"Autumn Fire","1007-1A","rgb(195, 75, 74)"
"Island Salsa","2003-3A","rgb(187, 93, 80)"
"Terra Cotta Red","2004-3A","rgb(194, 88, 74)"
"Orange Maple","2010-5","rgb(179, 89, 67)"
"Cinnamon Cake","3010-6","rgb(169, 98, 69)"
"Berry Blush","1004-1A","rgb(184, 77, 93)"
"Deep Rose","2001-3A","rgb(172, 89, 90)"
"Red Ochre","2011-4","rgb(168, 85, 81)"
"Oh So Red","1009-1","rgb(190, 73, 72)"
"Brick Facade","2002-3A","rgb(178, 85, 80)"
"Lovely Love Song","2009-4","rgb(195, 75, 68)"
"Rare Sienna","2010-7","rgb(167, 88, 76)"
"Fire Orange","2009-7","rgb(179, 85, 69)"
"Crimson Glow","2011-5","rgb(168, 83, 65)"
"Toffee Glaze","3011-6","rgb(154, 95, 69)"
"Radiant Red","1009-3","rgb(143, 56, 65)"
"Cut Ruby","1009-4","rgb(140, 54, 59)"
"Quite Red","1011-3","rgb(148, 53, 60)"
"Bright Red","1010-2","rgb(173, 60, 68)"
"Fabulous Red","1011-2","rgb(151, 62, 65)"
"Classic Red","1009-2","rgb(174, 55, 63)"
"Toasted Cranberry","2001-5A","rgb(164, 85, 77)"
"Decadent Red","2002-5A","rgb(144, 76, 68)"
"Russet Red","2011-7","rgb(148, 79, 67)"
"Autumn Russet","2009-6","rgb(148, 86, 66)"
"Heirloom Red","1010-3","rgb(127, 54, 57)"
"Sassy Peach","2003-2A","rgb(252, 183, 140)"
"Peach Taffy","2006-4A","rgb(246, 186, 147)"
"Orange Taffy","2008-6A","rgb(241, 187, 140)"
"Almond Butter","3001-4A","rgb(241, 193, 141)"
"Hayloft","2006-2A","rgb(252, 196, 132)"
"Apricot Butter","2005-2A","rgb(255, 202, 140)"
"Orange Toffee","2007-1C","rgb(253, 188, 108)"
"Cantaloupe Smile","2007-2A","rgb(255, 196, 121)"
"Whipped Apricot","2007-2B","rgb(255, 213, 153)"
"Peach Tea","3002-3C","rgb(253, 197, 114)"
"Peach Frenzy","2004-2A","rgb(251, 180, 132)"
"Tangerine Cream","2007-3C","rgb(250, 182, 127)"
"Orange Ice","2005-1C","rgb(255, 181, 113)"
"Honey Tea","2008-4A","rgb(238, 180, 122)"
"Orange Cream","2006-1C","rgb(244, 183, 121)"
"Pumpkin Butter","2007-1B","rgb(254, 175, 80)"
"Spun Gold","3001-5C","rgb(235, 184, 128)"
"Spring Squash","2008-1B","rgb(254, 178, 79)"
"Morning Sunrise","3011-2","rgb(255, 178, 52)"
"Afternoon Tea","3002-3B","rgb(244, 182, 91)"
"Ripe Melon","2002-1C","rgb(248, 164, 126)"
"Orange Nut","2004-1C","rgb(246, 163, 112)"
"Apricot Honey","2006-3C","rgb(241, 171, 127)"
"Warm Cider","2003-1C","rgb(244, 174, 128)"
"Tomato Bisque","2008-5C","rgb(233, 171, 119)"
"Toasted Honey","2006-1B","rgb(239, 168, 97)"
"Buttered Hazelnut","3001-3C","rgb(236, 178, 118)"
"Sunset Glow","3009-2","rgb(255, 171, 55)"
"Orange Glow","3001-1A","rgb(255, 169, 0)"
"Pirate's Treasure","3006-5B","rgb(226, 174, 98)"
"Pumpkin Burst","2005-1B","rgb(248, 158, 87)"
"Orange Ochre","2010-1","rgb(243, 156, 78)"
"Butterscotch Sundae","2008-3C","rgb(233, 168, 113)"
"Brioche","3001-5B","rgb(231, 168, 112)"
"Monarch Wing","2008-1A","rgb(249, 159, 59)"
"Frankincense","3002-5C","rgb(218, 169, 119)"
"Safari Sun","3004-5B","rgb(219, 168, 103)"
"Creamy Orange","3005-5B","rgb(218, 172, 111)"
"Ambitious","3005-5C","rgb(216, 175, 119)"
"Caramel Honey","3003-3B","rgb(227, 171, 87)"
"Tangerine","2004-1B","rgb(242, 145, 94)"
"Orange Pecan","2003-1B","rgb(239, 154, 109)"
"Peach Ice Cream","2007-5C","rgb(219, 159, 122)"
"Brushed Orange","2007-3B","rgb(242, 156, 94)"
"Orange Fruit","2011-1","rgb(248, 143, 33)"
"Toffee Cream","3001-3B","rgb(221, 156, 98)"
"Buttercup Squash","2007-1A","rgb(248, 152, 57)"
"Toasted Coffee","2008-3B","rgb(229, 160, 96)"
"Roasted Chestnut","3002-3A","rgb(228, 155, 64)"
"Golden Castle","3004-3A","rgb(227, 160, 49)"
"Toasted Apricot","2006-3B","rgb(227, 143, 102)"
"Laredo","2004-5C","rgb(210, 148, 115)"
"Carrot Cake","2007-3A","rgb(235, 138, 82)"
"Longhorn","2007-5B","rgb(214, 146, 107)"
"Fresh Persimmons","2009-1","rgb(245, 142, 75)"
"Pumpkin Custard","2005-1A","rgb(243, 143, 62)"
"Toasted Pumpkin","2006-1A","rgb(227, 143, 67)"
"Autumn Spice","3003-5B","rgb(205, 150, 92)"
"Poseidon's Gold","3004-5A","rgb(206, 150, 80)"
"Amber Wheat","3003-3A","rgb(218, 154, 64)"
"Autumn Glimmer","2003-1A","rgb(233, 127, 78)"
"Autumn Gala","2004-1A","rgb(235, 123, 69)"
"Patio Stone","2008-5B","rgb(210, 138, 91)"
"Coffee Whip","2008-3A","rgb(215, 136, 78)"
"Canyon Sun","3001-5A","rgb(199, 131, 81)"
"Hazelnut Coffee","3001-3A","rgb(212, 141, 79)"
"Pronghorn","3002-5A","rgb(191, 134, 85)"
"Fancy Suede","3010-5","rgb(194, 135, 77)"
"Butternut Tree","3002-5B","rgb(200, 147, 91)"
"Bugle Call","3006-5A","rgb(207, 149, 74)"
"Cattle Drive","2007-5A","rgb(183, 118, 88)"
"Clove Bud","2004-5B","rgb(195, 129, 98)"
"Caramel Cream","2009-2","rgb(197, 110, 57)"
"Caramel Toffee","3009-7","rgb(180, 123, 77)"
"Wet Riverbanks","3011-4","rgb(182, 121, 61)"
"Amber Sienna","3003-5A","rgb(186, 133, 77)"
"Garden Ochre","3005-5A","rgb(183, 135, 76)"
"Pumpkin Squash","3009-5","rgb(184, 133, 65)"
"Mixed Potpourri","3010-4","rgb(177, 138, 82)"
"Camel Ride","3005-7A","rgb(177, 138, 82)"
"Fiesta","2008-5A","rgb(182, 107, 70)"
"Orange Glaze","3009-6","rgb(182, 106, 62)"
"Autumn Surprise","3011-5","rgb(157, 108, 64)"
"Praline Cake","3004-7A","rgb(164, 121, 77)"
"Toasted Wheat","3001-2B","rgb(255, 221, 151)"
"Peach Tickle","3002-2B","rgb(255, 227, 161)"
"Fruit Compote","3004-2A","rgb(255, 225, 144)"
"Sunglow","3003-2B","rgb(255, 229, 158)"
"Hazy Dawn","3004-2B","rgb(254, 232, 172)"
"Toasted Oat","3005-4A","rgb(249, 224, 152)"
"Like Butter","3005-2A","rgb(254, 229, 156)"
"Tangy Lemon","3006-2A","rgb(254, 226, 132)"
"Lemon Twist","3006-2B","rgb(253, 233, 161)"
"Lemon Curd","3007-2A","rgb(253, 229, 129)"
"Butterscotch Cream","2008-2A","rgb(255, 215, 140)"
"Maple Cream","3003-4B","rgb(253, 221, 168)"
"Toasted Pecan","3002-2A","rgb(255, 218, 137)"
"Honey Glaze","3003-2A","rgb(255, 221, 122)"
"Hint of Honey","3005-1C","rgb(255, 222, 129)"
"Almond Glaze","3005-3C","rgb(250, 219, 133)"
"Yellow Chimes","3011-1","rgb(255, 221, 93)"
"Golden Mist","3007-1C","rgb(251, 221, 100)"
"Late Day Sun","3006-4A","rgb(243, 222, 151)"
"Top Banana","3008-1C","rgb(250, 225, 125)"
"Soft Duckling","3001-2A","rgb(255, 209, 117)"
"Lazy Sun","3006-6A","rgb(250, 215, 158)"
"Brushed Almond","3004-4A","rgb(254, 211, 133)"
"Golden Butter","3002-1C","rgb(255, 210, 119)"
"Summer Wheat","3004-1C","rgb(255, 217, 121)"
"Sunny Jonquil","3010-1","rgb(255, 214, 57)"
"Golden Haze","3006-1C","rgb(248, 216, 102)"
"Sweet Mustard","3008-1B","rgb(251, 217, 80)"
"Pineapple Mousse","3008-3C","rgb(241, 216, 117)"
"Island Sun","3007-3C","rgb(239, 218, 134)"
"Croissant","3002-4A","rgb(248, 206, 140)"
"Dreamy Caramel","3003-4A","rgb(246, 205, 138)"
"Maple Taffy","3004-3C","rgb(254, 202, 109)"
"Bask in the Glow","2008-1C","rgb(247, 204, 124)"
"Golden Promise","3003-1C","rgb(255, 208, 82)"
"Summer Gold","3005-1B","rgb(253, 210, 93)"
"Dandelion Chain","3006-1B","rgb(249, 209, 76)"
"Amber Pearl","3006-3C","rgb(243, 213, 126)"
"Tangy","3008-1A","rgb(251, 209, 43)"
"Golden Yellow","3007-1B","rgb(252, 213, 69)"
"Delightful Moon","3004-6A","rgb(235, 201, 149)"
"Pale Butter","3003-3C","rgb(244, 199, 127)"
"Elizabethan Yellow","3009-1","rgb(255, 195, 62)"
"Chickadee","3002-1B","rgb(255, 195, 77)"
"Golden Spell","3004-1B","rgb(254, 197, 64)"
"Field of Daisies","3003-1B","rgb(255, 200, 67)"
"Sweet Lemon","3006-3B","rgb(242, 200, 94)"
"Golden Delight","3005-1A","rgb(254, 202, 42)"
"Dijon","3006-1A","rgb(247, 200, 47)"
"Yellow Mustard","3007-1A","rgb(250, 205, 3)"
"Golden Chime","3006-5C","rgb(240, 194, 130)"
"Dandelion Wish","3001-1B","rgb(255, 187, 70)"
"Sunspark","3010-2","rgb(255, 188, 46)"
"Gold Tone","3001-1C","rgb(255, 193, 74)"
"Cloudy Sunset","3005-8A","rgb(228, 195, 142)"
"Gold Abundance","3003-1A","rgb(255, 187, 8)"
"Golden Treasure","3004-1A","rgb(252, 193, 61)"
"Sunday Brunch","3005-3B","rgb(236, 196, 85)"
"24 Karats","3008-6A","rgb(223, 198, 134)"
"Fall Meadow","3007-3B","rgb(225, 200, 97)"
"Golden Flame","3002-1A","rgb(255, 180, 28)"
"Golden Moon","3004-3B","rgb(245, 182, 81)"
"Veranda Yellow","3005-6A","rgb(228, 193, 139)"
"Buttered Toffee","3005-3A","rgb(239, 187, 59)"
"Harpswell Green","3007-5C","rgb(221, 191, 133)"
"Mustard Glaze","3006-3A","rgb(228, 187, 83)"
"Heraldic Gold","3010-3","rgb(226, 186, 78)"
"Golden Meadow","3008-3B","rgb(228, 194, 79)"
"Swiftly Green","3008-5C","rgb(221, 196, 123)"
"Crushed Cumin","6008-6A","rgb(216, 196, 120)"
"Lewis Gold","3005-7C","rgb(203, 165, 107)"
"Afternoon Stroll","3004-5C","rgb(223, 182, 116)"
"Earthen Sienna","3007-5B","rgb(201, 167, 104)"
"Butterscotch Lollipop","3011-3","rgb(227, 185, 100)"
"Roman Ornament","3009-3","rgb(211, 167, 70)"
"Golden Avocado","3008-5A","rgb(199, 164, 75)"
"Almond Puff","3008-3A","rgb(206, 171, 59)"
"Dylan Velvet","3008-5B","rgb(208, 180, 105)"
"Spring Moss","3007-3A","rgb(216, 188, 75)"
"City Chartreuse","6008-6C","rgb(183, 167, 86)"
"Antelope Hide","3005-7B","rgb(195, 160, 105)"
"Corduroy","3007-5A","rgb(178, 142, 75)"
"Bamboo Leaves","3009-4","rgb(188, 159, 96)"
"Swampwater","3008-7B","rgb(179, 163, 106)"
"Wild Daisy","3007-4A","rgb(243, 226, 152)"
"Chickery Chick","3008-2A","rgb(251, 233, 152)"
"Pineapple Cream","3008-4A","rgb(248, 233, 170)"
"Daisy Spell","3007-4B","rgb(246, 234, 179)"
"Summer Sun","3007-2B","rgb(250, 238, 181)"
"New Willow","6007-9B","rgb(240, 235, 172)"
"Lime Mousse","6008-9B","rgb(226, 228, 143)"
"Fluorescent Lime","6007-9C","rgb(222, 226, 140)"
"Fresh Pear","6007-7C","rgb(214, 226, 147)"
"Spring Lawn","6006-9C","rgb(208, 228, 165)"
"Desert Hotsprings","6008-5C","rgb(228, 215, 153)"
"Tangy Dill","6008-10A","rgb(216, 213, 86)"
"Citrus Tickle","6008-9C","rgb(218, 217, 105)"
"Green Tea","6008-8A","rgb(205, 209, 112)"
"Celery","6007-10A","rgb(216, 222, 126)"
"Garden Fresh","6008-7C","rgb(216, 223, 128)"
"Sonic Lime","6007-8A","rgb(192, 213, 110)"
"Afternoon Delight","6006-10A","rgb(189, 219, 140)"
"Lush Meadow","6005-9C","rgb(183, 220, 152)"
"Au Naturale","6003-7C","rgb(169, 219, 163)"
"Olive Marinade","6007-5C","rgb(203, 197, 141)"
"Lavish Lime","6008-10B","rgb(212, 207, 62)"
"Lime Burst","6007-10B","rgb(198, 209, 94)"
"Temptation","6007-8B","rgb(178, 205, 98)"
"Greenhouse Tint","6002-5C","rgb(186, 203, 141)"
"Spring Meadow","6006-7C","rgb(187, 211, 142)"
"Crocodile Smile","6005-7C","rgb(180, 206, 147)"
"Greenscape","6005-10A","rgb(168, 212, 133)"
"Gentle Landscape","6004-7C","rgb(167, 208, 147)"
"Garden Sprout","6004-9C","rgb(150, 212, 157)"
"Greek Tapenade","6008-6B","rgb(205, 188, 107)"
"Lime Passion","6008-10C","rgb(197, 194, 37)"
"Herb Cornucopia","6005-5C","rgb(195, 193, 139)"
"Parsley Sprig","6008-8B","rgb(194, 197, 75)"
"Limolicious","6007-10C","rgb(169, 195, 66)"
"Everglade Glen","6003-6A","rgb(185, 197, 133)"
"Parakeet Green","6010-10","rgb(167, 196, 67)"
"Martian","6007-8C","rgb(167, 198, 70)"
"Spring Lime","6006-10B","rgb(161, 203, 103)"
"Superior Green","6003-8A","rgb(144, 200, 129)"
"New Avocado","6007-6A","rgb(184, 176, 103)"
"Can't Miss Lime","6011-10","rgb(190, 189, 59)"
"Asparagus","6008-8C","rgb(174, 184, 58)"
"Brush Meadow","6004-6A","rgb(169, 179, 125)"
"Green Gecko","6006-8A","rgb(167, 192, 106)"
"Sunny Dale","6002-6A","rgb(165, 187, 120)"
"Pea Pod","6005-8A","rgb(157, 195, 122)"
"Jaunty Green","6005-10B","rgb(138, 197, 108)"
"Tossed Salad","6002-8A","rgb(134, 191, 140)"
"Green Shimmer","6004-10A","rgb(123, 197, 134)"
"Gilded Pesto","6007-6B","rgb(177, 168, 89)"
"Jalapeno Jelly","6005-6A","rgb(176, 173, 112)"
"Fiddlehead Fern","6003-6B","rgb(163, 178, 114)"
"Mardi Gras Green","6002-6B","rgb(147, 171, 100)"
"Chopped Chive","6006-8B","rgb(150, 181, 92)"
"Awakening","6006-10C","rgb(133, 188, 80)"
"Peaceful Leaf","6004-8A","rgb(140, 185, 111)"
"Lucky Clover","6005-8B","rgb(135, 182, 107)"
"Gamma Green","6003-8B","rgb(113, 185, 106)"
"Green Galore","6004-10B","rgb(103, 183, 113)"
"Crushed Oregano","6007-6C","rgb(157, 153, 80)"
"Organic Garden","6005-6B","rgb(159, 158, 97)"
"Sassy Green","6009-10","rgb(147, 171, 62)"
"Emerald Isle","6004-6B","rgb(154, 165, 109)"
"Meadow Twilight","6006-8C","rgb(137, 166, 76)"
"Greenway","6005-10C","rgb(105, 174, 68)"
"Putting Green","6004-8B","rgb(117, 170, 92)"
"Spring Leaves","5008-6B","rgb(127, 165, 118)"
"Polly Green","6003-8C","rgb(84, 168, 79)"
"Elf","6002-8B","rgb(113, 176, 120)"
"Shallow Valley","6011-9","rgb(134, 142, 72)"
"Ivy Pasture","6004-6C","rgb(131, 140, 85)"
"Palm Leaf","6003-6C","rgb(126, 142, 74)"
"Mountain Botanical","6010-9","rgb(127, 152, 67)"
"Tropical Foliage","6002-6C","rgb(129, 156, 84)"
"Leprechaun","6005-8C","rgb(104, 163, 74)"
"Enchanted Forest","6004-8C","rgb(96, 155, 79)"
"Bright Parrot","6011-7","rgb(90, 158, 72)"
"Simply Green","6002-8C","rgb(84, 151, 89)"
"Spinach","6004-10C","rgb(72, 167, 89)"
"Lovely Green","6009-9","rgb(101, 137, 64)"
"Field Time Green","5008-6C","rgb(101, 139, 87)"
"Lime Candy","6011-8","rgb(97, 144, 63)"
"French Olive","6010-8","rgb(86, 114, 68)"
"Vegas Green","6009-7","rgb(64, 113, 72)"
"Green Vibe","6002-7B","rgb(181, 224, 189)"
"Green Gala","6003-9C","rgb(134, 210, 169)"
"Mino's Eye","6003-9B","rgb(177, 228, 201)"
"Sea Treasure","6002-9C","rgb(135, 216, 187)"
"Simply Aqua","5008-10A","rgb(108, 212, 189)"
"Fresh Mist","5008-9C","rgb(154, 225, 209)"
"Mermaid's Song","6001-9C","rgb(153, 225, 209)"
"Sea Wave","5006-9C","rgb(140, 217, 212)"
"Beach Sparkle","5004-9C","rgb(143, 212, 219)"
"Infinity Pool","5003-9C","rgb(156, 213, 230)"
"Fresh Meadow","6002-7C","rgb(142, 202, 151)"
"Kelp","6001-8A","rgb(143, 194, 167)"
"Lavish Green","6002-10A","rgb(115, 205, 174)"
"Aqua Quartz","6001-10A","rgb(108, 211, 187)"
"Nautical","5007-9C","rgb(122, 205, 198)"
"Playful Pool","5005-7C","rgb(138, 201, 207)"
"Fiesta Blue","5003-10A","rgb(123, 197, 217)"
"Summer Splash","5002-9C","rgb(136, 201, 230)"
"Billow","4008-9C","rgb(135, 197, 230)"
"Slumber","4007-9C","rgb(152, 200, 234)"
"Spearmint Burst","6003-10A","rgb(103, 194, 148)"
"New Meadow","6002-10B","rgb(78, 193, 157)"
"Seafarer","5007-10A","rgb(98, 193, 182)"
"Bayside","5006-10A","rgb(95, 200, 192)"
"Swim","5006-8A","rgb(117, 187, 186)"
"Aqua Ocean","5005-10A","rgb(111, 197, 197)"
"Rapids","5004-10A","rgb(103, 196, 203)"
"Well Water","5005-8A","rgb(110, 183, 190)"
"Water Fountain","5001-10A","rgb(127, 188, 215)"
"Sea Frolic","4008-10A","rgb(109, 185, 227)"
"Divot","6003-10B","rgb(80, 177, 128)"
"Tantalizing Teal","5008-10B","rgb(45, 188, 163)"
"Rainforest Mist","6001-10B","rgb(50, 189, 164)"
"Twilight Meadow","5007-8A","rgb(91, 175, 171)"
"Turquoise Tint","5006-10B","rgb(60, 181, 177)"
"Rushing Stream","5005-10B","rgb(70, 179, 184)"
"Sea Serenade","5002-8A","rgb(117, 179, 194)"
"Ocean Sigh","5002-10A","rgb(81, 174, 206)"
"Tidal Basin","5001-7C","rgb(119, 173, 201)"
"Skyscape","4007-10A","rgb(112, 173, 215)"
"Cosmic Green","6003-10C","rgb(47, 164, 112)"
"Salamander","6001-8B","rgb(108, 161, 135)"
"Tropical Rainforest","6002-10C","rgb(25, 165, 133)"
"Laguna Green","5007-10B","rgb(52, 167, 158)"
"Tidal Teal","5006-8B","rgb(81, 156, 160)"
"Exotic Sea","5004-10B","rgb(46, 166, 178)"
"Sea Exposure","5005-8B","rgb(82, 158, 169)"
"Gone Fishing","5004-8A","rgb(93, 161, 172)"
"Fragrant Bouquet","5003-10B","rgb(38, 158, 188)"
"Rolling Sea","5001-10B","rgb(91, 163, 198)"
"Beach Grass","5008-8B","rgb(87, 156, 135)"
"Sea Swell","5008-10C","rgb(0, 150, 120)"
"Spa Green","5004-6A","rgb(90, 145, 133)"
"Tropical Hideaway","5007-10C","rgb(20, 147, 137)"
"Dreamy Teal","5007-8B","rgb(78, 151, 149)"
"Cool Rain","5005-10C","rgb(9, 155, 161)"
"Tropical Oasis","5004-8B","rgb(82, 145, 155)"
"Aqua Dance","5002-8B","rgb(79, 149, 165)"
"Pool Party","5002-10B","rgb(45, 154, 188)"
"Rushing Rapids","5001-8A","rgb(94, 151, 181)"
"Luscious Green","6010-7","rgb(35, 136, 72)"
"Green Sea","6001-10C","rgb(0, 150, 120)"
"Elegant Silk","5010-7","rgb(55, 131, 119)"
"Blue Turquoise","5006-10C","rgb(0, 138, 135)"
"Fish Story","5006-8C","rgb(63, 132, 136)"
"Garden Pool","5003-10C","rgb(14, 130, 159)"
"Wishing Well","5002-10C","rgb(10, 133, 169)"
"Roadster Blue","4006-6B","rgb(90, 133, 158)"
"Blue China","5001-8B","rgb(80, 135, 167)"
"Deep Blue Sea","5001-10C","rgb(67, 135, 172)"
"Deep Mint","6001-8C","rgb(62, 119, 88)"
"Green Suede","5009-6","rgb(18, 119, 94)"
"Nordic Forest","5010-6","rgb(47, 111, 94)"
"Stained Glass","5011-7","rgb(0, 122, 115)"
"Pine Forest","5007-8C","rgb(53, 113, 108)"
"Artisan Green","5009-7","rgb(53, 113, 108)"
"Bay Teal","5004-10C","rgb(0, 130, 140)"
"Vintage Teal","5010-9","rgb(13, 107, 116)"
"Starry Sky","5005-8C","rgb(52, 128, 139)"
"Ocean Soul","5009-9","rgb(0, 117, 133)"
"Four-Leaf Clover","6011-6","rgb(54, 106, 76)"
"Poker Green","6010-6","rgb(53, 102, 75)"
"Northern Hemisphere","5009-5","rgb(40, 102, 94)"
"Sensual Jade","5009-8","rgb(0, 105, 104)"
"Gypsy Teal","5010-8","rgb(23, 104, 107)"
"Shaded Lake","5011-9","rgb(40, 95, 111)"
"Pacific Pleasure","5009-10","rgb(20, 108, 138)"
"Bluish","4006-9C","rgb(167, 203, 235)"
"Sassy Violet","4004-10A","rgb(171, 175, 218)"
"Imperial Lilac","4003-9C","rgb(183, 173, 214)"
"Plink","4001-10A","rgb(208, 170, 211)"
"Pink Plunge","1001-1C","rgb(234, 167, 202)"
"Magic Wand","1001-2A","rgb(235, 186, 220)"
"Dawn's Reveal","1005-4A","rgb(223, 173, 196)"
"Pink Frenzy","1002-2A","rgb(235, 167, 196)"
"Hushed Rose","1003-2A","rgb(241, 178, 200)"
"Positively Pink","1003-1C","rgb(236, 155, 184)"
"Autumn Sky","4008-7C","rgb(129, 180, 223)"
"High Seas","4006-10A","rgb(137, 181, 220)"
"Blue Eyes","4007-8A","rgb(134, 172, 210)"
"Superior Blue","4006-8A","rgb(134, 171, 213)"
"Simply Periwinkle","4005-10A","rgb(144, 171, 214)"
"Mysterious Blue","4005-8A","rgb(154, 175, 216)"
"Purple Gala","4002-10A","rgb(192, 162, 209)"
"La La Love","1003-3C","rgb(200, 160, 195)"
"Quilted Heart","1004-3C","rgb(206, 156, 184)"
"Polka Pink","1006-4A","rgb(219, 156, 179)"
"Enchanted Sea","4008-8A","rgb(105, 160, 211)"
"Bliss","4003-6A","rgb(140, 167, 203)"
"Enchanted Evening","4003-8A","rgb(134, 152, 196)"
"Purplicious","4004-8A","rgb(148, 165, 210)"
"Quite Lilac","4003-10A","rgb(159, 147, 200)"
"Gleeful Joy","1001-3C","rgb(168, 145, 182)"
"Amethyst Purple","1004-5C","rgb(185, 147, 178)"
"Berry Twist","1002-1C","rgb(213, 136, 171)"
"Market Flower","1005-3C","rgb(207, 140, 169)"
"Raspberry Sorbet","1001-1B","rgb(220, 127, 180)"
"Blue Burst","4008-10B","rgb(48, 151, 208)"
"Blue Tango","4007-10B","rgb(89, 159, 212)"
"Someday","4006-10B","rgb(98, 150, 205)"
"Jazzy","4005-8B","rgb(119, 141, 191)"
"Blue Shock","4005-10B","rgb(127, 151, 204)"
"Plum Burst","4002-10B","rgb(163, 129, 186)"
"Berries Galore","4001-10B","rgb(178, 131, 184)"
"Wild Lavender","1002-3B","rgb(166, 133, 168)"
"Purple Stripe","1003-3B","rgb(174, 125, 167)"
"Nice Berry","1005-3B","rgb(191, 120, 150)"
"Star Gazer","4008-8B","rgb(80, 139, 196)"
"Mountain Lake","4006-8B","rgb(102, 137, 184)"
"Violet Twist","4004-8B","rgb(118, 135, 192)"
"Simply Purple","4004-10B","rgb(125, 131, 189)"
"Grapolicious","4003-10B","rgb(141, 127, 186)"
"Plum Shade","1003-5B","rgb(161, 129, 165)"
"Purple Jewel","1004-5B","rgb(168, 128, 162)"
"So Long Shadow","1004-3B","rgb(178, 120, 154)"
"Cosmic Pink","1001-1A","rgb(210, 110, 164)"
"Rose Dust","1002-1B","rgb(202, 105, 151)"
"Cosmic Blue","4008-10C","rgb(20, 126, 187)"
"Wellspring","4007-8B","rgb(94, 133, 178)"
"Burbling Brook","4007-8C","rgb(81, 117, 161)"
"Peek-A-Boo Blue","4007-10C","rgb(51, 112, 172)"
"Bedtime Story","4003-8B","rgb(106, 123, 162)"
"Dazzle","4005-10C","rgb(85, 109, 169)"
"Twinkle Night","4004-8C","rgb(90, 101, 161)"
"Purple Phantom","1001-3B","rgb(145, 122, 164)"
"Dusky Purple","1003-5A","rgb(131, 100, 132)"
"Sonic Plum","4002-10C","rgb(129, 90, 146)"
"Vivid Blue","4006-10C","rgb(62, 106, 165)"
"Bluer Than Blue","4006-8C","rgb(79, 102, 150)"
"Regal","4005-8C","rgb(86, 101, 154)"
"Indigo","4003-8C","rgb(88, 99, 146)"
"Purple Frenzy","4004-10C","rgb(97, 97, 155)"
"Rollick","4003-10C","rgb(116, 90, 146)"
"Cosmic Berry","4001-10C","rgb(135, 85, 140)"
"Pensive Plum","1002-3A","rgb(122, 91, 122)"
"Purple Davenport","1003-3A","rgb(130, 87, 121)"
"Plumberry","1004-3A","rgb(140, 84, 109)"
"Egyptian Blue","4011-7","rgb(66, 101, 138)"
"Precious Sapphire","4010-7","rgb(68, 89, 126)"
"Deep Space","4008-8C","rgb(56, 97, 155)"
"Enchanted Navy","4010-8","rgb(72, 83, 117)"
"Purple Royalty","4009-10","rgb(114, 88, 137)"
"Magician's Cloak","1009-8","rgb(121, 78, 108)"
"Brown Cherry","1009-7","rgb(129, 70, 93)"
"Berry Brown","1010-7","rgb(103, 54, 73)"
"Perfect Plum","1011-7","rgb(91, 60, 71)"
"Poetic Purple","1010-8","rgb(93, 58, 75)"
"Karmic Grape","4002-8C","rgb(93, 96, 132)"
"Classic Royal Blue","4009-8","rgb(70, 83, 128)"
"Homecoming Blue","4009-9","rgb(72, 78, 131)"
"Jazzy Blue","4010-9","rgb(76, 77, 127)"
"Spirit Blue","4011-9","rgb(73, 69, 111)"
"Sumptuous Purple","4010-10","rgb(86, 67, 113)"
"Dress Rehearsal","7001-20","rgb(248, 235, 238)"
"Naiveté","7001-21","rgb(247, 239, 236)"
"Apricot Fluff","7001-24","rgb(248, 236, 228)"
"Pearly Violet","7001-23","rgb(242, 238, 230)"
"Cream Delight","7002-14","rgb(242, 238, 229)"
"Pale Bloom","7002-8","rgb(242, 239, 229)"
"Dove White","7002-7","rgb(241, 238, 228)"
"Bistro White","7006-4","rgb(240, 238, 233)"
"Du Jour","7002-6","rgb(241, 240, 236)"
"Swiss Coffee","7002-16","rgb(242, 240, 234)"
"Exaltation","7001-2","rgb(248, 234, 238)"
"Fair Maiden","7001-10","rgb(245, 234, 235)"
"Pink Kiss","1007-2C","rgb(246, 233, 226)"
"Sugarcane Pink","7001-22","rgb(243, 236, 232)"
"Delicate Bliss","7001-8","rgb(243, 235, 227)"
"Birchwood White","7002-18","rgb(243, 234, 224)"
"Chef White","7002-15","rgb(239, 235, 222)"
"Ivory Dust","7003-24","rgb(239, 236, 224)"
"Polar White","7003-16","rgb(240, 237, 226)"
"Lavender Moon","4001-9A","rgb(247, 234, 239)"
"Noble Blush","7001-11","rgb(247, 230, 232)"
"Helio Prism","1003-4C","rgb(244, 232, 233)"
"Origami","7001-6","rgb(239, 229, 221)"
"Virtue","7001-15","rgb(238, 231, 223)"
"Foggy Skies","7002-4","rgb(237, 230, 219)"
"Cozy White","3008-10C","rgb(237, 232, 220)"
"Snow Cap","7003-8","rgb(236, 233, 221)"
"Snowed In","6004-1A","rgb(235, 234, 228)"
"Summer Gray","7006-17","rgb(234, 233, 228)"
"Star Light","4001-7A","rgb(231, 230, 235)"
"Fainting Violet","1001-8C","rgb(232, 227, 228)"
"Winter Dawn","7004-1","rgb(232, 230, 230)"
"Timid Violet","4001-3A","rgb(232, 227, 226)"
"Seashore Bud","7001-14","rgb(237, 226, 218)"
"Cinema Screen","7001-17","rgb(229, 227, 225)"
"Riviera Dune","2008-10C","rgb(235, 226, 215)"
"Mystique","7006-16","rgb(232, 227, 215)"
"Quail Egg","7002-12","rgb(233, 228, 216)"
"Satin Snow","7004-17","rgb(230, 228, 221)"
"Gossamer Curtains","1002-6C","rgb(233, 226, 232)"
"Berry Taffy","1006-6C","rgb(239, 222, 225)"
"Gray Shimmer","7004-9","rgb(228, 227, 226)"
"Sweet Pastel","1007-8C","rgb(236, 223, 217)"
"Blank Canvas","7001-16","rgb(234, 224, 215)"
"Heirloom Pink","7001-18","rgb(228, 226, 223)"
"Snowy Dusk","7002-3","rgb(232, 227, 215)"
"Wispy White","7006-1","rgb(229, 226, 217)"
"Decadent","7006-11","rgb(229, 227, 215)"
"Dreamy Heather","1004-6C","rgb(235, 224, 232)"
"Lilac Intuition","7001-1","rgb(235, 225, 228)"
"Winter Sunrise","1002-8C","rgb(234, 221, 224)"
"Pressed Blossoms","1004-8C","rgb(231, 220, 219)"
"Bungalow White","2005-10C","rgb(233, 222, 212)"
"Ballroom Belle","7001-9","rgb(228, 224, 218)"
"Oyster Pearl","7002-2","rgb(227, 222, 211)"
"Asiago","6005-1A","rgb(227, 223, 212)"
"Gilded Linen","6002-1A","rgb(227, 225, 216)"
"Soft Silk","7004-2","rgb(226, 225, 229)"
"Spring Parade","1001-4C","rgb(231, 223, 234)"
"Cool Violet","1001-6C","rgb(230, 223, 228)"
"Quartz Pink","1005-8C","rgb(233, 216, 214)"
"Napa Dawn","1003-10C","rgb(225, 217, 216)"
"Crushed Out","7001-19","rgb(227, 215, 210)"
"Vanilla Steam","2006-10C","rgb(225, 218, 210)"
"March Breeze","1001-10C","rgb(238, 219, 202)"
"Sandstone Gray","7004-18","rgb(216, 215, 212)"
"City Steam","7006-5","rgb(224, 222, 211)"
"Rising Star","4002-7A","rgb(220, 221, 228)"
"April Morning","4001-5A","rgb(222, 220, 223)"
"Gentle Violet","4002-3A","rgb(226, 221, 225)"
"Pretty Orchid","1002-8B","rgb(223, 207, 211)"
"Magic Mist","1003-10B","rgb(210, 203, 204)"
"Frosted Clover","1001-8B","rgb(217, 209, 209)"
"White Pepper","4001-1A","rgb(214, 211, 211)"
"Ancestral Haze","1004-10C","rgb(224, 212, 209)"
"March Ice","1001-10B","rgb(231, 209, 194)"
"Warm Fog","1002-10C","rgb(222, 212, 204)"
"Warm Putty","6006-1A","rgb(218, 212, 200)"
"Filtered Shade","4003-1B","rgb(205, 203, 200)"
"Brushed Lavender","4001-3B","rgb(218, 209, 215)"
"Berry Cream","1004-10B","rgb(213, 198, 194)"
"Modest Silver","4002-1A","rgb(208, 202, 199)"
"Stardust Evening","4002-3B","rgb(206, 202, 211)"
"Sweet Pink","1004-2B","rgb(249, 205, 217)"
"Pink Flutter","1005-2A","rgb(246, 178, 196)"
"Camille Pink","2002-4B","rgb(238, 187, 189)"
"Warm Pink","1006-2B","rgb(250, 205, 203)"
"Tea Rose","1007-2B","rgb(249, 204, 202)"
"Peach Whisper","1008-2B","rgb(249, 197, 194)"
"Salmon Bisque","2003-4B","rgb(246, 196, 188)"
"Spring Linen","2002-6C","rgb(235, 188, 179)"
"Coral Mist","2001-2B","rgb(251, 209, 197)"
"Crystal Coral","2004-4B","rgb(251, 209, 197)"
"Sweety Pie","1008-4B","rgb(231, 184, 193)"
"Timeless Rose","2001-4A","rgb(232, 160, 168)"
"Champagne Blush","1008-6B","rgb(228, 178, 181)"
"Blushing","2002-4A","rgb(234, 172, 174)"
"Antique Coral","1007-2A","rgb(237, 160, 159)"
"Faithful Rose","2001-6B","rgb(234, 182, 180)"
"Peach Punch","1008-2A","rgb(247, 177, 174)"
"Brushed Rose","2003-4A","rgb(236, 166, 155)"
"Sweet Marmalade","2003-6B","rgb(231, 169, 147)"
"Shy Time","2002-8B","rgb(223, 184, 167)"
"Second Blush","1007-3C","rgb(232, 158, 178)"
"Thistle Field","1007-6A","rgb(212, 166, 174)"
"Nana's Rose","1008-4A","rgb(218, 153, 162)"
"Rosetti Pink","1008-6A","rgb(209, 150, 153)"
"Honeysuckle Rose","2002-3C","rgb(221, 144, 144)"
"Juicy Peach","2001-6A","rgb(221, 156, 155)"
"Salmon Run","2002-6B","rgb(220, 158, 149)"
"Field of Flowers","2001-8A","rgb(205, 148, 137)"
"Princess Peach","2002-8A","rgb(208, 157, 138)"
"Adobe Glow","1007-10A","rgb(194, 156, 141)"
"Edwardian Rose","1007-5C","rgb(198, 149, 159)"
"Doric Pink","1008-3C","rgb(202, 128, 139)"
"Coral Banks","2001-5C","rgb(216, 142, 139)"
"Gilman Rose","1008-8A","rgb(198, 149, 146)"
"Vintage Coral","2002-6A","rgb(207, 138, 126)"
"Rosy Sandstone","2001-7C","rgb(187, 137, 124)"
"Terra Earth","2003-5C","rgb(206, 140, 121)"
"Western Pink","2002-7C","rgb(189, 135, 117)"
"Kitchen Terra Cotta","2003-7C","rgb(190, 136, 116)"
"Western Ridge","1008-9C","rgb(180, 145, 131)"
"New Bud","1006-5C","rgb(177, 130, 141)"
"Brazilian Blush","1008-3B","rgb(185, 110, 120)"
"Romantic Rose","1008-5C","rgb(189, 130, 135)"
"Spanish Rose Shadow","1008-5B","rgb(174, 112, 115)"
"Cherry Mocha","1006-7C","rgb(162, 122, 122)"
"Plum Ribbon","1007-7C","rgb(176, 136, 134)"
"New Haven Rose","1008-7C","rgb(187, 133, 129)"
"Apache Clay","1007-9B","rgb(158, 120, 110)"
"Country Path","2001-9B","rgb(159, 122, 110)"
"Canyon Earth","1007-9C","rgb(177, 137, 124)"
"Valley Bloom","1006-5A","rgb(145, 98, 112)"
"Posh Rose","1006-5B","rgb(159, 114, 125)"
"High Country Rose","1007-5B","rgb(160, 108, 119)"
"Pretty Peony","1006-3B","rgb(174, 100, 113)"
"Savannah Red","1008-7B","rgb(163, 104, 100)"
"Pajarito Red","2001-7B","rgb(170, 114, 103)"
"Kitchen Tile Red","2002-5B","rgb(175, 109, 95)"
"Tiny Tulip","2002-7B","rgb(168, 110, 94)"
"Deep Clay Red","2003-7B","rgb(165, 108, 91)"
"Rio Grande Mud","2005-7A","rgb(153, 105, 91)"
"Baked Bahama","1006-3A","rgb(152, 83, 92)"
"Upholstery Red","1008-3A","rgb(158, 86, 92)"
"Muted Red","1008-5A","rgb(146, 85, 89)"
"Brickstone Red","1006-9B","rgb(130, 94, 87)"
"Tropical Nut","2003-5A","rgb(154, 92, 79)"
"Potter's Rock","1007-9A","rgb(129, 94, 85)"
"Smoky Hazelnut","1008-9A","rgb(133, 97, 87)"
"Rusted Earth","2002-7A","rgb(139, 87, 72)"
"Burnt Caramel","2010-6","rgb(138, 85, 67)"
"Chocolate Sauce","2006-7A","rgb(128, 94, 79)"
"Moving Melody","1009-5","rgb(121, 74, 77)"
"Perennial Red","1010-4","rgb(128, 64, 69)"
"In the Red","1007-5A","rgb(127, 80, 81)"
"Red Henna","1008-7A","rgb(128, 81, 78)"
"Earth Rouge","1007-7A","rgb(130, 85, 81)"
"Double Chocolate","2011-8","rgb(111, 75, 70)"
"Berry Butter","2010-8","rgb(125, 89, 85)"
"Remember Me Red","2001-7A","rgb(138, 82, 72)"
"Chocolate Cherry","2003-7A","rgb(128, 80, 69)"
"Cowboy Suede","2011-6","rgb(124, 82, 68)"
"Jazzy Red","1009-6","rgb(120, 55, 65)"
"Royal Garnet","1011-5","rgb(101, 58, 62)"
"Spanish Tile","1010-5","rgb(104, 56, 57)"
"Posh Red","1011-4","rgb(118, 56, 57)"
"Coral Peach","2005-4B","rgb(248, 209, 190)"
"Whipped Peach","2002-2B","rgb(251, 214, 192)"
"Simply Peach","2004-2B","rgb(253, 208, 175)"
"Peach Champagne","2006-4C","rgb(251, 220, 197)"
"Peachy Confection","2007-6B","rgb(241, 212, 187)"
"Peach Butter","3001-4B","rgb(248, 211, 169)"
"Champagne Orange","2007-4B","rgb(253, 222, 185)"
"Créme Brûlée","2008-6C","rgb(246, 221, 193)"
"Iced Tea","2006-2B","rgb(255, 216, 164)"
"Sand Swept","2005-2B","rgb(255, 219, 172)"
"Tropical Breeze","2002-2A","rgb(251, 200, 175)"
"Peach Encounter","2006-4B","rgb(251, 202, 171)"
"Special Peach","2004-6B","rgb(236, 201, 177)"
"Coral Gable","2003-2B","rgb(253, 204, 169)"
"Orange Mousse","2007-4A","rgb(254, 205, 159)"
"New Peach","2008-6B","rgb(248, 208, 172)"
"Honey Pecan","2008-4B","rgb(248, 207, 162)"
"Johnny Cake","3001-6A","rgb(242, 200, 154)"
"Bread Basket","3002-8B","rgb(235, 210, 182)"
"Amber Waves","3002-6B","rgb(240, 205, 162)"
"Sandbar","2004-6A","rgb(227, 176, 145)"
"Resort Peach","2005-8B","rgb(230, 197, 177)"
"Colorado Skyline","2003-8B","rgb(229, 195, 173)"
"Caramel Sugar","2007-6A","rgb(241, 186, 145)"
"Mesa Sand","2004-8B","rgb(220, 189, 167)"
"Antelope","2005-6A","rgb(226, 187, 157)"
"Southern Peach","2006-6B","rgb(230, 193, 164)"
"Fragrant Coriander","3002-6A","rgb(231, 185, 139)"
"Sun Tan","3002-8A","rgb(220, 185, 149)"
"Kidskin Buff","3003-6A","rgb(231, 192, 141)"
"Arizona Dust","2003-8A","rgb(219, 172, 150)"
"Mojave Sunset","2005-8A","rgb(217, 177, 153)"
"Perfect Peach","2006-6A","rgb(222, 171, 137)"
"Vienna Beige","2004-8A","rgb(204, 164, 136)"
"Pale Powder","3001-8A","rgb(204, 175, 152)"
"Cosy Chair","2007-8A","rgb(209, 170, 138)"
"Maple Leaf","2008-8B","rgb(206, 180, 153)"
"Imperial Gold","3003-5C","rgb(220, 180, 130)"
"Warm Buff","3002-10A","rgb(209, 183, 150)"
"Leatherbound","3004-10A","rgb(197, 173, 143)"
"Cinnamon Brulee","2006-7C","rgb(194, 158, 136)"
"Ginger Bite","2005-5C","rgb(206, 158, 125)"
"Sweet Cardamom","2006-5C","rgb(210, 160, 123)"
"New Haven Clay","2007-7C","rgb(194, 154, 125)"
"Sturdy Bronze","3001-7C","rgb(188, 154, 129)"
"Pale Blush","3002-7C","rgb(199, 157, 121)"
"Friendly Tan","2008-8A","rgb(194, 158, 127)"
"Doe Eyes","3002-9C","rgb(183, 157, 128)"
"Buckskin Pony","3004-7C","rgb(200, 161, 115)"
"Au Lait Ole","3003-9C","rgb(182, 160, 132)"
"Desert Carnation","2005-7C","rgb(196, 151, 124)"
"Greek Amber","2006-5B","rgb(194, 141, 108)"
"Coffee Gelato","2004-7C","rgb(184, 143, 117)"
"Copper Hide","2005-5B","rgb(189, 136, 101)"
"Café Miel","2008-7C","rgb(180, 142, 111)"
"Gleaming Tan","3002-7B","rgb(179, 136, 100)"
"Changing Seasons","3001-9C","rgb(178, 151, 126)"
"Corner Café","3003-7C","rgb(184, 141, 96)"
"Lariat Tan","3004-7B","rgb(190, 152, 106)"
"River Oak","3004-9C","rgb(168, 144, 113)"
"Mesabi Copper","2005-5A","rgb(172, 119, 92)"
"Mocha Java","2004-7B","rgb(171, 130, 108)"
"Chocolate Cheesecake","2006-7B","rgb(164, 130, 112)"
"Terra Cotta Trail","2005-7B","rgb(178, 128, 99)"
"Rustic Oak","2007-7B","rgb(166, 126, 100)"
"Tender Twig","3001-7B","rgb(156, 125, 105)"
"Dark Toast","3001-9B","rgb(148, 121, 100)"
"Leather Satchel","3003-7B","rgb(169, 130, 94)"
"Crunch Granola","3004-9B","rgb(155, 129, 100)"
"Olive Branch Gold","3006-7A","rgb(155, 127, 88)"
"Woodland","2006-5A","rgb(163, 109, 84)"
"Italian Roast","2004-7A","rgb(144, 102, 82)"
"Sienna Red","3011-7","rgb(151, 102, 78)"
"Rustic Earth","2007-7A","rgb(144, 107, 88)"
"Pale Cordovan","3010-7","rgb(160, 109, 78)"
"Natural Cork","2008-7A","rgb(140, 102, 78)"
"Chestnut Beach","3002-7A","rgb(156, 114, 83)"
"Standing Still","2008-7B","rgb(143, 109, 82)"
"Brilliant Oak","3003-7A","rgb(143, 109, 83)"
"Mocha Syrup","3002-9B","rgb(146, 120, 94)"
"Mona's Mane","3002-9A","rgb(131, 102, 82)"
"Muddy Mississippi","3004-9A","rgb(130, 104, 82)"
"Cowboy Hat","3010-8","rgb(116, 87, 70)"
"Creamy Oat","3002-2C","rgb(253, 235, 194)"
"Lemon Sorbet","2008-2C","rgb(252, 237, 204)"
"Coconut Cream","3004-2C","rgb(253, 235, 190)"
"Summer Wish","3005-2B","rgb(253, 234, 180)"
"Champagne Tickle","3001-2C","rgb(250, 240, 210)"
"Linen Napkin","3008-6C","rgb(247, 235, 201)"
"Champagne Dance","3005-4C","rgb(249, 236, 195)"
"Cuddle","3005-4B","rgb(249, 235, 187)"
"Peaceful Calm","3005-2C","rgb(250, 240, 206)"
"Lemon Cream","3006-4C","rgb(249, 238, 199)"
"Sweet Almond","2005-2C","rgb(250, 231, 204)"
"Natural Sheepskin","3001-6C","rgb(250, 232, 204)"
"Cosmic Cream","2007-2C","rgb(252, 232, 198)"
"Evening Sun","3004-6C","rgb(251, 231, 198)"
"Basket","7002-24","rgb(248, 233, 207)"
"Spun Honey","2008-2B","rgb(255, 227, 173)"
"Coconut Scent","3003-4C","rgb(252, 232, 196)"
"Pretty Pretty Picture","3004-4C","rgb(250, 229, 188)"
"Spirited","7003-19","rgb(244, 232, 200)"
"Pale Maize","3005-8C","rgb(243, 231, 193)"
"Sisal","2006-2C","rgb(253, 226, 191)"
"Elitist","7002-23","rgb(247, 228, 203)"
"Apricot Mousse","3002-4B","rgb(255, 222, 171)"
"Almond Whip","2008-4C","rgb(249, 226, 194)"
"Shoreline","3006-6B","rgb(248, 222, 176)"
"A True Antique","7003-18","rgb(244, 228, 197)"
"Cream Cake","3002-4C","rgb(244, 228, 194)"
"Homey Cream","3007-6B","rgb(242, 225, 188)"
"Demure Yellow","3006-6C","rgb(242, 225, 186)"
"Pecan Cream","3006-4B","rgb(243, 228, 175)"
"Toasting Tan","3003-8B","rgb(234, 215, 188)"
"French Pastry","3002-6C","rgb(241, 214, 175)"
"Simple Pleasures","3003-6C","rgb(241, 220, 191)"
"Soft Candlelight","3005-6C","rgb(239, 218, 187)"
"Capricious","3005-8B","rgb(239, 214, 172)"
"Hazy Yellow","3004-8B","rgb(236, 216, 182)"
"Charm Bracelet","3004-4B","rgb(248, 220, 167)"
"Paper Moon","3007-8C","rgb(239, 222, 187)"
"Hidden Path","3008-8C","rgb(231, 219, 192)"
"Canary Diamond","3008-6B","rgb(236, 216, 162)"
"Clarified Butter","3001-6B","rgb(242, 212, 172)"
"Pumpkin Pie Oh My!","3003-6B","rgb(236, 207, 166)"
"Sweet Treats","3005-6B","rgb(233, 205, 161)"
"Warm Sunshine","3004-6B","rgb(240, 212, 168)"
"Classic Buff","3006-10B","rgb(225, 210, 182)"
"Baked Scone","3007-8B","rgb(222, 201, 161)"
"Honeysuckle Beige","3007-6A","rgb(232, 207, 153)"
"Light Amber","3006-8B","rgb(226, 206, 164)"
"Dakota Trail","6008-3B","rgb(216, 204, 176)"
"Ancient Scroll","3008-8B","rgb(218, 206, 166)"
"Palamino Pony","3004-8A","rgb(224, 195, 157)"
"Holmes Cream","3004-10B","rgb(221, 201, 174)"
"Young At Heart","3003-8A","rgb(212, 180, 136)"
"Wheat Toast","3002-10B","rgb(221, 200, 171)"
"Gardenia","3005-10B","rgb(217, 199, 171)"
"Dining Room Gold","3006-8A","rgb(207, 183, 139)"
"Sandy Cove","3005-10A","rgb(212, 193, 159)"
"Country Charm","3007-10B","rgb(209, 194, 166)"
"Epic","6008-3C","rgb(203, 189, 156)"
"Dry Leaf","3008-8A","rgb(206, 193, 147)"
"Timeless Gold","3006-7C","rgb(182, 155, 112)"
"Wetland Clay","3007-10A","rgb(192, 174, 147)"
"Caraway Seed","3005-9C","rgb(189, 166, 127)"
"Glowing Dune","3006-9C","rgb(187, 164, 126)"
"Prairie Dance","3006-10A","rgb(203, 182, 149)"
"Bedouin Trail","3007-7B","rgb(181, 156, 107)"
"Golden Popover","3007-7C","rgb(194, 168, 120)"
"Tweed Jacket","3007-8A","rgb(198, 176, 131)"
"Dry Earth","6008-4A","rgb(189, 174, 137)"
"Desert Grass","3008-7C","rgb(188, 174, 125)"
"Rugged","3008-9C","rgb(153, 136, 112)"
"Caramel Gold","3006-7B","rgb(177, 149, 109)"
"Hot-Crossed Bun","3005-9B","rgb(175, 147, 105)"
"Grecian Olive","3008-7A","rgb(163, 135, 89)"
"Prairie Path","3006-9B","rgb(154, 134, 104)"
"Winter Delta","3007-9B","rgb(149, 133, 107)"
"Lioness","3007-7A","rgb(176, 150, 102)"
"Wild Mushroom","3007-9C","rgb(171, 156, 131)"
"Caraway Shield","6008-4B","rgb(162, 147, 111)"
"Rolling Prairie","6007-4B","rgb(154, 143, 104)"
"Magic Lamp","3005-9A","rgb(148, 121, 82)"
"Grecian Helmet","3006-9A","rgb(130, 109, 79)"
"Twilight Jungle","3007-9A","rgb(122, 107, 84)"
"Valencia Moss","6008-4C","rgb(132, 118, 85)"
"Summer Moon","3008-2C","rgb(250, 241, 209)"
"Lemon Butter","3008-4B","rgb(249, 237, 183)"
"Warm Summer","3008-2B","rgb(250, 239, 185)"
"Oyster Bisque","3007-4C","rgb(245, 236, 195)"
"Desert Flower","6008-5A","rgb(242, 235, 203)"
"Yellow Bliss","3008-4C","rgb(247, 240, 204)"
"Summer Morning","3007-2C","rgb(249, 241, 201)"
"Summer Smile","3006-2C","rgb(249, 242, 204)"
"Limescent","6007-9A","rgb(238, 239, 192)"
"Sheer Green","6007-7A","rgb(237, 240, 206)"
"Heart of Palm","6008-5B","rgb(240, 230, 187)"
"Lime Kiss","6008-9A","rgb(239, 236, 192)"
"Lime Ice","6008-7A","rgb(235, 235, 195)"
"Gleeful","6008-7B","rgb(233, 235, 181)"
"Grasshopper","6007-7B","rgb(232, 237, 188)"
"Apple Slice","6006-9A","rgb(230, 238, 203)"
"Limish","6006-7B","rgb(220, 232, 186)"
"Spring Glow","6006-9B","rgb(220, 233, 189)"
"Sprig of Mint","6004-7B","rgb(216, 235, 198)"
"Garden Mist","6003-7A","rgb(213, 236, 207)"
"Tempered Sage","6006-5A","rgb(225, 219, 187)"
"Timid Absinthe","6003-5B","rgb(218, 226, 184)"
"Prairie Willow","6001-5B","rgb(212, 220, 188)"
"Limonata","6002-5B","rgb(207, 222, 174)"
"Summer Rapture","6002-5A","rgb(217, 229, 190)"
"Meadow Wind","6005-7B","rgb(208, 227, 174)"
"Lime Sorbet","6005-7A","rgb(216, 229, 193)"
"Lime Sherbet","6005-9B","rgb(212, 234, 195)"
"Summer Frolic","6003-7B","rgb(203, 232, 191)"
"Summer Sigh","6004-9B","rgb(195, 231, 198)"
"Willow Wind","6004-3B","rgb(205, 200, 170)"
"Plum Passion","6007-5B","rgb(217, 213, 170)"
"Martinique Dawn","6003-3B","rgb(210, 207, 172)"
"Leaf Bud","6005-5B","rgb(217, 216, 169)"
"Paris Mint","6002-3B","rgb(205, 205, 169)"
"Mild Evergreen","6003-5C","rgb(202, 211, 157)"
"True Bliss","6004-5B","rgb(207, 215, 180)"
"Zen Garden","6001-5C","rgb(196, 207, 165)"
"Kiss of Mint","5007-5B","rgb(193, 213, 185)"
"Jaded Lime","5008-5B","rgb(192, 218, 184)"
"Withered Moss","6007-3C","rgb(193, 183, 146)"
"Marsh Green","6006-5C","rgb(200, 191, 145)"
"Oakmoss","6005-3C","rgb(186, 181, 148)"
"Parlour Sage","6006-5B","rgb(202, 197, 160)"
"Bayou Shade","6006-3C","rgb(199, 195, 164)"
"Young Willow","6003-3C","rgb(189, 185, 148)"
"Sumptuous Sage","6002-3C","rgb(185, 188, 152)"
"Green Monsoon","5008-3C","rgb(182, 190, 161)"
"Good Morning","6004-5C","rgb(185, 199, 156)"
"Heartland Frosty","5008-5C","rgb(164, 196, 155)"
"Gentle Pasture","6003-4A","rgb(172, 169, 127)"
"Dusty Olive","6005-4A","rgb(167, 165, 134)"
"Backwoods","6004-3C","rgb(178, 176, 138)"
"Brisk Olive","6002-4A","rgb(163, 164, 123)"
"Jungle Chameleon","5008-4A","rgb(160, 169, 138)"
"Gloaming Green","6001-6A","rgb(167, 185, 139)"
"Green Garlands","5007-3C","rgb(167, 179, 150)"
"Cool Green","6001-6B","rgb(147, 168, 123)"
"Rolling Glen","5007-5C","rgb(162, 186, 152)"
"Green Goddess","5008-6A","rgb(141, 178, 133)"
"Gold Infusion","6007-4A","rgb(168, 158, 117)"
"Cool Moss","6006-4A","rgb(163, 156, 126)"
"Olive Rush","6006-6B","rgb(163, 155, 110)"
"Grassland","6004-4A","rgb(167, 162, 122)"
"Throw Rug","6006-6A","rgb(167, 163, 115)"
"Prairie Brush","6003-4B","rgb(152, 149, 110)"
"Garden of Paradise","6002-4B","rgb(146, 149, 109)"
"Cactus Shadow","5008-4B","rgb(139, 149, 119)"
"Meadowgrass","5007-6A","rgb(140, 168, 133)"
"Blue Grass Mood","5006-6A","rgb(140, 167, 139)"
"Mountain Olive","6007-4C","rgb(141, 132, 95)"
"Smoked Olive","6006-4B","rgb(150, 143, 105)"
"Ripe Olives","6005-4B","rgb(139, 136, 106)"
"Gaucho","6004-4C","rgb(128, 126, 96)"
"Candied Lime","6002-4C","rgb(126, 127, 90)"
"Green Jalapeño","6005-6C","rgb(133, 135, 87)"
"Bullfrog","6004-4B","rgb(133, 137, 96)"
"Graceful Green","6001-6C","rgb(115, 134, 92)"
"Plaza Green","5007-6B","rgb(125, 152, 116)"
"Pine Green","5006-6B","rgb(110, 139, 113)"
"Olivita","6006-6C","rgb(129, 122, 83)"
"Summer's End","6005-4C","rgb(103, 100, 67)"
"Jungle Thicket","6003-4C","rgb(126, 124, 88)"
"Dark Meadow","6010-5","rgb(88, 100, 68)"
"Minty Fresh","6002-7A","rgb(209, 234, 211)"
"Delicate Frost","6003-9A","rgb(208, 238, 221)"
"Mint Gala","6001-7B","rgb(193, 226, 209)"
"Beach Blanket","6002-9B","rgb(185, 232, 208)"
"Sea Lily","6001-9A","rgb(197, 238, 228)"
"Sprinkle","5008-9A","rgb(198, 237, 228)"
"Aquatic Mist","5008-9B","rgb(173, 230, 218)"
"Ocean Whisper","6001-9B","rgb(172, 230, 218)"
"Frosty","5006-9B","rgb(181, 229, 226)"
"Out of the Blue","5004-9B","rgb(191, 226, 231)"
"Meadow Mist","5008-7B","rgb(188, 226, 213)"
"Aqua Glow","5007-9B","rgb(173, 220, 210)"
"Sea Kiss","5005-9C","rgb(167, 220, 221)"
"Surf Spray","5002-7B","rgb(185, 222, 231)"
"Angelic Blue","5003-9B","rgb(179, 223, 235)"
"Blue Tradition","5001-7A","rgb(186, 218, 231)"
"Misty","5002-9B","rgb(181, 219, 234)"
"Clear Blue Sky","4007-9A","rgb(188, 219, 237)"
"Escape","4007-7B","rgb(187, 214, 235)"
"Gentle Wind","4006-9B","rgb(183, 214, 237)"
"Green Supreme","6001-7C","rgb(167, 210, 186)"
"Simply Seafoam","5008-7C","rgb(163, 211, 199)"
"Lake Breeze","5007-7B","rgb(174, 212, 207)"
"Crystal Aqua","5006-7B","rgb(174, 217, 218)"
"Sea Tickle","5005-7B","rgb(171, 213, 218)"
"Summer Sky","5001-9B","rgb(176, 213, 226)"
"Adrift","4006-5B","rgb(178, 208, 223)"
"Sonic Sky","4008-9B","rgb(170, 215, 239)"
"Perfectly Blue","4007-9B","rgb(168, 211, 234)"
"Encounter","4008-7B","rgb(169, 207, 233)"
"Starry Woods","5005-5C","rgb(164, 190, 173)"
"Green Charm","5008-8A","rgb(145, 194, 176)"
"Gentle Wave","5007-7C","rgb(147, 203, 199)"
"Bay Mist","5006-7C","rgb(148, 205, 206)"
"Sea Seeker","5004-7C","rgb(147, 197, 201)"
"Crystal Sea","5004-7B","rgb(161, 206, 213)"
"Sea Sparkle","5003-7B","rgb(157, 200, 207)"
"Tidal Wave","5002-7C","rgb(143, 197, 211)"
"Skyward","5001-9C","rgb(158, 203, 218)"
"Ice Sculpture","5001-7B","rgb(162, 202, 224)"
"Spearmint Haze","5006-5C","rgb(157, 186, 167)"
"Turquoise Porcelain","5002-5C","rgb(140, 179, 179)"
"Fresh Basin","5003-7C","rgb(132, 182, 192)"
"Lucy Blue","5001-5C","rgb(139, 173, 184)"
"Summerhouse Blue","4008-5C","rgb(133, 165, 183)"
"Nostalgia","4007-6A","rgb(133, 161, 177)"
"Soft Skies","4006-6A","rgb(128, 171, 195)"
"Blue Vault","4006-5C","rgb(148, 187, 208)"
"Coventry Blue","4005-5C","rgb(146, 171, 191)"
"Office Blue","4005-6A","rgb(130, 157, 177)"
"Cool Bluegrass","5005-6A","rgb(110, 147, 127)"
"Water's Edge","5003-6A","rgb(116, 151, 149)"
"Lost Atlantis","5002-6B","rgb(97, 137, 138)"
"Spa Pool","5002-6A","rgb(109, 161, 163)"
"Ocean Voyage","5003-8B","rgb(84, 141, 151)"
"Sea Song","5003-8A","rgb(106, 160, 172)"
"Flood Tide","5001-6A","rgb(111, 149, 160)"
"Brookside","4008-6A","rgb(107, 141, 160)"
"Celebration Blue","4008-6B","rgb(97, 128, 146)"
"Royal Gray","4006-4A","rgb(120, 143, 161)"
"Alpine Top","5006-6C","rgb(91, 112, 93)"
"Mosaic Green","5008-8C","rgb(77, 118, 106)"
"Moonlit Surf","5004-6B","rgb(75, 128, 117)"
"Ocean Slumber","5004-8C","rgb(61, 111, 116)"
"Firmament","5003-8C","rgb(59, 103, 111)"
"Night Scape","5002-8C","rgb(54, 105, 118)"
"Sky Space","5001-6B","rgb(90, 129, 140)"
"Photogenic","5010-10","rgb(68, 112, 135)"
"Empire Fleet Blue","4006-6C","rgb(73, 110, 131)"
"Bountiful Blue","4007-6B","rgb(97, 126, 144)"
"Wilderness","6009-5","rgb(71, 97, 81)"
"Palace Green","6009-6","rgb(60, 97, 79)"
"Southern Garden","5011-6","rgb(55, 100, 87)"
"Capital Green","5004-6C","rgb(66, 100, 91)"
"Ivy League","5010-5","rgb(46, 91, 79)"
"Classic Teal","5011-8","rgb(40, 91, 98)"
"Azure Jazz","4011-6","rgb(56, 97, 120)"
"Newport Gray","4011-5","rgb(61, 88, 105)"
"Deep Twilight Blue","4007-6C","rgb(74, 99, 116)"
"Quarry Pond","5011-10","rgb(67, 99, 121)"
"Mixedwood Leaf","5007-6C","rgb(104, 130, 94)"
"Lime Twist","6009-8","rgb(81, 109, 68)"
"Favorite Green","5011-4","rgb(54, 89, 82)"
"Royal Pine","5011-5","rgb(49, 87, 83)"
"Boisterous Blue","4009-6","rgb(55, 82, 100)"
"Surrender","4004-7B","rgb(199, 211, 237)"
"Twilight Mist","4004-9B","rgb(202, 208, 233)"
"Fragrant Flower","1003-6B","rgb(221, 199, 222)"
"Pink Odyssey","1001-2B","rgb(242, 210, 231)"
"Dreamy Memory","1004-4B","rgb(235, 202, 221)"
"Pink Quartz","1002-2B","rgb(242, 199, 218)"
"Velvety Blush","1005-4B","rgb(235, 198, 214)"
"Pink Destiny","1003-2B","rgb(246, 202, 220)"
"Rosy Cheeks","1005-2B","rgb(249, 205, 219)"
"Hello Dolly","1007-4B","rgb(245, 209, 220)"
"Utterly Blue","4006-7B","rgb(182, 204, 229)"
"Celestial Blue","4003-5C","rgb(187, 203, 225)"
"Sassy Lilac","4003-9B","rgb(203, 196, 228)"
"Playful Petal","1001-4B","rgb(212, 197, 222)"
"Purple Whisper","4002-9C","rgb(217, 198, 227)"
"Lavender Quartz","4001-9C","rgb(224, 196, 224)"
"Lilac Ice","1003-4A","rgb(218, 191, 217)"
"Candy Ice","1005-6B","rgb(228, 194, 209)"
"Savvy Pink","1006-4B","rgb(236, 191, 206)"
"Prom Pink","1007-4A","rgb(238, 188, 202)"
"Breezy","4007-7C","rgb(163, 196, 224)"
"Novella Blue","4004-5B","rgb(175, 198, 219)"
"Loyalty","4006-7C","rgb(164, 196, 227)"
"Blue Galaxy","4005-9C","rgb(171, 191, 222)"
"Promise","4005-7C","rgb(180, 197, 229)"
"Ticklish","4004-7C","rgb(170, 185, 221)"
"Over the Moon","4003-7B","rgb(181, 191, 218)"
"Iris Moon","4004-9C","rgb(193, 197, 230)"
"Pleasant Violet","1004-6A","rgb(214, 183, 206)"
"Lofty Delight","1004-4A","rgb(222, 179, 204)"
"Precious Stone","4002-5C","rgb(166, 177, 200)"
"Purple Freedom","4002-7C","rgb(174, 176, 203)"
"Dusky Lavender","4001-7C","rgb(178, 170, 201)"
"Orchid House","1001-6A","rgb(190, 177, 208)"
"Fancy Pansy","1001-4A","rgb(190, 172, 204)"
"Classic Lilac","1002-5C","rgb(185, 166, 188)"
"Violet Sweet","1003-6A","rgb(195, 169, 198)"
"Floral Vista","1002-3C","rgb(199, 170, 199)"
"Dancing Rose","1005-6A","rgb(201, 163, 180)"
"Sugarplum Dance","1006-6A","rgb(207, 168, 180)"
"Lovebirds","4004-5C","rgb(146, 172, 199)"
"Splendid Blue","4004-6A","rgb(119, 149, 179)"
"Heartsong","4003-7C","rgb(153, 171, 206)"
"Twilight Fever","4002-6A","rgb(144, 155, 181)"
"Sweet Violet","4002-8A","rgb(161, 164, 197)"
"Utterly Violet","4001-8A","rgb(172, 169, 198)"
"Iris Blossom","1001-5C","rgb(167, 150, 184)"
"Serious Violet","1003-5C","rgb(176, 148, 182)"
"Sweet Purple","1003-7C","rgb(162, 136, 154)"
"Iris Reverie","1005-5C","rgb(184, 141, 161)"
"Blue Sash","4005-6B","rgb(113, 140, 163)"
"Gray Lavender","4005-4A","rgb(124, 141, 162)"
"Guest Blue","4003-6B","rgb(119, 133, 163)"
"Merlin","4002-6B","rgb(128, 140, 169)"
"Positively Purple","4002-8B","rgb(125, 128, 165)"
"Rapture","4001-6B","rgb(133, 131, 157)"
"Velvet Evening","4001-8B","rgb(126, 120, 155)"
"Purple Hills","1001-5B","rgb(145, 131, 167)"
"Evening Lilac","1002-5B","rgb(145, 126, 153)"
"Purple Plumage","1005-5B","rgb(165, 122, 141)"
"Retro-Colonial Blue","4006-4B","rgb(102, 124, 143)"
"Veranda Blue","4004-6B","rgb(96, 121, 146)"
"Thundering Clouds","4005-4B","rgb(102, 119, 141)"
"Atlantic Schooner","4004-6C","rgb(80, 105, 135)"
"Waterloo","4003-6C","rgb(85, 103, 136)"
"Celestial Mystery","4002-6C","rgb(89, 98, 126)"
"Success","4001-8C","rgb(101, 93, 122)"
"Purple Valley","1001-5A","rgb(111, 97, 131)"
"Canton Purple","1003-7B","rgb(139, 112, 131)"
"Vintage Grape","1005-5A","rgb(127, 89, 103)"
"Dark Iris","4009-5","rgb(58, 83, 103)"
"Deep Sea Diving","5001-8C","rgb(59, 91, 117)"
"Baritone Blues","4010-6","rgb(76, 98, 120)"
"Indigo Cloth","4009-7","rgb(61, 88, 114)"
"Mystified","4011-8","rgb(72, 83, 109)"
"Metropolis Lilac","4001-6C","rgb(100, 93, 121)"
"Velvet Beret","1001-3A","rgb(103, 83, 117)"
"Plum Good","4011-10","rgb(84, 65, 91)"
"Purple Cloak","1004-5A","rgb(111, 86, 104)"
"Plump Grape","1003-7A","rgb(115, 89, 104)"
"Ultra White","7006-24","rgb(246, 247, 244)"
"Paramount White","7006-22","rgb(236, 236, 228)"
"Blanched Pine","7005-15","rgb(235, 236, 231)"
"New Monsoon","7005-21","rgb(235, 239, 229)"
"Cool Gray","7006-10","rgb(236, 237, 233)"
"Lilac Muse","7004-3","rgb(236, 236, 235)"
"Italian Ice","7005-10","rgb(233, 246, 239)"
"Blue Kiss","7004-11","rgb(235, 237, 237)"
"Fluffy Slippers","7004-5","rgb(229, 239, 240)"
"Moonbeam","4005-7A","rgb(229, 236, 240)"
"Promenade","7006-3","rgb(233, 233, 224)"
"Hailstorm Gray","7006-21","rgb(233, 233, 225)"
"Bleached Slate","7004-20","rgb(232, 233, 228)"
"Light Moss","7005-23","rgb(231, 236, 223)"
"Acropolis","7005-4","rgb(230, 236, 226)"
"White Sash","7004-14","rgb(230, 234, 230)"
"Mint Spritzer","7005-11","rgb(229, 236, 228)"
"Ivy Shadow","7005-18","rgb(229, 234, 229)"
"Cool Elegance","7005-1","rgb(221, 238, 234)"
"Hotspring Green","7005-9","rgb(223, 236, 235)"
"Divine Cream","7006-8","rgb(230, 230, 220)"
"Summer Eclipse","7005-24","rgb(230, 232, 219)"
"Possibility","5007-1A","rgb(229, 231, 226)"
"Angel Touch","7004-24","rgb(227, 230, 224)"
"Pianissimo","7005-20","rgb(222, 234, 226)"
"Pirate Coast","5004-3A","rgb(223, 233, 228)"
"Sweet Leaf","7005-19","rgb(222, 233, 230)"
"Blue Whisper","5005-9A","rgb(217, 234, 232)"
"Gray Opal","7004-6","rgb(223, 233, 234)"
"Mountain Pear","4005-9A","rgb(224, 233, 237)"
"Mineral Ash","7006-19","rgb(230, 229, 222)"
"Silver Dust","7004-19","rgb(226, 227, 225)"
"Blowing Bubbles","5004-5A","rgb(219, 232, 222)"
"Dew Drop","7004-15","rgb(223, 231, 226)"
"Halcyon Blue","5001-3A","rgb(224, 229, 227)"
"Subtle Canopy","7004-8","rgb(218, 227, 225)"
"Sweet Slumber","7004-12","rgb(217, 228, 228)"
"Ice Rink Blue","4007-5A","rgb(217, 229, 231)"
"Prudence","7004-13","rgb(224, 227, 228)"
"Cool Mist","4004-7A","rgb(218, 227, 231)"
"Madison Avenue","7006-14","rgb(226, 224, 212)"
"Salute","7006-12","rgb(225, 224, 213)"
"Gray Palisade","7006-2","rgb(225, 224, 217)"
"Blizzard Fog","7006-18","rgb(224, 225, 220)"
"Comet Dust","5006-1A","rgb(224, 225, 221)"
"Sculpture White","7005-22","rgb(221, 225, 212)"
"Luna","5005-3A","rgb(220, 223, 215)"
"Sheer Light","7004-16","rgb(219, 223, 221)"
"Emerald Ice","7004-7","rgb(216, 224, 223)"
"Sapphire Glow","4003-5A","rgb(218, 225, 232)"
"Seashell Gray","4003-1A","rgb(219, 219, 215)"
"Wave's Crest","5005-1A","rgb(219, 222, 213)"
"Oxygen White","7005-17","rgb(214, 220, 211)"
"Pale Linen","7004-23","rgb(216, 222, 218)"
"Seashore Fog","7004-22","rgb(216, 221, 219)"
"Tsunami Sky","7004-4","rgb(217, 221, 221)"
"Rising Tide","4008-3A","rgb(212, 221, 223)"
"Wisteria Snow","4003-3A","rgb(215, 223, 227)"
"Ghost Ship","4007-3A","rgb(213, 221, 225)"
"Fragile Blue","7004-10","rgb(217, 220, 222)"
"Tempered Gray","4004-1A","rgb(214, 213, 208)"
"Silver Splendor","7006-20","rgb(215, 214, 202)"
"Madison White","5008-1A","rgb(218, 217, 210)"
"Stony Path","5007-1B","rgb(217, 219, 210)"
"Ante Meridian","5005-1B","rgb(212, 216, 207)"
"Quiet Mint","5003-1A","rgb(214, 220, 211)"
"Morning Lake","7004-21","rgb(211, 214, 212)"
"Polar Star","4005-1A","rgb(215, 217, 216)"
"Azure Snow","5001-1A","rgb(208, 217, 216)"
"Orchid Ash","4003-3B","rgb(210, 216, 224)"
"Tea Stain","6001-1A","rgb(215, 213, 201)"
"Sage Morsel","5005-1C","rgb(205, 210, 198)"
"Winter in Paris","5002-1A","rgb(207, 215, 209)"
"Sage Bud","5003-3A","rgb(201, 214, 206)"
"Distant Valley","5002-3A","rgb(201, 216, 209)"
"Northern Sky","5001-3B","rgb(202, 210, 208)"
"Bay Waves","4008-1A","rgb(206, 209, 208)"
"Pelican","4007-1A","rgb(209, 214, 214)"
"Tinsel Beam","4005-3A","rgb(202, 213, 222)"
"Moon Sail","4004-3A","rgb(207, 214, 222)"
"Notre Dame","5006-1B","rgb(201, 201, 195)"
"Sparkling Sage","5005-3B","rgb(203, 208, 197)"
"Mellow Tune","5003-1B","rgb(198, 204, 194)"
"Silver Leaf","4006-1A","rgb(205, 208, 210)"
"Water Lily Bloom","1007-6C","rgb(245, 221, 226)"
"Barely Pink","1006-8C","rgb(234, 215, 215)"
"Pink Breeze","2001-4C","rgb(248, 224, 222)"
"Baby Blush","1008-2C","rgb(250, 218, 215)"
"Soft Stone","7001-3","rgb(248, 226, 222)"
"Pink Wink","1006-2C","rgb(249, 227, 222)"
"Snow Pa","2003-4C","rgb(250, 217, 207)"
"Mosaic Pink","7001-13","rgb(235, 218, 212)"
"Champagne Pink","2004-4C","rgb(249, 228, 221)"
"Apricot Ice","2001-2C","rgb(248, 227, 218)"
"Oh So Pink","1008-4C","rgb(243, 210, 216)"
"Sweet Baby's Breath","1007-6B","rgb(230, 195, 200)"
"Lilac Buds","1004-8B","rgb(223, 204, 206)"
"Delicate Pink Rose","1008-6C","rgb(241, 210, 210)"
"Rose Buff","2002-4C","rgb(246, 211, 210)"
"Tulip Pink","2001-6C","rgb(242, 207, 205)"
"Rosy Glow","1008-8C","rgb(236, 210, 206)"
"Harmony","2001-8C","rgb(234, 205, 196)"
"Pale Satin Peach","2003-6C","rgb(240, 203, 189)"
"Tender Shell","1006-10C","rgb(226, 209, 202)"
"Tulip Petal","2001-4B","rgb(235, 192, 194)"
"Bombay Pink","1006-8B","rgb(212, 183, 184)"
"Embroidery Rose","1005-8B","rgb(221, 198, 197)"
"Radiant Pink","1007-8B","rgb(217, 187, 186)"
"Soft Pink","1008-8B","rgb(223, 187, 184)"
"Lovebug","1005-10B","rgb(202, 177, 174)"
"Rosario Ridge","1005-10C","rgb(218, 195, 191)"
"Semi-Precious","2001-8B","rgb(224, 188, 178)"
"Sunset Curtains","1007-10B","rgb(215, 184, 174)"
"Badlands Taupe","2003-10B","rgb(215, 195, 186)"
"Twilight Mauve","1001-8A","rgb(188, 173, 176)"
"Rosy Hue","1007-8A","rgb(206, 172, 173)"
"Cameo Pink","1006-8A","rgb(191, 155, 156)"
"Romantic Smoke","1005-8A","rgb(203, 174, 173)"
"Berry Frost","1004-10A","rgb(190, 173, 169)"
"Damask Dunes","1006-10B","rgb(205, 176, 167)"
"Mauve Blush","1006-10A","rgb(184, 155, 145)"
"Naked Clay","1008-10A","rgb(197, 165, 152)"
"Painted Desert Sand","2002-10B","rgb(200, 175, 165)"
"Glamorous Taupe","2003-10A","rgb(190, 168, 159)"
"Antoinette","1005-7C","rgb(182, 147, 150)"
"Dusky Hyacinth","1003-10A","rgb(175, 157, 156)"
"Lilac Gray","1003-9C","rgb(156, 140, 139)"
"Forest Trail","1005-9C","rgb(163, 132, 128)"
"Irish Tea","1004-9C","rgb(156, 134, 130)"
"Cherry Taupe","1005-10A","rgb(181, 151, 145)"
"Clay Dusk","1008-9B","rgb(161, 127, 117)"
"Wild Frontier","2001-9C","rgb(176, 144, 134)"
"Navajo Horizon","2003-9C","rgb(163, 136, 124)"
"Opaque Cocoa","2002-10A","rgb(179, 147, 133)"
"Smoked Mulberry","1004-7B","rgb(135, 110, 113)"
"Garnet Dust","1005-7B","rgb(151, 117, 118)"
"Fruitwood","1006-7B","rgb(146, 108, 109)"
"Sumac Berry","1007-7B","rgb(154, 117, 116)"
"Marron","1004-9B","rgb(127, 108, 103)"
"Southern Road","1006-9C","rgb(154, 121, 113)"
"Thorny Brush","1001-9B","rgb(133, 120, 116)"
"Roadhouse Tavern","2002-9B","rgb(144, 118, 108)"
"Antique Farmhouse","2002-9C","rgb(154, 125, 114)"
"Sea Lion Brown","2003-9B","rgb(141, 116, 106)"
"Chocolate Raspberry","1010-10","rgb(100, 85, 87)"
"Purple Earth","1004-7A","rgb(107, 84, 87)"
"Berry Brandy","1005-9B","rgb(129, 100, 98)"
"Western Clay","2009-8","rgb(127, 96, 92)"
"Bridle Leather Brown","1009-10","rgb(107, 86, 82)"
"Smoked Almond","1006-9A","rgb(120, 90, 82)"
"Western Brown","2009-9","rgb(112, 81, 72)"
"November Foliage","2001-9A","rgb(123, 92, 81)"
"Hunting Boots","1001-9A","rgb(106, 95, 91)"
"Brooklyn Brownstone","2003-9A","rgb(113, 89, 78)"
"Stoic","1010-6","rgb(114, 78, 86)"
"Crabapple Wine","1005-7A","rgb(111, 77, 80)"
"Brown Plum","1006-7A","rgb(110, 77, 76)"
"Piano Brown","1004-9A","rgb(100, 81, 77)"
"Tavern Mahogany","2002-9A","rgb(107, 82, 76)"
"Rich Chocolate","1005-9A","rgb(106, 76, 68)"
"Soul Chocolate","2011-9","rgb(106, 79, 72)"
"Mystic Taupe","1002-9A","rgb(97, 84, 80)"
"Gardener's Soil","2010-9","rgb(105, 83, 76)"
"Roasted Coffee","2009-10","rgb(103, 78, 68)"
"Ancient Burgundy","1011-6","rgb(86, 57, 64)"
"Virginia Soil","1003-9A","rgb(95, 79, 76)"
"Cabin Plank","2011-10","rgb(95, 79, 72)"
"Antique Burgundy","1011-8","rgb(73, 60, 63)"
"Adobe Blush","7001-4","rgb(246, 229, 220)"
"Perfection","7001-12","rgb(246, 229, 220)"
"Peach Kiss","2002-2C","rgb(251, 228, 210)"
"Crystal Pink","2005-4C","rgb(248, 234, 224)"
"Subtle Peach","2003-8C","rgb(250, 231, 213)"
"Abalone Pink","7002-17","rgb(248, 232, 217)"
"Subtle Suede","2005-6C","rgb(245, 225, 205)"
"Orange Mist","2004-2C","rgb(252, 228, 202)"
"Tangerine Dream","7001-7","rgb(244, 229, 212)"
"Peach Gala","2003-2C","rgb(247, 228, 204)"
"Honeysuckle Delight","1007-10C","rgb(237, 222, 214)"
"Desert Bone","1008-10C","rgb(235, 221, 213)"
"Cape Sands","2004-6C","rgb(246, 220, 201)"
"French Cream","2006-6C","rgb(242, 215, 193)"
"Santa Fe Spirit","2001-10C","rgb(236, 224, 213)"
"Fair Peach","2005-6B","rgb(242, 217, 197)"
"Warm Cappuccino","2004-8C","rgb(234, 215, 199)"
"Bubble Tea","7001-5","rgb(237, 223, 212)"
"Buttery Pink","2005-8C","rgb(239, 223, 208)"
"Cake Batter","2007-8C","rgb(237, 220, 204)"
"Rodeo Dust","1008-10B","rgb(222, 196, 185)"
"Rose Scroll","2002-10C","rgb(216, 193, 183)"
"Morning Glow","2002-8C","rgb(239, 211, 198)"
"Champagne Glee","2003-10C","rgb(224, 208, 200)"
"Simply Subtle Pink","2006-8C","rgb(231, 213, 199)"
"Sand Storm","2004-10B","rgb(213, 200, 189)"
"Sahara Sands","2007-8B","rgb(224, 198, 174)"
"New Penny","3001-8B","rgb(222, 202, 184)"
"Strawberry Malt","2008-8C","rgb(229, 207, 186)"
"Tagsale Linen","3001-10C","rgb(224, 207, 191)"
"Seagull Beach","1002-10B","rgb(199, 185, 179)"
"Blushing Bride","2001-10B","rgb(209, 187, 176)"
"Desert Travels","2001-10A","rgb(199, 171, 155)"
"Pacific Shoreline","2006-8B","rgb(217, 189, 173)"
"Estate Peach","2006-8A","rgb(211, 183, 165)"
"Dust Bunny","2005-10B","rgb(204, 188, 176)"
"Milk Toast","3001-10B","rgb(214, 191, 171)"
"Clean Sweep","2007-10B","rgb(197, 183, 169)"
"Mesa Tumbleweed","2008-10A","rgb(200, 185, 169)"
"Moose Mousse","3003-10A","rgb(199, 179, 158)"
"Wool Coat","1002-10A","rgb(175, 157, 147)"
"Adirondack Path","2004-10A","rgb(195, 172, 158)"
"Delta Sandbar","2005-9C","rgb(165, 142, 127)"
"Western Sandstone","1001-10A","rgb(192, 172, 156)"
"Free Wheeling","2006-10A","rgb(176, 155, 140)"
"Morning Coffee","2005-10A","rgb(195, 171, 153)"
"Boulder Beige","3001-10A","rgb(193, 169, 149)"
"Woodland Stone","2007-9C","rgb(176, 158, 142)"
"Timber Dust","2007-10A","rgb(187, 170, 154)"
"Faint Maple","2008-9C","rgb(182, 163, 144)"
"Soft Rabbit Brown","1002-9C","rgb(145, 129, 121)"
"Fudgecicle","2004-9C","rgb(165, 140, 127)"
"Zanzibar Spice","2005-9B","rgb(142, 121, 107)"
"Tempered Allspice","2006-9C","rgb(155, 136, 121)"
"Scented Candle","2006-9B","rgb(136, 116, 101)"
"Milk Chocolate","2007-9B","rgb(145, 126, 109)"
"Caramelized Onion","2008-9B","rgb(147, 127, 108)"
"Universal Umber","3003-9B","rgb(156, 134, 111)"
"Safari Beige","6006-2B","rgb(138, 126, 112)"
"Seine","6005-2B","rgb(136, 128, 118)"
"Summer Sparrow","1002-9B","rgb(129, 113, 106)"
"Brown Bark","2004-9B","rgb(135, 110, 99)"
"Wooden Wagon","3001-7A","rgb(127, 100, 83)"
"Gypsy Leather","3009-8","rgb(129, 105, 89)"
"Chocolate Turtle","3001-9A","rgb(123, 98, 81)"
"Humboldt Earth","3003-9A","rgb(120, 101, 87)"
"Sumatra Blend","2008-9A","rgb(116, 99, 86)"
"Shutter Brown","2007-9A","rgb(115, 99, 85)"
"Treetrunk","3009-10","rgb(119, 105, 90)"
"Stampede","3008-9A","rgb(115, 101, 86)"
"Boston Legacy","2005-9A","rgb(107, 89, 80)"
"Cowboy Boots","2010-10","rgb(101, 83, 74)"
"Deep Walnut","2004-9A","rgb(110, 89, 77)"
"Dark Earth","3011-8","rgb(111, 87, 68)"
"Frontier Road","3011-10","rgb(100, 89, 83)"
"Garden Walk","3010-9","rgb(108, 95, 86)"
"Mudslide","2006-9A","rgb(106, 90, 79)"
"Swiss Chocolate","3010-10","rgb(93, 82, 73)"
"Italian Leather","6005-2C","rgb(99, 90, 82)"
"Harvest Brown","6009-2","rgb(96, 86, 73)"
"Burnt Tile","6011-2","rgb(89, 78, 73)"
"Deep Earth","6010-2","rgb(84, 75, 69)"
"Journey","6010-1","rgb(89, 80, 72)"
"Orange Sparkle","2007-4C","rgb(248, 232, 211)"
"Sunset Nude","7002-9","rgb(249, 233, 211)"
"Night Light","7002-19","rgb(248, 236, 218)"
"Bermuda Sand","7002-10","rgb(243, 232, 214)"
"Kabuki Clay","3003-8C","rgb(243, 232, 212)"
"Ivory Lace","7003-6","rgb(241, 232, 212)"
"Veranda Ivory","7003-20","rgb(248, 237, 212)"
"Polished Ivory","7006-6","rgb(240, 233, 216)"
"Pam's Lace","7006-7","rgb(240, 234, 221)"
"Saffron Ivory","7003-21","rgb(249, 241, 216)"
"Sweet Sand","2007-6C","rgb(243, 228, 208)"
"Almond Cream","3001-4C","rgb(245, 229, 205)"
"Estate Vanilla","3004-8C","rgb(243, 230, 205)"
"Antique White","7002-20","rgb(239, 232, 218)"
"Thistle Seed","7003-13","rgb(241, 232, 213)"
"Frolic","7003-12","rgb(241, 231, 209)"
"Caribbean Walk","7003-5","rgb(239, 232, 215)"
"Romano","7003-15","rgb(237, 231, 212)"
"Shania's Lace","3006-10C","rgb(236, 231, 217)"
"Summer Linen","3005-10C","rgb(237, 232, 215)"
"Apricot Haze","7002-11","rgb(240, 226, 208)"
"Subtle Blush","3002-8C","rgb(242, 227, 208)"
"Honey Vanilla","7002-22","rgb(242, 228, 208)"
"Cameo White","7002-21","rgb(240, 227, 205)"
"Powder Soft","7003-17","rgb(241, 228, 203)"
"Totten's Inlet","7006-9","rgb(232, 226, 214)"
"Muslin Wrap","7003-11","rgb(238, 230, 211)"
"Crafted White","3007-6C","rgb(237, 226, 201)"
"Ivory Essence","3006-8C","rgb(236, 227, 206)"
"Barcelona White","7003-14","rgb(237, 230, 209)"
"Balance","2004-10C","rgb(232, 223, 211)"
"Manila Cream","3001-8C","rgb(230, 219, 202)"
"Malted Milk","7003-9","rgb(235, 224, 202)"
"Cream in my Coffee","3003-10C","rgb(230, 222, 207)"
"Courtyard Tan","7002-13","rgb(233, 225, 208)"
"Drumskin","7003-10","rgb(230, 219, 193)"
"Foxtrot","7003-3","rgb(229, 221, 204)"
"Unforgettable","7003-2","rgb(228, 220, 199)"
"Daybreak","6008-3A","rgb(229, 221, 201)"
"Gracious","6007-1A","rgb(226, 221, 207)"
"Savoury Beige","3002-10C","rgb(228, 216, 198)"
"Clay Angel","7002-1","rgb(223, 215, 203)"
"Parlour Taupe","7003-1","rgb(218, 208, 192)"
"Coconut Milk","2007-10C","rgb(225, 215, 199)"
"Rattan Basket","3007-10C","rgb(218, 207, 187)"
"Lovely Bluff","3004-10C","rgb(229, 216, 193)"
"Light Raffia","3008-10B","rgb(225, 217, 200)"
"Shoreline Haze","6008-1B","rgb(218, 211, 192)"
"Milestone","6007-1B","rgb(218, 210, 190)"
"Fennel Splash","6007-3B","rgb(224, 215, 189)"
"Gallery Grey","2006-10B","rgb(195, 184, 172)"
"Hopsack","3003-10B","rgb(208, 193, 174)"
"Desert Fortress","2008-10B","rgb(218, 205, 189)"
"Ivory Brown","6006-1C","rgb(188, 176, 161)"
"Oregon Coast","6007-1C","rgb(195, 182, 162)"
"Freshly Baked","3008-10A","rgb(199, 186, 166)"
"Oatbran","6006-1B","rgb(206, 196, 179)"
"Soft Stones","6008-1C","rgb(197, 187, 168)"
"Frappé","6003-1B","rgb(191, 186, 175)"
"Villa Grey","6005-1B","rgb(209, 204, 191)"
"Smoked Oyster","6005-1C","rgb(175, 166, 154)"
"Stone Manor","6006-2A","rgb(157, 145, 128)"
"Coastal Villa","6005-2A","rgb(161, 153, 142)"
"Ashen Grey","6004-1C","rgb(179, 171, 161)"
"Arid Plains","6007-2A","rgb(175, 162, 143)"
"Aspen Gray","6004-2A","rgb(162, 157, 147)"
"Artichoke","6003-2A","rgb(146, 141, 130)"
"Transitional Tan","6008-2A","rgb(176, 167, 144)"
"Gray Silt","6002-1C","rgb(172, 167, 153)"
"Tornado Watch","6002-2A","rgb(165, 161, 148)"
"Riverbed's Edge","3008-9B","rgb(152, 135, 113)"
"Wild Hawk","6007-2B","rgb(147, 134, 114)"
"Olive Sawdust","6007-2C","rgb(120, 110, 94)"
"Prairie Foliage","6008-2C","rgb(109, 98, 80)"
"Roasted Sepia","6006-2C","rgb(100, 91, 79)"
"Moss Mulch","6009-4","rgb(117, 106, 84)"
"Sandalwood","6008-2B","rgb(150, 140, 116)"
"Empire","6003-2B","rgb(128, 124, 114)"
"Mossy Aura","6002-2B","rgb(138, 133, 119)"
"Falcon's Plume","6002-2C","rgb(107, 103, 92)"
"Olive Suede","6010-3","rgb(82, 79, 69)"
"Montana Moss","6009-3","rgb(89, 82, 68)"
"Amazon Silt","6010-4","rgb(96, 91, 71)"
"December Starlight","7003-7","rgb(243, 240, 226)"
"Enlightenment","3003-2C","rgb(248, 244, 215)"
"Gilded Endive","7003-22","rgb(247, 244, 219)"
"Betsy's Linen","7005-16","rgb(247, 245, 231)"
"Lemon Edge","7003-23","rgb(244, 243, 229)"
"Ambrosia Mist","6003-5A","rgb(237, 241, 211)"
"Tempered Spring","7005-13","rgb(234, 241, 219)"
"Chartreuse Frost","7005-14","rgb(233, 240, 222)"
"Frosted Shadow","7005-12","rgb(235, 243, 222)"
"Sea Cove","7005-5","rgb(235, 243, 227)"
"Whitewashed Oak","7006-23","rgb(239, 235, 218)"
"Honeymilk","7003-4","rgb(240, 237, 223)"
"Statuesque","7002-5","rgb(240, 237, 224)"
"Pontoon White","7006-13","rgb(237, 235, 219)"
"Ocean Buff","7005-7","rgb(235, 235, 217)"
"Grassy Field","6004-5A","rgb(237, 239, 216)"
"Whipped Mint","6006-7A","rgb(235, 239, 208)"
"Desert Seedling","6001-5A","rgb(233, 239, 217)"
"Mint Mist","6004-7A","rgb(228, 239, 214)"
"Green Mist","6005-9A","rgb(228, 239, 215)"
"Ginger Sugar","6007-3A","rgb(238, 232, 209)"
"Presidential White","7006-15","rgb(231, 225, 206)"
"Country Whitewash","6008-1A","rgb(237, 234, 220)"
"Feathered Fern","6005-5A","rgb(238, 234, 207)"
"Summer Mist","6004-3A","rgb(229, 227, 208)"
"Hemingway","7005-8","rgb(234, 232, 212)"
"Green Highland","6007-5A","rgb(230, 227, 199)"
"Parisian Mist","7005-6","rgb(228, 232, 214)"
"Pale Oak Grove","5008-3A","rgb(222, 228, 213)"
"Pale Tidepool","5008-5A","rgb(214, 231, 208)"
"September Fog","6003-1A","rgb(222, 218, 204)"
"Spring Reflection","6003-3A","rgb(226, 223, 198)"
"Lunar Tide","6006-3B","rgb(219, 217, 190)"
"Ancient Olive","6001-3A","rgb(222, 222, 204)"
"Panacea","6002-3A","rgb(222, 223, 198)"
"White Scallion","6006-3A","rgb(221, 222, 205)"
"Aspiration","5004-1A","rgb(211, 215, 199)"
"Pale Pastures","5006-3A","rgb(211, 216, 196)"
"Glowing Green","5007-3A","rgb(218, 223, 207)"
"Crocodile Dreams","5007-5A","rgb(204, 223, 196)"
"Greyed","6001-1B","rgb(201, 196, 178)"
"Bay Sands","5008-1B","rgb(208, 206, 193)"
"Brown Buzz","6005-3B","rgb(202, 200, 183)"
"Olive White","6005-3A","rgb(207, 207, 182)"
"Mint Frost","6001-3B","rgb(201, 203, 181)"
"Mint Glaze","5004-1B","rgb(202, 205, 191)"
"Spearmint Shale","5008-3B","rgb(203, 210, 192)"
"Mellow Spring","5007-3B","rgb(203, 211, 196)"
"Wedding Mint","5006-3B","rgb(189, 200, 181)"
"Garden Flower","5004-3B","rgb(193, 203, 192)"
"Carriage House","6003-1C","rgb(179, 175, 159)"
"Hunter's White","6002-1B","rgb(178, 174, 159)"
"Sandy Sage","5008-1C","rgb(189, 185, 170)"
"Hazy Jade","6001-3C","rgb(174, 179, 150)"
"Green Tea Leaves","5004-1C","rgb(162, 166, 149)"
"Irish Paddock","5006-4A","rgb(150, 163, 141)"
"Spring Spirits","5003-1C","rgb(155, 163, 150)"
"Ballroom Dancing","5005-4A","rgb(169, 180, 165)"
"Green Trellis","5006-3C","rgb(170, 185, 165)"
"Favourite Jade","5004-3C","rgb(162, 176, 160)"
"Sweet Carolina","5008-2A","rgb(150, 147, 126)"
"Folkstone","6001-2A","rgb(139, 137, 120)"
"Grandma's Linen","6001-1C","rgb(155, 155, 136)"
"Native Henna","6001-4B","rgb(132, 136, 110)"
"Blanched Thyme","6001-4A","rgb(146, 150, 124)"
"Tuscan Olive","5004-2A","rgb(148, 154, 132)"
"Cottage Lattice Green","5003-2A","rgb(134, 138, 125)"
"Leafy Rise","5007-4A","rgb(143, 154, 127)"
"Northern Glen","5007-4B","rgb(126, 139, 113)"
"Ginkgo Tree","5006-4B","rgb(128, 140, 121)"
"Ironclad","5008-2B","rgb(127, 121, 98)"
"City Arboretum","6006-4C","rgb(109, 105, 84)"
"Smoky Olive","6001-2B","rgb(131, 130, 115)"
"Cosmopolitan Olive","5008-2C","rgb(107, 107, 95)"
"Tarragon","6001-4C","rgb(107, 109, 85)"
"Fields of Green","5004-2B","rgb(126, 131, 116)"
"Boughs of Pine","5007-4C","rgb(95, 104, 82)"
"April Arbor","5008-4C","rgb(108, 116, 96)"
"Lush Sage","5003-2B","rgb(120, 129, 118)"
"Green Peppercorn","5005-4B","rgb(120, 132, 118)"
"Olive Smudge","6001-2C","rgb(98, 96, 84)"
"Night Safari","6011-3","rgb(96, 95, 84)"
"Flora","5004-2C","rgb(94, 99, 87)"
"Belmont Green","5005-4C","rgb(90, 98, 89)"
"Treeline","5006-4C","rgb(87, 99, 86)"
"Mint Hint","6004-9A","rgb(223, 242, 225)"
"Minty Delight","5006-5A","rgb(220, 234, 224)"
"Neon Mint","7005-3","rgb(222, 238, 228)"
"Mint Whisper","5008-7A","rgb(211, 234, 226)"
"Stillness","7005-2","rgb(218, 239, 235)"
"Icy Blue","5004-9A","rgb(218, 242, 239)"
"Sea Air","5006-9A","rgb(202, 235, 232)"
"Fountain Mist","5005-9B","rgb(204, 234, 234)"
"Tropical Mist","5002-7A","rgb(209, 234, 235)"
"Dewdrop","4006-7A","rgb(215, 232, 244)"
"Icy Mint","6001-7A","rgb(207, 232, 218)"
"Ultra Green","6002-9A","rgb(204, 231, 216)"
"Gossamer Sky","5002-5A","rgb(206, 229, 223)"
"Dancing Mist","5005-7A","rgb(213, 232, 227)"
"Sea Breath","5006-7A","rgb(203, 230, 229)"
"River Mist","5003-9A","rgb(203, 234, 241)"
"Crystalline","5002-9A","rgb(210, 231, 237)"
"Skywriter","4008-9A","rgb(205, 227, 237)"
"Air Kiss","4007-7A","rgb(209, 227, 236)"
"Blue Mist","4006-9A","rgb(208, 229, 242)"
"Pillow Mint","5005-5A","rgb(202, 220, 211)"
"Inspiring Hue","5007-9A","rgb(198, 228, 219)"
"Mystic Sea","5007-7A","rgb(193, 228, 223)"
"Dreamy Clouds","5002-5B","rgb(201, 223, 222)"
"Tropical Spray","5004-7A","rgb(195, 225, 227)"
"Lament Blue","5001-5A","rgb(202, 220, 224)"
"Rain Dance","5001-9A","rgb(190, 221, 230)"
"New Day","4006-5A","rgb(201, 222, 232)"
"Summer Breeze","4008-7A","rgb(200, 226, 239)"
"Journal Book","4004-5A","rgb(207, 222, 231)"
"Frosty Grass","5003-3B","rgb(195, 209, 199)"
"Aloe Vera","5006-5B","rgb(198, 216, 204)"
"Sweet Mint","5005-5B","rgb(192, 212, 200)"
"Aquatic Edge","5003-5A","rgb(197, 218, 214)"
"Destiny","5003-5B","rgb(189, 214, 213)"
"Harbor Mist","5003-7A","rgb(186, 219, 224)"
"Pale Flowers","4008-5A","rgb(194, 216, 225)"
"Schoolboy Blue","4007-5B","rgb(188, 209, 217)"
"Blue Raindrop","4005-5A","rgb(200, 217, 228)"
"Silver Dusk","4006-3A","rgb(190, 207, 218)"
"Tranquil Bay","5004-5B","rgb(174, 197, 182)"
"April Thicket","5003-3C","rgb(171, 190, 180)"
"Sparkling Lake","5002-3B","rgb(187, 205, 200)"
"High Noon","5001-5B","rgb(166, 197, 205)"
"Memorybook Blue","4007-5C","rgb(164, 191, 205)"
"Northern Sky Blue","4008-5B","rgb(170, 197, 211)"
"Lighthouse Shadows","4008-3B","rgb(187, 200, 208)"
"Shark Loop","4007-3B","rgb(183, 194, 202)"
"Sailboat","4005-5B","rgb(177, 200, 216)"
"Palisade Blue","4006-3B","rgb(165, 184, 198)"
"Field of Pines","5004-4A","rgb(144, 163, 149)"
"Green Water","5003-4A","rgb(144, 164, 156)"
"Tropical Bay","5002-3C","rgb(160, 185, 178)"
"Valley Haze","5004-5C","rgb(150, 183, 175)"
"Lake Country","5003-5C","rgb(155, 186, 183)"
"Café Blue","5001-4A","rgb(139, 156, 155)"
"Blue Arrow","5001-3C","rgb(160, 176, 177)"
"Silver Fox","4008-3C","rgb(147, 166, 177)"
"Evening Eclipse","4007-3C","rgb(142, 156, 166)"
"Blue Skylights","4006-3C","rgb(143, 166, 183)"
"Hanging Vine","5005-6B","rgb(108, 134, 121)"
"Taiga Spruce","5003-4B","rgb(118, 134, 127)"
"Blueridge Fir","5004-4B","rgb(118, 139, 130)"
"Liquid Jade","5003-6B","rgb(98, 129, 126)"
"Secluded Garden","5002-4A","rgb(128, 155, 153)"
"Villa Blue","5002-4B","rgb(118, 146, 146)"
"Northern Juniper","5001-4B","rgb(118, 139, 140)"
"Academy Gray","5001-2A","rgb(119, 132, 137)"
"Pulitzer Blue","4008-4A","rgb(118, 141, 156)"
"Cornflower Blue","4008-4B","rgb(118, 135, 147)"
"Billiard Room","5005-6C","rgb(82, 103, 90)"
"Canadian Fir","5004-4C","rgb(81, 102, 94)"
"Thalo Night","5009-4","rgb(81, 96, 91)"
"Shady Palm","5003-6C","rgb(84, 116, 112)"
"Ocean Abyss","5002-6C","rgb(76, 109, 111)"
"Perfect Storm","5001-6C","rgb(76, 103, 112)"
"Relaxed Navy","5001-2B","rgb(100, 113, 118)"
"Prussian Cadet","4008-6C","rgb(82, 104, 119)"
"Magnet Dapple","4007-4A","rgb(108, 122, 133)"
"Smoky Pitch","4007-4B","rgb(96, 110, 121)"
"Peacock House","5010-4","rgb(64, 85, 80)"
"Sequoia Glade","5002-4C","rgb(77, 96, 97)"
"Deep River Green","5010-3","rgb(64, 78, 80)"
"Everglade Deck","5011-3","rgb(60, 80, 88)"
"Pale Orchid","1003-6C","rgb(233, 221, 234)"
"Cascadia","1002-4C","rgb(243, 223, 237)"
"Dusted Gloam","1003-4B","rgb(237, 221, 230)"
"Pink Mist","1001-2C","rgb(245, 226, 236)"
"Quebec Calm","1005-4C","rgb(246, 219, 229)"
"Utterly Pink","1003-2C","rgb(248, 219, 229)"
"Pink Ribbon","1005-2C","rgb(249, 224, 232)"
"Art Deco Pink","1007-4C","rgb(250, 221, 229)"
"Pixie Dust","1004-2C","rgb(249, 227, 233)"
"Pink Whisper","1002-2C","rgb(249, 229, 234)"
"Cool  Hue","4005-9B","rgb(206, 219, 236)"
"Cool Morning","4003-7A","rgb(209, 220, 237)"
"Super Nova","4004-9A","rgb(222, 223, 238)"
"Lilac Whisper","4003-9A","rgb(218, 216, 230)"
"Purple Mist","4002-9A","rgb(230, 220, 234)"
"Simply Lavender","4001-9B","rgb(230, 211, 231)"
"Easter Morning","1002-6B","rgb(229, 215, 227)"
"Lucky You","1004-4C","rgb(239, 216, 229)"
"Opal Blush","1005-6C","rgb(238, 218, 226)"
"Pink Taffy","1006-4C","rgb(240, 216, 223)"
"Prairie Sky","4003-5B","rgb(202, 214, 227)"
"Serenity","4005-7B","rgb(206, 218, 237)"
"Morning Chill","4002-5A","rgb(206, 213, 227)"
"Lavender Mist","4001-7B","rgb(206, 207, 225)"
"Purpling Dawn","1001-6B","rgb(217, 207, 223)"
"Whipped Plum","4002-9B","rgb(222, 208, 229)"
"Early Lilac","1002-6A","rgb(215, 203, 218)"
"Lilac Lane","1002-4B","rgb(229, 211, 226)"
"Sweet Lily","1002-4A","rgb(224, 202, 219)"
"Lilac Lace","1003-8C","rgb(223, 204, 214)"
"Glacier Mist","4005-3B","rgb(174, 190, 206)"
"Courtyard Shadow","4004-3B","rgb(177, 187, 200)"
"Lilac Macchiato","4002-5B","rgb(182, 192, 214)"
"Misty Morning Dew","4003-3C","rgb(179, 186, 199)"
"Lavender Escape","4002-7B","rgb(202, 204, 222)"
"Fragrant Lilac","4001-5B","rgb(196, 196, 209)"
"Simple Violet","1004-6B","rgb(225, 199, 216)"
"Subtle Purple","1003-8B","rgb(208, 187, 200)"
"Lindsey Lilac","1002-8A","rgb(201, 178, 189)"
"Fragrant Orchid","1006-6B","rgb(226, 199, 208)"
"Blissful Blue","4005-3C","rgb(142, 157, 174)"
"Acier Tint","4004-3C","rgb(152, 162, 178)"
"Lavender Lake","4001-5C","rgb(173, 172, 192)"
"Winter Amethyst","4001-6A","rgb(161, 159, 183)"
"Livid Violet","4002-3C","rgb(184, 176, 188)"
"Midsummer Twilight","4001-3C","rgb(187, 175, 189)"
"Native Lilac","4001-4A","rgb(171, 156, 172)"
"Dusty Lavender","1002-7C","rgb(177, 155, 170)"
"Glass Slippers","1003-8A","rgb(186, 160, 177)"
"Bedroom Plum","1004-8A","rgb(189, 164, 173)"
"Window Screen","4004-4A","rgb(124, 134, 151)"
"Mulberry Shadow","4003-4A","rgb(144, 154, 173)"
"Seattle Haze","4003-4B","rgb(119, 126, 142)"
"Turbid Amethyst","4002-4B","rgb(126, 120, 137)"
"Lucent Purple","4002-4A","rgb(151, 145, 158)"
"Classical Violet","4001-4B","rgb(135, 120, 133)"
"Plum Legacy","1002-7B","rgb(145, 121, 135)"
"Simple Plum","1001-7B","rgb(130, 116, 123)"
"Sweet Shadows","1001-7C","rgb(165, 151, 157)"
"Mellow Mauve","1004-7C","rgb(166, 142, 150)"
"Hampton Surf","4010-5","rgb(77, 92, 106)"
"Mountain River","4005-6C","rgb(81, 98, 115)"
"Motor City Blue","4005-4C","rgb(83, 94, 110)"
"Midnight Shadow","4004-4C","rgb(82, 94, 109)"
"Pacific Coast","4004-4B","rgb(108, 118, 134)"
"Dark Night","4003-4C","rgb(94, 101, 118)"
"Boysenberry Jam","4002-4C","rgb(99, 93, 108)"
"Stormy Purple","1002-5A","rgb(103, 86, 105)"
"Raspberry Wine","1009-9","rgb(107, 84, 98)"
"Sweet Currant","1001-7A","rgb(102, 87, 93)"
"Fly-by-Night Blue","4009-4","rgb(65, 79, 91)"
"Pitch Cobalt","5010-2","rgb(67, 77, 86)"
"Night View","4007-4C","rgb(79, 89, 97)"
"Dutch Licorice","4008-4C","rgb(75, 83, 91)"
"Moon Shade","4006-4C","rgb(73, 87, 101)"
"Rogue Blue","5009-2","rgb(82, 90, 100)"
"Gotham Gray","4009-3","rgb(74, 81, 90)"
"Purple Fury","4001-4C","rgb(95, 85, 97)"
"Regal Plum","1002-7A","rgb(100, 83, 95)"
"Gypsy Rouge","1010-9","rgb(101, 79, 93)"
"Indigo Streamer","4010-4","rgb(64, 76, 91)"
"Royal Navy","4011-4","rgb(65, 74, 85)"
"Corduroy Black","4010-3","rgb(69, 74, 83)"
"Blue Coal","4011-3","rgb(65, 68, 80)"
"Twilight Purple","4010-2","rgb(62, 59, 70)"
"Rare Wine","1011-9","rgb(77, 64, 74)"
"Soulful Grey","6004-1B","rgb(187, 184, 175)"
"Granite Dust","5006-1C","rgb(186, 188, 182)"
"Urban Sunrise","4004-1B","rgb(182, 184, 181)"
"Nuance","5005-3C","rgb(182, 189, 179)"
"Smoke Infusion","5002-1B","rgb(180, 188, 184)"
"Polished Silver","4008-1B","rgb(180, 184, 183)"
"Autumn Fog","4007-1B","rgb(178, 186, 188)"
"Grey Brook","5001-1B","rgb(178, 189, 194)"
"Gravity","4005-1B","rgb(198, 201, 203)"
"Voyage","4006-1B","rgb(181, 187, 192)"
"Winter Calm","4001-1B","rgb(187, 180, 179)"
"London Coach","4002-1B","rgb(183, 174, 170)"
"Rocky Bluffs","4003-1C","rgb(173, 169, 164)"
"Hazy Stratus","4004-1C","rgb(166, 166, 161)"
"Wet Pavement","5006-2A","rgb(166, 166, 159)"
"Coastal Jetty","5007-1C","rgb(173, 175, 167)"
"Secret Moss","5005-2A","rgb(155, 160, 152)"
"Winter Flannel","4007-1C","rgb(151, 159, 162)"
"Metropolis","4005-1C","rgb(173, 177, 179)"
"Drizzling Mist","4006-1C","rgb(155, 160, 164)"
"Opal Slate","4001-1C","rgb(151, 146, 145)"
"Channel Seal Gray","1001-9C","rgb(159, 147, 143)"
"Bleached Shadow","4002-1C","rgb(156, 149, 146)"
"Cathedral Stone","4003-2A","rgb(151, 148, 146)"
"Gray Exposé","5007-2A","rgb(155, 157, 148)"
"Seafoam Storm","5002-1C","rgb(152, 159, 152)"
"Beguile","5002-2A","rgb(134, 144, 140)"
"Stone Mason Gray","4008-1C","rgb(154, 158, 157)"
"Blue Twilight","5001-1C","rgb(145, 158, 161)"
"Cadet Gray","4001-2A","rgb(144, 139, 142)"
"Olive Gray","4002-2A","rgb(144, 136, 134)"
"Dusty Lead","4002-2B","rgb(135, 129, 127)"
"Mountain Smoke","6004-2B","rgb(135, 131, 123)"
"Porcelain Shale","5006-2B","rgb(130, 131, 124)"
"Lead Cast","5007-2B","rgb(133, 135, 126)"
"Grey Suit","4004-2A","rgb(136, 136, 134)"
"Murky Sage","5005-2B","rgb(128, 132, 123)"
"City Storm","4008-2A","rgb(135, 140, 141)"
"Sharkfin","4007-2A","rgb(132, 142, 146)"
"Vessel Gray","4005-2A","rgb(132, 135, 139)"
"Roaming Pony","1003-9B","rgb(126, 113, 114)"
"Rugged Suede","4003-2B","rgb(123, 120, 117)"
"Ocean Storm","4004-2B","rgb(111, 113, 111)"
"Coastal Dusk","5002-2B","rgb(117, 126, 123)"
"Almost Charcoal","4008-2B","rgb(116, 121, 122)"
"Iron Frost","4007-2B","rgb(114, 122, 128)"
"Crucible","4006-2B","rgb(107, 113, 119)"
"Elephant Gray","4006-2A","rgb(123, 129, 137)"
"High-Speed Steel","4005-2B","rgb(107, 110, 113)"
"Cinder Fox","4001-2B","rgb(132, 128, 131)"
"Blackstrap","4001-2C","rgb(95, 90, 91)"
"Porch Step","3011-9","rgb(97, 92, 89)"
"Semi-Sweet","4003-2C","rgb(98, 95, 93)"
"Wetlands","5007-2C","rgb(103, 104, 96)"
"Sable Evening","5006-2C","rgb(99, 101, 96)"
"Quaking Bog","5005-2C","rgb(102, 106, 99)"
"Forest Nightfall","5003-4C","rgb(84, 96, 92)"
"Muted Ebony","4008-2C","rgb(91, 94, 93)"
"Cobalt Cannon","5001-2C","rgb(89, 97, 100)"
"Volcanic Ash","4009-1","rgb(84, 91, 96)"
"Labrador","3009-9","rgb(94, 83, 79)"
"English Tea Party","6004-2C","rgb(93, 89, 82)"
"Ebony Field","4004-2C","rgb(87, 85, 82)"
"Turkish Coffee","6003-2C","rgb(94, 89, 81)"
"Blackened Pine","5003-2C","rgb(82, 87, 80)"
"Sable Calm","5002-2C","rgb(86, 91, 87)"
"Slate Court","5001-4C","rgb(80, 90, 92)"
"Blindfold","4007-2C","rgb(83, 87, 90)"
"Muskeg Grey","4005-2C","rgb(84, 86, 89)"
"Hematite","4006-2C","rgb(86, 89, 94)"
"Safari Brown","6009-1","rgb(82, 79, 79)"
"Brown Velvet","1011-10","rgb(81, 72, 69)"
"Black Raisin","4002-2C","rgb(81, 71, 69)"
"Fired Earth","6011-1","rgb(75, 72, 69)"
"Dark Oasis","6011-4","rgb(83, 81, 73)"
"Aged Pine","6011-5","rgb(68, 75, 67)"
"Deepest River","5009-3","rgb(75, 86, 83)"
"Forest Canopy","5010-1","rgb(67, 74, 74)"
"Black Evergreen","5009-1","rgb(73, 82, 82)"
"Chimney Smoke","4010-1","rgb(77, 82, 86)"
"Nocturnal Green","5011-1","rgb(65, 70, 71)"
"Dark Kettle Black","4011-2","rgb(63, 64, 67)"
"Very Black","5011-2","rgb(66, 68, 73)"
"New Black","4011-1","rgb(64, 65, 69)"
"Noir","4009-2","rgb(67, 68, 70)"