"Hint of Vanilla","C-0","#eee7da"
"Elusive White","C-1","#e9e4d6"
"Nilla Vanilla","C-2","#f0eade"
"Child of Heaven","C-3","#efeade"
"Kiara","C-4","#f5ecdc"
"Little Dove","C-5","#e9dfcd"
"Cotton Ball","C-6","#f5eedf"
"Casa Blanca","C-7","#f5ecd8"
"Chapel Wall","C-8","#f3ebd7"
"Petticoat","C-9","#f0e4cd"
"Sugar Dust","C-10","#f8f5eb"
"Bunny Cake","C-11","#f4eee0"
"Sphere","C-12","#f2e8cb"
"Twill","C-13","#f0e6d2"
"White Glove","C-14","#f8f3e1"
"Pumice Stone","C-15","#f7f0dd"
"Luna Moon","C-16","#ede9e0"
"Dove White","C-17","#e4e1d7"
"Mystic Fog","C-18","#eae8df"
"Bonaire","C-19","#e5e1d6"
"Barely White","C-20","#e2e3dc"
"White Kitten","C-21","#e0dfda"
"Shell Tint","C-22","#edf0e8"
"Just About White","C-23","#e9e7de"
"Prismatic Pearl","C-24","#e9e7dc"
"Moon Drop","C-25","#dcd4c7"
"White Fence","C-26","#e8e3d8"
"Bannister White","C-27","#e2e0d5"
"Cherish is the Word","C-28","#e6e3d9"
"Lady Nicole","C-29","#d6d6cc"
"Italian Ice","C-30","#e2dfd2"
"Ice Dream","C-31","#eaeae0"
"Chafed Wheat","C-32","#f6e1cf"
"Here Comes the Sun","C-33","#f0d1bd"
"Weekend Retreat","C-34","#e7c3ad"
"Fortune's Prize","C-35","#d8a993"
"Money Tree","C-36","#c9957b"
"Autumn's Hills","C-37","#ba7b61"
"Mandalay Road","C-38","#a16348"
"Antique Candle Light","C-39","#f3e0d5"
"Chinese Cherry","C-40","#f0d6ca"
"Antoinette Pink","C-41","#e5c1b3"
"Angel Breath","C-42","#daaf9e"
"Calliope","C-43","#c79a8c"
"Sizzling Hot","C-44","#a26956"
"Valentino","C-45","#7d4534"
"Sand Island","C-46","#f3d1c1"
"Embrace","C-47","#e6b8a4"
"Auburn Wave","C-48","#d6a393"
"Simmering Ridge","C-49","#ca9280"
"Caramel Candy","C-50","#b2715b"
"Spiced Carrot","C-51","#a4624c"
"Remaining Embers","C-52","#8a4f3a"
"Wink Pink","C-53","#f8e8de"
"Strawberry Whip","C-54","#f8d6cb"
"Dainty Debutante","C-55","#f2bcb0"
"Marble Pink","C-56","#d18277"
"Angelic Choir","C-57","#b6665c"
"Quintessential","C-58","#8b5045"
"Parlor Rose","C-59","#873f39"
"Pinkathon","C-60","#efbcb8"
"Blooming Perfect","C-61","#d69594"
"Impatient Heart","C-62","#c37d7b"
"Lord Baltimore","C-63","#b66762"
"Poppy Prose","C-64","#ac5d58"
"Wild Rose","C-65","#8e3237"
"Lover's Kiss","C-66","#8e393a"
"Summer Blush","C-67","#f8e0d7"
"Empire Rose","C-68","#e7c5c1"
"O Fortuna","C-69","#e0b8b5"
"Ruby Eye","C-70","#cfa1a0"
"Notice Me","C-71","#b88484"
"Corazon","C-72","#996461"
"Emperor's Robe","C-73","#79463c"
"Pink Duet","C-74","#f8e8e4"
"Fantastic Pink","C-75","#e7c9c8"
"Pink Softness","C-76","#ddb8bb"
"Be Mine","C-77","#c99ea2"
"Prophetess","C-78","#be8a8d"
"Abra Cadabra","C-79","#956164"
"Berry Crush","C-80","#72423d"
"Rose Shadow","C-81","#f3d6d5"
"Pink Coral","C-82","#eac9cb"
"Quiet Pink","C-83","#e4bbc0"
"Fragrant Satchel","C-84","#d6a1a9"
"King's Cloak","C-85","#c38691"
"Cinnapink","C-86","#a5646f"
"Casandra","C-87","#7c4346"
"Star of Morning","C-88","#edbbbd"
"Moon Goddess","C-89","#d7a6ad"
"Garnet Shadow","C-90","#c69095"
"Fresh Day","C-91","#ad6f73"
"Herald of Spring","C-92","#a36365"
"Starlet","C-93","#845052"
"Queen's Rose","C-94","#763c40"
"Morning Side","C-95","#f4e1db"
"Odyssey Plum","C-96","#e1c1c3"
"Lockhart","C-97","#bb98a0"
"Lover's Tryst","C-98","#a27d85"
"Whimsy","C-99","#896367"
"Fruitful Orchard","C-100","#774144"
"Earthly Pleasure","C-101","#68413e"
"Hosanna","C-102","#d9b8be"
"Victorian Cottage","C-103","#d2adb4"
"Harvest Blessing","C-104","#c39ca5"
"Rare Find","C-105","#ab7c88"
"Prosperity","C-106","#8f5c62"
"Exotica","C-107","#78424d"
"Kung Fu","C-108","#60373e"
"Baby Bunting","C-109","#ecc8cc"
"Acadia Bloom","C-110","#e3b7bd"
"Lady Flower","C-111","#cfa4ae"
"Punch of Pink","C-112","#b68592"
"Montrose Rose","C-113","#9c6872"
"Sophistication","C-114","#6f3445"
"Cordova Burgundy","C-115","#783240"
"Satin Slipper","C-116","#f1d7d1"
"Miniature Posey","C-117","#e3beb9"
"Angela Canyon","C-118","#c89894"
"Summer's Eve","C-119","#a86f67"
"Savanna","C-120","#854b41"
"Outrageous","C-121","#804232"
"Monterey Chestnut","C-122","#7a3f2f"
"Merlins Beard","C-123","#efe2d8"
"Pout","C-124","#e4ccc3"
"Sauterne","C-125","#d8beb5"
"Andes Ash","C-126","#c1a198"
"Rocky Mountain","C-127","#ab887f"
"Arrowhead","C-128","#906a5f"
"Evoultion","C-129","#714c3f"
"Cliffswallow","C-130","#eadbd2"
"Summer Beige","C-131","#dac2b8"
"Natchez","C-132","#b99e94"
"Baby Sprout","C-133","#a68b80"
"Emerging Leaf","C-134","#96786b"
"Amazon Mist","C-135","#7d5e51"
"Hideaway","C-136","#624534"
"Coconut Macaroon","C-137","#d7c7bd"
"Souffl√©","C-138","#ccbab0"
"Cozy Cover","C-139","#b4a095"
"Bush Buck","C-140","#a28b80"
"Ranch House","C-141","#786257"
"Connoisseur","C-142","#634c41"
"Film Noir","C-143","#463730"
"Flax Flower","C-144","#eeded3"
"Truffles","C-145","#e7d5c9"
"Cave Painting","C-146","#d1b9ac"
"Oak Plank","C-147","#c6a897"
"Pailion Tan","C-148","#b08e7e"
"Temptation","C-149","#926d5c"
"Coffee Shop","C-150","#704d3d"
"Flirt","C-151","#eed9c4"
"Take-Out","C-152","#e5cdb7"
"Romulus","C-153","#dec2a8"
"Cowhide","C-154","#cda88a"
"Skinny Dip","C-155","#b48a6b"
"Dodge Pole","C-156","#a27353"
"Mover and Shaker","C-157","#875e44"
"Senior Moment","C-158","#f2e2d0"
"Kingdom's Keys","C-159","#ebd1b9"
"Tiny Calf","C-160","#e0c1a6"
"Apple Pie","C-161","#cdad94"
"Camel Train","C-162","#b08f75"
"Veldrift","C-163","#a37f61"
"Cavern Sand","C-164","#946f50"
"Pastel Day","C-165","#f6e5cf"
"First Date","C-166","#e6d0b7"
"Candle Light","C-167","#dbc0a4"
"Fossil Tan","C-168","#cfae8e"
"Blonde Shell","C-169","#bd9671"
"Golden Glove","C-170","#9f7652"
"Chasm","C-171","#866042"
"Pale Gingersnap","C-172","#ebddca"
"Maple Pecan","C-173","#e1d0b9"
"3am Latte","C-174","#c0aa8e"
"Country Dweller","C-175","#af967c"
"Weaver's Tool","C-176","#9d7f61"
"Cupcake","C-177","#896f53"
"Fall in Season","C-178","#7e6042"
"Fresh Linen","C-179","#ebdfd2"
"Ageless","C-180","#ded0c0"
"Ivory Ridge","C-181","#d8c8b6"
"Moth Wing","C-182","#cabba7"
"Macadamia Brown","C-183","#b8a590"
"Noble Crown","C-184","#8a725b"
"Christmas Ornament","C-185","#6b5848"
"White Lightning","C-186","#efe3d3"
"Baguette","C-187","#cbbbaa"
"Delicate Honeysweet","C-188","#bcab97"
"Village Crier","C-189","#ac9984"
"Dusty Path","C-190","#8b7560"
"Dapper","C-191","#705b48"
"Alpha Male","C-192","#705942"
"August Moon","C-193","#e5dfd4"
"Mossy Shade","C-194","#dad1c5"
"Overgrown","C-195","#cfc6b7"
"Thistle Gray","C-196","#bfb6a7"
"Young Colt","C-197","#a89c8b"
"Sandy Shoes","C-198","#827461"
"Stony Field","C-199","#5d5142"
"Sparkling Champagne","C-200","#ece8da"
"Powder Cake","C-201","#ddd4c7"
"Whale Bone","C-202","#d1c8b9"
"Marshy Habitat","C-203","#b6ad9f"
"Wood Shadow","C-204","#a49b8c"
"Thatched Cottage","C-205","#807563"
"Ares Shadow","C-206","#5e5446"
"Umber Style","C-207","#ebe5db"
"Polished","C-208","#ddd6cb"
"Hidden Cove","C-209","#cdc7bb"
"Light Lichen","C-210","#bfb7a9"
"Big Spender","C-211","#a89c8d"
"Coastal Fog","C-212","#7d7263"
"Wildwood","C-213","#5e5449"
"Herare White","C-214","#e7dfd1"
"Earthling","C-215","#dcd4c4"
"Oak Tone","C-216","#cfc6b5"
"Drifting Sand","C-217","#a79e91"
"Camel's Hump","C-218","#807565"
"Monk's Cloth","C-219","#6c6151"
"Brown Suede","C-220","#584d3d"
"Au Natural","C-221","#e6e1cd"
"White Elephant","C-222","#e3dac8"
"Pebblebrook","C-223","#d7cfbb"
"Roman Ruins","C-224","#bfb49d"
"Sedge","C-225","#b1a690"
"Moonscape","C-226","#8a7d66"
"Hannover Hills","C-227","#665a44"
"Feather Stone","C-228","#e4ded1"
"Harrow Gate","C-229","#dcd5c6"
"Desert Mirage","C-230","#d3cabb"
"Frond","C-231","#c2bbaa"
"Deep Marsh","C-232","#aca08c"
"Industrial Strength","C-233","#867861"
"Black Heath","C-234","#645744"
"Sunday Gloves","C-235","#e9d5ba"
"Flan","C-236","#e2c9aa"
"Crowned One","C-237","#d4b697"
"Tailored Tan","C-238","#bd9f7f"
"Spiced Rum","C-239","#ae8d6a"
"Prince Paris","C-240","#9e7a57"
"Rare Happening","C-241","#8d6b46"
"Frozen Custard","C-242","#ead0ab"
"Mulled Cider","C-243","#e2c39a"
"Caramel Cloud","C-244","#d2af83"
"Cinnamon Toast","C-245","#c9a270"
"Apple Crisp","C-246","#ba8e5c"
"Safari Sun","C-247","#b4885c"
"Butterscotch Mousse","C-248","#a87c51"
"Pumpkin Spice","C-249","#f6e8cf"
"Alchemy","C-250","#efd8b8"
"October Bounty","C-251","#e2c8a4"
"Honey Glow","C-252","#dec099"
"Living Large","C-253","#d5b487"
"Back to Basics","C-254","#c49c69"
"Crazy Horse","C-255","#a37644"
"Shortbread","C-256","#ead9be"
"Classic Terra","C-257","#e4cfae"
"Persian Fable","C-258","#d2bb9b"
"Cocoa Nib","C-259","#bda07d"
"Tan Hide","C-260","#b0946c"
"Log Cabin","C-261","#9f8158"
"Country Charm","C-262","#8d6b43"
"Palest of Lemon","C-263","#e5d6bb"
"Marshmallow Mist","C-264","#dfcbaa"
"October Harvest","C-265","#d1bb97"
"Season Finale","C-266","#bea37a"
"Rich Oak","C-267","#a68456"
"Sahara Wind","C-268","#8c6b3d"
"Graham Crust","C-269","#80633d"
"Clover Honey","C-270","#e9dfce"
"Mineral Water","C-271","#ddd2bd"
"Sandstone Palette","C-272","#d8cbb4"
"Polished Marble","C-273","#cfbd9d"
"Highlight","C-274","#baa682"
"Gold Taffeta","C-275","#a48c67"
"Golden Fressia","C-276","#876e49"
"Barberry Sand","C-277","#e0d4bb"
"Garden Country","C-278","#d4c5a7"
"Wicker Basket","C-279","#c5b495"
"Olive Gold","C-280","#bcaa88"
"Vintage Gold","C-281","#b59e75"
"Historic Town","C-282","#9e885f"
"Queen Lioness","C-283","#756038"
"Eugenia","C-284","#efe4cf"
"Yellow Page","C-285","#e8d9c2"
"Muslin Tint","C-286","#deccaf"
"Golden Buff","C-287","#dcc6a0"
"Prairie Sand","C-288","#c6af88"
"Key Keeper","C-289","#a2885e"
"Rutherford","C-290","#8a714c"
"Privileged","C-291","#f2ead6"
"What Inheritance?","C-292","#e8d7bb"
"Rub Elbows","C-293","#e2d0b0"
"Spanish Cream","C-294","#d4c29f"
"Only Yesterday","C-295","#c8b089"
"Gold Season","C-296","#b0996f"
"Brocade","C-297","#8b7145"
"Allison Lace","C-298","#f2e9d4"
"Ivory Parchment","C-299","#eee2ca"
"Corinthian Pillar","C-300","#e2d2b1"
"Rich Reward","C-301","#baa580"
"Bauhaus Gold","C-302","#b19a70"
"Gold Tangiers","C-303","#9f885e"
"Golden Summer","C-304","#816b44"
"Saffron Tint","C-305","#f3ead4"
"Putting Bench","C-306","#f1e4c8"
"Coconut Crumble","C-307","#e0cda4"
"Palmetto Bluff","C-308","#cdba92"
"Sassafras","C-309","#b9a478"
"Life Exotic","C-310","#ad9564"
"September Gold","C-311","#8c7545"
"Chic Magnet","C-312","#eadfc6"
"Trade Secret","C-313","#e5d8bb"
"Peaceable Kingdom","C-314","#dbccab"
"Golden Lake","C-315","#d6c6a0"
"Green Gold","C-316","#c2b086"
"There's No Place Like Home","C-317","#aa9365"
"Herald's Trumpet","C-318","#887349"
"Floating Island","C-319","#eee5cf"
"Hephaestus","C-320","#e1d4b5"
"Gabriel's Light","C-321","#d9cba4"
"Star of Gold","C-322","#b8a87c"
"Upon Reflection","C-323","#aa9768"
"Welcome Home","C-324","#8d7b50"
"Bambino","C-325","#7f6f44"
"Tawny Daylilly","C-326","#eee4cf"
"Land of Trees","C-327","#dfd4b8"
"Knit Cardigan","C-328","#d5c8a7"
"Castaway Beach","C-329","#cec09c"
"Refinded","C-330","#c0b28a"
"All Nighter","C-331","#9b8d64"
"Grasslands","C-332","#786b47"
"Sedona","C-333","#e8e0cd"
"Illusive Dream","C-334","#e0d5c0"
"Soft Leather","C-335","#c3b9a5"
"Urban Charm","C-336","#aca08a"
"Whipcord","C-337","#9d8f74"
"Ceramic Pot","C-338","#8d8064"
"Nightfall","C-339","#5d4f38"
"Loch Ness","C-340","#e8e1cd"
"Velum Smoke","C-341","#d5cdb8"
"Cantera","C-342","#cdc5af"
"Courtyard","C-343","#c6bca2"
"Travertine Path","C-344","#b4aa8d"
"Northeast Trail","C-345","#918463"
"Jungle Cover","C-346","#695f44"
"Dried Grass","C-347","#dcd4be"
"Reseda","C-348","#cec6ae"
"Helen of Troy","C-349","#c2b89e"
"Mohalla","C-350","#a59a7c"
"Shagbark Olive","C-351","#90876a"
"Becker Gold","C-352","#776a48"
"Austere","C-353","#716745"
"Twinkle Twinkle","C-354","#f5f2e7"
"Moth Mist","C-355","#eeebdd"
"Moss Island","C-356","#dddbcb"
"Silky Green","C-357","#c6c1a9"
"Green Sleeves","C-358","#9f9574"
"Land Before Time","C-359","#897f5c"
"Georgia on My Mind","C-360","#716949"
"Pale Quartz","C-361","#efe9d9"
"Mission Hills","C-362","#e2dac3"
"Stone Hearth","C-363","#cfc5a7"
"Abbey Stone","C-364","#a09676"
"Owlet","C-365","#8f845f"
"Chocolate Velvet","C-366","#7f7656"
"Folk Tales","C-367","#756a48"
"Saturnia","C-368","#dcdacc"
"Palatine","C-369","#c8c6b4"
"Fiorito","C-370","#bfbfae"
"Historic Shade","C-371","#aba68f"
"Burning Idea","C-372","#8e8a70"
"Candle Wax","C-373","#6d6951"
"African Queen","C-374","#625d3e"
"Bleached Meadow","C-375","#ebe4d3"
"Montezuma","C-376","#d3cdb5"
"Garden Hedge","C-377","#c8c2a8"
"Orestes","C-378","#9e9b83"
"Mirrored Willow","C-379","#8d876c"
"Sonata","C-380","#7e785d"
"Mount Olive","C-381","#706747"
"Natural Whisper","C-382","#f0e8ce"
"Cheese Please","C-383","#ece4c8"
"Howdy Neighbor","C-384","#dcd2a9"
"Hippolita","C-385","#cec292"
"Goldie Oldie","C-386","#bbad74"
"Shiny Gold","C-387","#aea065"
"Gold Sparkle","C-388","#776c3e"
"Olive Tint","C-389","#f0ebd6"
"Crispa","C-390","#e8dfc0"
"Alsot Olive","C-391","#ddd5b0"
"Inviting Gesture","C-392","#cac29b"
"High Chief","C-393","#bbb287"
"Crack Willow","C-394","#ada36e"
"Wing Man","C-395","#7a6f37"
"Hidden Paradise","C-396","#eeedd5"
"Island Embrace","C-397","#e0dab4"
"Sawgrass Cottage","C-398","#d4cfa2"
"New Foliage","C-399","#c3bd90"
"Bamboo Forest","C-400","#b0a877"
"Sabo Garden","C-401","#958c56"
"Tropical Twist","C-402","#827843"
"Translucent Vision","C-403","#e5e6cf"
"Planet Earth","C-404","#daddc2"
"Home Body","C-405","#cfd3b4"
"Vapor","C-406","#c0c4a1"
"Rediscover","C-407","#b5b88f"
"Green Cast","C-408","#909262"
"Old School","C-409","#666842"
"Cyprus Spring","C-410","#f4f3e9"
"Sublime","C-411","#eeeee1"
"Speak to Me","C-412","#e0dfd0"
"Plume Grass","C-413","#c6c8b1"
"French Pear","C-414","#9fa07d"
"Taffeta Sheen","C-415","#81835f"
"Aloe Leaf","C-416","#626540"
"Onion Skin","C-417","#ece9dc"
"Poseidon's Beard","C-418","#dad6c7"
"Dave's Den","C-419","#c1bead"
"Silverado Ranch","C-420","#a6a89a"
"Everlasting Sage","C-421","#939586"
"Eye of the Storm","C-422","#686859"
"Monogram","C-423","#585646"
"Pale Green Tea","C-424","#e2e2d0"
"September Song","C-425","#d4d8c6"
"Arbor Vitae","C-426","#b9c2aa"
"Lucky Day","C-427","#91997c"
"Pendula Garden","C-428","#798065"
"Vegetarian","C-429","#575c45"
"Clover Patch","C-430","#454938"
"Sweet Spring","C-431","#edecdc"
"Grassy Glade","C-432","#d8ddc9"
"Lush Meadow","C-433","#c0cbb1"
"Big Fish","C-434","#99a38c"
"Fern Gully","C-435","#838b71"
"Bowling Green","C-436","#6f795f"
"Delicious","C-437","#585d42"
"Numero Uno","C-438","#e3e6dd"
"Pale Loden","C-439","#ced2c8"
"Slate Stone","C-440","#aab2aa"
"Dowager","C-441","#838b7f"
"Serpentine","C-442","#605f51"
"Grime","C-443","#544f40"
"Deep Shadow","C-444","#4c4639"
"Sealskin Shadow","C-445","#e9ece4"
"Metal Flake","C-446","#dadcd5"
"Ice Flow","C-447","#bdc2bc"
"Cannon Ball","C-448","#999f96"
"River God","C-449","#6d6c5d"
"Evening Dove","C-450","#535141"
"Ruggero Grey","C-451","#464131"
"Feather Fern","C-452","#d7ddd0"
"Marble Green","C-453","#cbd4c8"
"Favored One","C-454","#c1cabd"
"Fair Maiden","C-455","#a5b3a5"
"Heavenly Garden","C-456","#92a393"
"Malarca","C-457","#6c7c6c"
"Pleasant Hill","C-458","#4c594b"
"Just a Little","C-459","#dddfd5"
"Calm Breeze","C-460","#ccd4cb"
"Resting Place","C-461","#bcc8bd"
"Gaelic Garden","C-462","#a4b2a9"
"Kathleen's Garden","C-463","#90a097"
"Earthen Cheer","C-464","#65776d"
"Green Column","C-465","#455048"
"Sweet Ariel","C-466","#e7ebe3"
"Mellow Blue","C-467","#d8e2dc"
"D√©j√† vu","C-468","#c0d2cb"
"Dreaming of the Day","C-469","#abc2bc"
"Miracle Bay","C-470","#7b9392"
"Micropolis","C-471","#586f6c"
"Atlantic Waves","C-472","#2a4445"
"Raindance","C-473","#d4dcd2"
"Foggy Mist","C-474","#c8d0ca"
"Lighthouse View","C-475","#b7c3bb"
"Ocean Cruise","C-476","#aab5ae"
"Singing in the Rain","C-477","#8c9a95"
"Stairway to Heaven","C-478","#656e6b"
"Deep Sea Shadow","C-479","#4c5652"
"Dream Catcher","C-480","#dbe3db"
"Powdered Pool","C-481","#c8d5cf"
"Indulgence","C-482","#afc2c0"
"Stormy Bay","C-483","#9bafad"
"North Beach Blue","C-484","#859c9c"
"Paradise City","C-485","#5d7172"
"Deep Space","C-486","#425251"
"Luna Light","C-487","#c3ceca"
"Whirlwind","C-488","#b7c3bf"
"Beacon Fog","C-489","#9caaab"
"Smoky Day","C-490","#7d8d8f"
"Polar Pond","C-491","#6a7978"
"Spacebox","C-492","#5b696a"
"Dark River","C-493","#3a3f3f"
"Breakwaters","C-494","#d9e4de"
"Cape Hope","C-495","#bfd2d1"
"Restful Retreat","C-496","#b1c6c7"
"Wonder Land","C-497","#93acb0"
"Ocean Melody","C-498","#7e99a0"
"Bowman Blue","C-499","#587075"
"Calm Interlude","C-500","#3d4c50"
"Ocean Crest","C-501","#d4dbdb"
"Water Droplet","C-502","#bdc9cd"
"Indian Tears","C-503","#9cafba"
"In Good Taste","C-504","#8998a3"
"Ocean Storms","C-505","#6f808c"
"Deep Lagoon","C-506","#5d6c76"
"Midnight Magic","C-507","#46474a"
"Beryl Pearl","C-508","#e2e2de"
"Sacred Spring","C-509","#c7cbcd"
"Cystern","C-510","#a9afb4"
"Overcast Day","C-511","#8f98a1"
"Backwater","C-512","#676e76"
"Thunderstorm","C-513","#525962"
"Silent Sea","C-514","#262627"
"Diamond Stud","C-515","#dddbd9"
"Cool Elegance","C-516","#d0cfd0"
"Let It Rain","C-517","#b7b7bb"
"Baby Seal","C-518","#9da1a9"
"Slate Tint","C-519","#797e8a"
"Dolphin Dream","C-520","#696c76"
"Octavius","C-521","#39393e"
"Felicity","C-522","#e7e5de"
"Nomadic Travels","C-523","#cbcecc"
"Marseilles","C-524","#b6bab9"
"Metropolis Mood","C-525","#9ba2a5"
"London Road","C-526","#808789"
"Greybeard","C-527","#616667"
"Black Licorice","C-528","#373938"
"Metropolis Mood","C-529","#d4d4cf"
"Snowglory","C-530","#c7c7c2"
"Rand Moon","C-531","#b6b6b3"
"Techile","C-532","#9ea09f"
"Subtle Shadow","C-533","#7e8080"
"Zen Retreat","C-534","#5b5d5b"
"Subway","C-535","#41403d"
"Dove's Wing","C-536","#e1ded8"
"Santo","C-537","#d7d3cc"
"Place of Dust","C-538","#c7c4bf"
"Praise Giving","C-539","#b4b2ae"
"Smoky Tone","C-540","#9d9d9c"
"Captain Nemo","C-541","#818080"
"November Storms","C-542","#3e3b37"
"Venetian Wall","C-543","#e2dcd4"
"Old Grey Mare","C-544","#d8d6d1"
"Paternoster","C-545","#c7c6c4"
"Tin Man","C-546","#aeacac"
"Jet Gray","C-547","#9a9997"
"Emu","C-548","#736d6c"
"Gargoyle","C-549","#5b4f49"
"Orchid Shadow","C-550","#cbc5c1"
"North Island","C-551","#bdb6b2"
"Smoky Wings","C-552","#b3ada8"
"Sparrow","C-553","#999594"
"Ocean Frigate","C-554","#7a7777"
"Smokescreen","C-555","#5f5855"
"Evermore","C-556","#433c38"
"Queen Anne's Lace","C-557","#eeeade"
"Always Neutral","C-558","#dcd4c7"
"Awakening","C-559","#d3c8ba"
"Indian Hills","C-560","#ada599"
"Sultry Castle","C-561","#928b81"
"Vigilant","C-562","#7f776b"
"Bad Hair Day","C-563","#5c5142"
"Eskimo Boot","C-564","#e8e3d8"
"Sheepskin","C-565","#cdc6bb"
"Hearthstone","C-566","#c5bcb0"
"Cloudy Today","C-567","#a49e94"
"Fireplace Mantel","C-568","#817a6d"
"Grey Locks","C-569","#6f675c"
"Terra Pin","C-570","#514b40"
"Power Lunch","C-571","#d5d2c7"
"Chintz","C-572","#c1bbad"
"Shark Fin","C-573","#a6a49a"
"Greystoke","C-574","#88867d"
"Stormy Weather","C-575","#777468"
"King Fischer","C-576","#6e6b5f"
"Philosophically Speaking","C-577","#4c483d"
"Turkish Tower","C-578","#d9d8d0"
"Rippled Rock","C-579","#c3c4ba"
"Fossilized","C-580","#b3b6ac"
"Paved Path","C-581","#7f847f"
"Billowing Smoke","C-582","#6b6f67"
"Tornado Wind","C-583","#5c605a"
"Oyster Catch","C-584","#484942"
"Wind Blown","C-585","#dee3e6"
"Atmospheric Pressure","C-586","#c2cfde"
"Babbling Creek","C-587","#a8bad3"
"Celestial Horizon","C-588","#7b93b2"
"Madonna Blue","C-589","#5d7698"
"Blue Jacket","C-590","#576f91"
"Quiet Peace","C-591","#394863"
"Surf's Surprise","C-592","#c4d2e3"
"Simply Sparkling","C-593","#b0c4de"
"Sail into the Horizon","C-594","#a3bbdb"
"Lazy Day","C-595","#95add0"
"Himalaya Sky","C-596","#7594c1"
"Caribbean Current","C-597","#5676a9"
"Florida Waters","C-598","#1f3f7f"
"Metling Glacier","C-599","#ecedea"
"Cool Sky","C-600","#dce4ea"
"Fluid Blue","C-601","#c5d6e9"
"Angela Bay","C-602","#a9c0e4"
"Blue Skies Today","C-603","#94adda"
"Capri Isle","C-604","#4e6eb2"
"Frozen Blue","C-605","#353c77"
"Brush Blue","C-606","#d5e0eb"
"Modern Blue","C-607","#bbd1e8"
"Innuendo","C-608","#9bbbe2"
"Blue Parlor","C-609","#88abda"
"Bashful Blue","C-610","#6c93ce"
"Parkwater","C-611","#4b79bb"
"Blue Highlight","C-612","#334688"
"Simple Serenity","C-613","#c6d7e3"
"Blue Bayou","C-614","#b3cadc"
"Bluette","C-615","#9dbcd5"
"John's Blue","C-616","#829fbd"
"Heavenly Sky","C-617","#688db1"
"Hondy Tonk Blue","C-618","#43668b"
"Star-Studded","C-619","#313f58"
"Nuance","C-620","#d2dcde"
"Serene Setting","C-621","#c5d2d9"
"Pompeii Ruins","C-622","#b5c6d2"
"Blue Pot","C-623","#99adbe"
"North Sea","C-624","#8599af"
"Blue Depths","C-625","#596f85"
"Into the Stratosphere","C-626","#415065"
"Illuminating Experience","C-627","#dee4df"
"Polished Cotton","C-628","#c7d3d6"
"Star Mist","C-629","#b2c5cd"
"Chicago Skyline","C-630","#96adba"
"Breath-Taking View","C-631","#809aaa"
"Cape Cod Bay","C-632","#556e7f"
"Day Spa","C-633","#3e5261"
"Aquafir","C-634","#e1eaea"
"Empress Lila","C-635","#c5ddea"
"Marzena Dream","C-636","#a8cfea"
"Watery Sea","C-637","#89bee5"
"Acappulco Dive","C-638","#68a6db"
"Skylla","C-639","#277bc1"
"Dancing Sea","C-640","#224b8f"
"Sea Foam Mist","C-641","#ccdce0"
"Abstract Idea","C-642","#b9d0db"
"Dancing in the Rain","C-643","#abc5d5"
"Calm Tint","C-644","#8db0cc"
"Key West Zenith","C-645","#749dbf"
"Zenith","C-646","#49789d"
"Happy Tune","C-647","#315472"
"Divine Inspiration","C-648","#d9e3e1"
"Bridgewater Bay","C-649","#bed7e1"
"Soft Blue","C-650","#aacddd"
"Mountain main","C-651","#8eb8cf"
"Sea of Atlantis","C-652","#6ba0c0"
"Peninsula","C-653","#3b799c"
"Queen of the Night","C-654","#265574"
"Roman White","C-655","#e0ede9"
"Kyoto","C-656","#c1e5ea"
"Orleans Tune","C-657","#9ad6e6"
"Lasting Thoughts","C-658","#73c6e0"
"Epimethius","C-659","#4db2d3"
"Charybdis","C-660","#1da1c9"
"Ocean Spray","C-661","#005177"
"Falling Tears","C-662","#eaefe9"
"Zircon Ice","C-663","#d1e4e3"
"Monet Magic","C-664","#bbd9dc"
"Trisha's Eyes","C-665","#8db7c2"
"Blessed Blue","C-666","#6197a4"
"Wish Upon a Star","C-667","#417c88"
"Frozen Stream","C-668","#2e525a"
"Drifting Tide","C-669","#dfeee8"
"Egg Blue","C-670","#c3e7e9"
"Quiet Pond","C-671","#95d9e1"
"Enchanted Evening","C-672","#63c3d2"
"Sarah's Garden","C-673","#08a9bf"
"Blue Bliss","C-674","#0091a8"
"Job's Tears","C-675","#005b79"
"Eastern Wind","C-676","#cfefe8"
"Luxor Blue","C-677","#bde9e3"
"Everest","C-678","#a0e2de"
"Andes Sky","C-679","#77d7d6"
"Cyan Sky","C-680","#00b5b6"
"Pleasant Stream","C-681","#00a19f"
"Joyful Tears","C-682","#006566"
"Snow Drift","C-683","#e1eee6"
"Dillard's Blue","C-684","#d6e9e2"
"Outerspace","C-685","#b4dbd8"
"Stillwater","C-686","#8cc0c0"
"Cold North","C-687","#579a99"
"Atmosphere","C-688","#3c8381"
"Blue Period","C-689","#165359"
"Paradise City","C-690","#ddf0e8"
"Barely Aqua","C-691","#bbe9de"
"Island Breeze","C-692","#8bdbcd"
"Turkish Teal","C-693","#73c9bd"
"Indian Necklace","C-694","#43b2a6"
"Meringue","C-695","#009c8c"
"Arizona Stone","C-696","#006456"
"Calm Thoughts","C-697","#e4ede0"
"Lickety Split","C-698","#c3d8cf"
"Uninhibited","C-699","#b5d0c5"
"Plunge","C-700","#a4c1b6"
"Peg's Promise","C-701","#8baba0"
"Mountain Meadow","C-702","#648678"
"Plateau","C-703","#486557"
"Bay Green","C-704","#d3eadd"
"Filtered Forest","C-705","#b6e0cf"
"Shimmering Glade","C-706","#a2d5c3"
"Catarina Green","C-707","#90c3b2"
"Calmness","C-708","#6aa993"
"On the Nile","C-709","#488c72"
"Cute Pixie","C-710","#105241"
"Teal Treat","C-711","#daf2e2"
"Mediterranean Mist","C-712","#c0ead5"
"Turquoise Tower","C-713","#ace5cb"
"Aquamarine Ocean","C-714","#83ceac"
"Blue Green Scene","C-715","#59b88d"
"Tropical Tale","C-716","#33a16e"
"Aquadazzle","C-717","#00724b"
"Mint Grasshoper","C-718","#e1f0de"
"Silky Mint","C-719","#d7ebd6"
"Leaves of Spring","C-720","#c7e6cb"
"Liliana","C-721","#a8d6b2"
"Goddess Green","C-722","#79ae82"
"Wildness Mint","C-723","#619864"
"Melbourne","C-724","#4e7d48"
"Hidden Jade","C-725","#ecf2e3"
"Graceful Mint","C-726","#d9eed5"
"Celtic Spring","C-727","#abdeb0"
"Garden Goddess","C-728","#9dd09f"
"Lucerne","C-729","#7ab97c"
"Aqueous","C-730","#5ca25b"
"Tingle","C-731","#2c7c33"
"Leaf Print","C-732","#dfecd7"
"Vineyard Green","C-733","#c1dbc6"
"Cool Spring","C-734","#bcd9c1"
"Mini Green","C-735","#9dc4a8"
"Buenos Aires","C-736","#89b393"
"Spring Forest","C-737","#65906d"
"Jungle Adventure","C-738","#466545"
"Just About Green","C-739","#e3e7d1"
"Turning Leaf","C-740","#cdd9c2"
"Isle of Dreams","C-741","#bccdb4"
"Belladonna's Leaf","C-742","#adc3a6"
"Hidden Glade","C-743","#97ad8d"
"Chic Shade","C-744","#7b916e"
"Mother Nature","C-745","#536545"
"Whitewash","C-746","#e9ead5"
"Balance","C-747","#d2dbc1"
"Perspective","C-748","#c5d0b2"
"Wispy Mint","C-749","#bbc7a2"
"Green Glass","C-750","#aab891"
"Cactus Valley","C-751","#88976a"
"Baby Vegetable","C-752","#5e6a43"
"Colleen Green","C-753","#e9edd7"
"Creamy Mint","C-754","#cdddba"
"Meadow Grass","C-755","#c3d6b0"
"Garland Pine","C-756","#b9cfa4"
"Glendale","C-757","#a1bb8a"
"Perennial Garden","C-758","#87a56f"
"Green Knoll","C-759","#68814c"
"Maison Verte","C-760","#e3eed6"
"Green Song","C-761","#d1e9c3"
"Graceful Flower","C-762","#bddfb0"
"Green Sheen","C-763","#b5d5a1"
"Sweetness","C-764","#92bf7f"
"Gentle Caress","C-765","#7bab5e"
"Golf Day","C-766","#5a8b39"
"Restful Rain","C-767","#eff0d9"
"Earth Happiness","C-768","#e4eec6"
"Woodland Nymph","C-769","#d6e8b1"
"Green Lime","C-770","#c1da97"
"Wonder Woods","C-771","#accb79"
"Glass Bottle","C-772","#93bb56"
"Green Gone Wild","C-773","#75a335"
"Elfin Magic","C-774","#edeec7"
"Green Mist","C-775","#e5ebb8"
"Envy","C-776","#e0e6ac"
"Vacation Island","C-777","#d3da90"
"Frog Green","C-778","#c3cd79"
"Hyper","C-779","#a5b551"
"Science Experiment","C-780","#91a032"
"Tender Shoot","C-781","#e7eacc"
"Clean Air","C-782","#d8ddb4"
"Fresh Start","C-783","#cfd4a3"
"Misty Valley","C-784","#bcc287"
"Peter Pan","C-785","#a4a963"
"Totally Cool","C-786","#90984f"
"Green Glow","C-787","#797f3a"
"Garden Seat","C-788","#eae6c6"
"Forest Found","C-789","#e0dfb8"
"Origin","C-790","#d7d4a6"
"Footie Pajamas","C-791","#c8c387"
"Motherland","C-792","#bab564"
"The Goods","C-793","#a7a44f"
"Martina Olive","C-794","#8c8d3e"
"Spotlight","C-795","#f5efd1"
"Bermuda Son","C-796","#f0e9bd"
"Lemon Appeal","C-797","#eee2ac"
"Fire Dance","C-798","#e1d48e"
"Yellow Umbrella","C-799","#cbbb60"
"Rain Slicker","C-800","#b8a745"
"Rain Boots","C-801","#a49537"
"Perky Tint","C-802","#f8f1d0"
"Sweetie Pie","C-803","#f3e4b4"
"Mella Yella","C-804","#f0dd9f"
"Sweet Angelica","C-805","#e5cf8a"
"Bright Idea","C-806","#d7b65c"
"Yellow Lupine","C-807","#c9a948"
"Hair Ribbon","C-808","#bc9b34"
"Annabel","C-809","#f4edcd"
"Martica","C-810","#f3e4b5"
"Gold Strand","C-811","#f2dfa4"
"Glistening","C-812","#edd286"
"Golden Glow","C-813","#ebca6e"
"Lemon Surprise","C-814","#debb58"
"Sin City","C-815","#cda334"
"Best of Summer","C-816","#f6f1d8"
"Day at the Zoo","C-817","#f8f3d8"
"Lemon Tint","C-818","#fbf2c8"
"Sign of the Crown","C-819","#fce297"
"Sun Touched","C-820","#f8d473"
"Sunny Mood","C-821","#f3c64a"
"Sun Drops","C-822","#e9b00d"
"Hush","C-823","#f8f4da"
"Frozen Banana","C-824","#f8f3d2"
"Banana Custard","C-825","#fbf2c1"
"Ray of Light","C-826","#fcf2ba"
"Go Go Glow","C-827","#fde189"
"Dandy Lion","C-828","#f7cc4d"
"Warm Fuzzies","C-829","#f2b626"
"Lavish Lemon","C-830","#f9efc9"
"Lemon Sponge Cake","C-831","#f7ecad"
"Scene Stealer","C-832","#fae89a"
"Lemon Drizzle","C-833","#fde583"
"Glitter Yellow","C-834","#f8d85a"
"Basket of Gold","C-835","#f3cc38"
"Fresh Scent","C-836","#f0c115"
"Fresh Cream","C-837","#f9f5dd"
"Butterball","C-838","#fdf3c6"
"Lemon Zest","C-839","#fff1a6"
"Sun's Glory","C-840","#fce266"
"Sunnyside","C-841","#f8d221"
"Buttered Popcorn","C-842","#f1ca00"
"Yolk","C-843","#f0c900"
"Lemon Stick","C-844","#f8f5dc"
"Pure Laughter","C-845","#faf2c7"
"Yellow Blitz","C-846","#fbf3b9"
"Yellow Tail","C-847","#ffef9a"
"Lemon Peel","C-848","#ffec80"
"Citron","C-849","#ffe041"
"Happy Face","C-850","#ffd300"
"Touch of Sun","C-851","#f8f6e6"
"Lemon Lilly","C-852","#faf4d7"
"Crocus Tint","C-853","#fcf0c3"
"Butter Tart","C-854","#ffe79a"
"Broadway Lights","C-855","#ffe07b"
"Peeps","C-856","#ffce35"
"Look at the Bright Side","C-857","#ffbd00"
"Daylilly Yellow","C-858","#f9efd0"
"Hawaiian Cream","C-859","#f9e8b7"
"Lemon Filling","C-860","#fae4a5"
"Yellow Trumpet","C-861","#f8d887"
"I'm a Local","C-862","#ebbf5a"
"Lioness","C-863","#e1af43"
"Lemon Bar","C-864","#d5a432"
"Apple Sauce","C-865","#f3ead0"
"Egg Noodle","C-866","#f2e3bd"
"Shortcake","C-867","#eedaaa"
"Frozen Fruit","C-868","#e0c996"
"Lemon Slice","C-869","#c3a460"
"Gold Finch","C-870","#b89a59"
"Saffron Valley","C-871","#a7833b"
"Washed in Light","C-872","#f8e8c7"
"Kettle Corn","C-873","#f5e2bb"
"Nothing Less","C-874","#f1ddb7"
"Corn Chowder","C-875","#dfc491"
"Gold Digger","C-876","#cfae73"
"Glorious Gold","C-877","#c09d5f"
"Golden Cadillac","C-878","#aa8647"
"Cauliflower Cream","C-879","#f0e3c7"
"Golden Syrup","C-880","#ead9b3"
"Marzipan","C-881","#e8d4aa"
"Follow the Leader","C-882","#dcc798"
"Gold Tweed","C-883","#caae74"
"Jungle Expedition","C-884","#b59656"
"Gold Estate","C-885","#987c40"
"Haystack","C-886","#efe3c6"
"Golden Weave","C-887","#e8dabd"
"Russeau Gold","C-888","#e9d5ad"
"Dubloon","C-889","#d3b587"
"Silence is Golden","C-890","#bf9e6a"
"Gold Ransom","C-891","#b08f5d"
"Rich and Rare","C-892","#967642"
"Misty Mustard","C-893","#f4ead0"
"Rotunda Gold","C-894","#f4e0be"
"Coin Purse","C-895","#eed3aa"
"Bag of Gold","C-896","#e0be89"
"Goby Desert","C-897","#d3ab6f"
"Bugle Boy","C-898","#bb904c"
"Unforgettably Gold","C-899","#ae8445"
"Spinning Whell","C-900","#f5eed9"
"Soleil","C-901","#f6deb6"
"Dainty Flower","C-902","#f5d5a3"
"Sunday Afternoon","C-903","#f1d299"
"Egyptian Gold","C-904","#eac385"
"Cat's Eye Marble","C-905","#d6a85f"
"Millionaire","C-906","#b6863d"
"God-Given","C-907","#f8f2de"
"Autumn Child","C-908","#fae7bf"
"Western Sky","C-909","#f9dca6"
"Sunset in Italy","C-910","#efc483"
"Tropical Dream","C-911","#e6b76f"
"Angel Food Cake","C-912","#d7a14e"
"Child of the Moon","C-913","#c68e38"
"Queenly Laugh","C-914","#f8eccf"
"Honey Cream","C-915","#f8e7c6"
"Canyon Sand","C-916","#f3d8aa"
"Good-Looking","C-917","#ecd2a6"
"Venice Square","C-918","#e5c590"
"Sunrise Heat","C-919","#c9a15f"
"Waxen Moon","C-920","#b0823f"
"Cheesecake","C-921","#f6efd7"
"Tiffany Light","C-922","#fee5b4"
"First Day of School","C-923","#fbdb9f"
"Jonquil Trail","C-924","#f7d394"
"Perky Yellow","C-925","#efc980"
"Lemon Poppy","C-926","#e1ad53"
"Yellow Warning","C-927","#c39035"
"Yellow Bonnet","C-928","#f8f5e5"
"Marshmallow Fluff","C-929","#f6f1d8"
"Lemon Bubble","C-930","#fcecbe"
"Sun Splashed","C-931","#f9d794"
"Sassy Yellow","C-932","#eec171"
"Lemon Essence","C-933","#deac4b"
"Yellow Shout","C-934","#ce9933"
"Diantha","C-935","#f9f3da"
"Egg Nog","C-936","#fbf1d0"
"Primrose Path","C-937","#fee2a0"
"Big Bus Yellow","C-938","#ffd889"
"Grilled Cheese","C-939","#fec75d"
"Glowing Lantern","C-940","#f8b635"
"Lemon Dream","C-941","#eaa300"
"Picture Perfect","C-942","#faf1d0"
"Sunrise Glow","C-943","#feefc3"
"Treasure Seeker","C-944","#feeaae"
"Hot Spot","C-945","#ffe296"
"Bright Halo","C-946","#ffd162"
"Bright Bubble","C-947","#ffc428"
"Frenzy","C-948","#ffb100"
"Ivory Coast","C-949","#f8f2da"
"Pound Cake","C-950","#fcf0c1"
"Rich Glow","C-951","#ffe79e"
"Evening Star","C-952","#ffd261"
"Mac N Cheese","C-953","#ffbe21"
"Lemon Whisper","C-954","#ffb100"
"I Love To Boogie","C-955","#fea800"
"Pale Narcissus","C-956","#f8f3de"
"Holy Grail","C-957","#fcecc5"
"Essentially Bright","C-958","#ffde9f"
"Bread 'n Butter","C-959","#ffcf80"
"Gold's Great Touch","C-960","#ffc163"
"Pieces of Eight","C-961","#ffad34"
"Zambia","C-962","#ff9600"
"Capetown Cream","C-963","#faeacd"
"Gold of Midas","C-964","#fde9c6"
"Starburst","C-965","#ffdaa6"
"Endearment","C-966","#ffd49c"
"Mango Madness","C-967","#ffb168"
"Au Gratin","C-968","#ff9c43"
"Orange you Happy?","C-969","#f97f1e"
"May Sun","C-970","#f9e9cf"
"Apple Cider","C-971","#fcdcb6"
"Atoll Sand","C-972","#ffce9d"
"Goosebill","C-973","#feb97e"
"Downy Feather","C-974","#fbaa65"
"Cocktail Hour","C-975","#fa9b51"
"Cheddar Cheese","C-976","#f0853a"
"City of Diamonds","C-977","#f8e4c8"
"Liveliness","C-978","#fddeb7"
"Southern Breeze","C-979","#fdd2a4"
"Tuscan Wall","C-980","#f9c390"
"Taste of Summer","C-981","#f0ad71"
"Japonica","C-982","#e49750"
"Mexican Spirit","C-983","#d08135"
"Whiskers","C-984","#faf2e2"
"Mineral Glow","C-985","#f9e6cb"
"Tallow","C-986","#f6d3ac"
"Mom's Apple Pie","C-987","#e8b67e"
"Impulse","C-988","#d19451"
"Butterscotch Glaze","C-989","#c18345"
"Beeswax Candle","C-990","#bc7d3d"
"Touch of Topaz","C-991","#f6e4cf"
"Incan Treasure","C-992","#fadec3"
"Sparkle Glow","C-993","#f4d2b5"
"Bread Puddling","C-994","#e9be96"
"Spice Cookie","C-995","#d69d6a"
"Gates of Gold","C-996","#ce9059"
"Gold Metal","C-997","#b1763f"
"Ivory Tassel","C-998","#f6e8d5"
"Flower of Oahu","C-999","#f2dbc1"
"Cheddar Corn","C-1000","#f1d1b1"
"Tea Cookie","C-1001","#deb695"
"Sweet Sue","C-1002","#d4a983"
"Peace of Mind","C-1003","#bf865d"
"Flickering Flame","C-1004","#a86d45"
"Turkscap","C-1005","#f3d8bd"
"Pastel Peach","C-1006","#f1cbac"
"Mango Tango","C-1007","#edc5a3"
"Bedtime Story","C-1008","#e0b08f"
"Peanut Brittle","C-1009","#cc956f"
"Semolina","C-1010","#b4774e"
"Hampton Beach","C-1011","#9c6038"
"Warm Bread","C-1012","#f8e7d2"
"Muffin Magic","C-1013","#f9dcc5"
"Canter Peach","C-1014","#f5d3b9"
"November Leaf","C-1015","#edb48e"
"Summer's End","C-1016","#da9364"
"Sunny Horizon","C-1017","#cd8657"
"Orange Ballad","C-1018","#b26c3e"
"Rapture's Light","C-1019","#f4f1e4"
"Sweet Buttermilk","C-1020","#faecda"
"Delicate Dawn","C-1021","#fcd9bb"
"Mellow Glos","C-1022","#ffcdab"
"Pumpkin Hue","C-1023","#f3a275"
"Heat of Summer","C-1024","#e88d57"
"Casa De Oro","C-1025","#cc6735"
"Abstract White","C-1026","#f7f1e1"
"Verve","C-1027","#fcecd6"
"Pale Blossom","C-1028","#fde4ca"
"Wispy White","C-1029","#ffc094"
"Chickadee","C-1030","#ffa573"
"Boredom Buster","C-1031","#fa8b4d"
"Lava Lamp","C-1032","#e57030"
"Autumn Wind","C-1033","#f7cfb3"
"Spiced Cider","C-1034","#f4c5a7"
"Apricot Spring","C-1035","#f0b392"
"Trumpet Flower","C-1036","#e19874"
"Jack-O-Lantern","C-1037","#d0784d"
"Pretty Parasol","C-1038","#aa5f3f"
"Dark Marmalade","C-1039","#964634"
"Flowerbed","C-1040","#fde9d7"
"Peak Season","C-1041","#ffdfc8"
"Mom's Love","C-1042","#ffd4bb"
"Shooting Star","C-1043","#ffb79a"
"Creamy Orange Blush","C-1044","#fa9b78"
"Ballet Cream","C-1045","#f88258"
"Starfish","C-1046","#ed5f33"
"Pale Shrimp","C-1047","#fae2d7"
"Salmon Mousse","C-1048","#fbd0c1"
"Salmon Beauty","C-1049","#f7c4b3"
"Stucco Wall","C-1050","#efb19c"
"Summer Memory","C-1051","#db826b"
"Sun's Rage","C-1052","#a74e34"
"Carrot Cake","C-1053","#a2513e"
"White Meadow","C-1054","#f1e8dd"
"Elizabeth Rose","C-1055","#f9e0d2"
"Pink Satin","C-1056","#f3c6b3"
"Pale Terra","C-1057","#eaaa94"
"Alexandra Peach","C-1058","#dc9784"
"First Lady","C-1059","#c27965"
"April Love","C-1060","#893e2d"
"Albino","C-1061","#faede3"
"Tiny Pink","C-1062","#fed5c6"
"Mystic Tulip","C-1063","#f8b2a2"
"Rose Essence","C-1064","#f19c88"
"Sari","C-1065","#e27c61"
"Sweet Baby Rose","C-1066","#bf4f3d"
"Best of the Bunch","C-1067","#bc543f"
"Pink Touch","C-1068","#fae2d6"
"Peony Prize","C-1069","#faddd3"
"Cloud Number Nine","C-1070","#f8cec5"
"Lusty Orange","C-1071","#edaea5"
"Graceful Ballerina","C-1072","#d98879"
"It's My Party","C-1073","#ca7262"
"Cherry Blink","C-1074","#a94f3e"
"Baby Blossom","C-1075","#f9ede6"
"Lady Anne","C-1076","#fae1dc"
"Aromatic Breeze","C-1077","#ffc9c6"
"Wildflower Bouquet","C-1078","#ffafad"
"Cherished One","C-1079","#f89091"
"Endless Possibilities","C-1080","#db4238"
"Tropical Heat","C-1081","#bf3339"
"Morning Blush","C-1082","#f8e8dd"
"Go Go Pink","C-1083","#fbd6d1"
"Tint of Rose","C-1084","#fdcbc8"
"Nosegay","C-1085","#f7a3a1"
"Bay Coral","C-1086","#e97c79"
"Childhood Crush","C-1087","#df6b65"
"Chuckles","C-1088","#bd413a"
"Tartlet","C-1089","#fbdbd8"
"All Dressed Up","C-1090","#f7cccb"
"Peals Unfolding","C-1091","#f1b9be"
"Wood Nymph","C-1092","#eba0a6"
"Porcelain Rose","C-1093","#d98288"
"Empower","C-1094","#af4642"
"The Ego Has Landed","C-1095","#9e403f"
"Pale Petunia","C-1096","#f6bfc6"
"Bubblegum Pink","C-1097","#f4aeb9"
"Dimple","C-1098","#e47f8a"
"Heart to Heart","C-1099","#d45962"
"Mullen Pink","C-1100","#c74142"
"Precious Peony","C-1101","#bb4147"
"Moonrose","C-1102","#a53e46"
"Valerie","C-1103","#fbe4e5"
"It's A Girl!","C-1104","#ffd8df"
"Garden Glory","C-1105","#febdcb"
"Bunny Fluff","C-1106","#f78ba3"
"Pink Explosion","C-1107","#f06d87"
"Party Time","C-1108","#cd262c"
"Unmatched Beauty","C-1109","#b02d33"
"Royal Wedding","C-1110","#fae3e3"
"Wishful Thinking","C-1111","#fddddf"
"Fruitbowl","C-1112","#ffcdd4"
"A Lot of Love","C-1113","#ffbcc5"
"Dollie","C-1114","#ef8b9b"
"Movie Star","C-1115","#c32535"
"Siren","C-1116","#9e2b2e"
"Cotton Candy","C-1117","#f9eded"
"Sweet Pea","C-1118","#f9dce4"
"Summer Cosmos","C-1119","#f8d0de"
"Dahlia Delight","C-1120","#f6bad2"
"Rose Mallow","C-1121","#f5aeca"
"Groovy","C-1122","#da6390"
"Velvet Cake","C-1123","#9b263d"
"Hepatica","C-1124","#f8e2e7"
"Seashell Pink","C-1125","#f5cbd7"
"Pepto","C-1126","#e5a0b7"
"Minuette","C-1127","#d07790"
"Punky Pink","C-1128","#af4b5c"
"Obsession","C-1129","#a73b58"
"Can Can","C-1130","#a83864"
"Sullivan's Heart","C-1131","#f5c4d0"
"Christy's Smile","C-1132","#f2bbc9"
"Pegeen Peony","C-1133","#e79db2"
"Glam","C-1134","#cc7289"
"Romp","C-1135","#953943"
"Ode to Joy","C-1136","#9b3d47"
"Romantic Night","C-1137","#943136"
"Tutu","C-1138","#f6ddde"
"First Daughter","C-1139","#f4d2d6"
"Deco Pink","C-1140","#f4c4cd"
"Vintage Victorian","C-1141","#e29eac"
"Rambling Rose","C-1142","#d78a9a"
"Temptress","C-1143","#bd5d6b"
"Romeo O Romeo","C-1144","#a2273d"
"Morning Shine","C-1145","#f6e9ea"
"Columbine","C-1146","#f5dbe2"
"Persian Delight","C-1147","#efcad9"
"Parrot Tulip","C-1148","#ecbfd3"
"Pink Beauty","C-1149","#dba6c1"
"Fuscia Fizz","C-1150","#b56d90"
"Berry Patch","C-1151","#83335a"
"Vienna Dawn","C-1152","#f6eeed"
"Viola","C-1153","#f6e2eb"
"Little Smile","C-1154","#f6cee6"
"Pink Heath","C-1155","#f2bee0"
"Blossoms in Spring","C-1156","#e599c9"
"Puple Hollyhock","C-1157","#d76aac"
"Bridesmaid","C-1158","#9d285b"
"Petal Poise","C-1159","#f5e2eb"
"Nursery Pink","C-1160","#f5d9e8"
"Venetian Rose","C-1161","#efc7e0"
"Tiara Pink","C-1162","#d7a4cd"
"Carnation Rose","C-1163","#cd91c0"
"Pink Parade","C-1164","#b16aa2"
"Noble Honor","C-1165","#6a324e"
"Dream State","C-1166","#eddcdf"
"Marvelous Magic","C-1167","#e1c4d5"
"Baby Girl","C-1168","#dab3cc"
"Lavender Quartz","C-1169","#bc87ab"
"Teen Queen","C-1170","#a47197"
"Immortality","C-1171","#91587e"
"Purple Stiletto","C-1172","#5f3e52"
"Little Pinky","C-1173","#f3ece9"
"Taffeta Tint","C-1174","#f2dfe8"
"Poddle Pink","C-1175","#eecee3"
"Rosy Cheeks","C-1176","#e6bcde"
"Rose Souvenir","C-1177","#c08ec4"
"Moonlight Melody","C-1178","#ac72ae"
"Berry Light","C-1179","#663f68"
"Violet Ash","C-1180","#efdae6"
"Lilacs in Spring","C-1181","#e7cde1"
"Romantic Ballad","C-1182","#debbdb"
"Graceful Garden","C-1183","#c9a6cd"
"Satin flower","C-1184","#b28dbc"
"Pleasant Dream","C-1185","#a177a8"
"Joyous Song","C-1186","#5a345c"
"Maiden of the Mist","C-1187","#eddbe8"
"Little Touch","C-1188","#e5cde5"
"Glittering Gemstone","C-1189","#ddbfe0"
"Cherish the Moment","C-1190","#c9aad4"
"Cut Velvet","C-1191","#b18fc6"
"Crown Jewels","C-1192","#946cac"
"Magenta Red Lips","C-1193","#61416d"
"Rosie Posie","C-1194","#ede3e5"
"Naughty Marietta","C-1195","#e3cbda"
"Lavender Veil","C-1196","#d7b7ce"
"Heather Feather","C-1197","#c2acc3"
"Enthroned Above","C-1198","#ac92af"
"Felicia","C-1199","#8e7090"
"Dreamy Heaven","C-1200","#563e56"
"Daring Deception","C-1201","#f1dfde"
"Etcetera","C-1202","#e1c6d3"
"Noteworthy","C-1203","#d7b8cb"
"Fashinably Plum","C-1204","#af89a6"
"Screen Gem","C-1205","#9a7595"
"Orchid Orchestra","C-1206","#856080"
"Crowd Pleaser","C-1207","#5a4257"
"Princess Irene","C-1208","#ead9db"
"French Lavender","C-1209","#dcc5cd"
"Lavender Blessing","C-1210","#d3b6c2"
"Pansy Posie","C-1211","#bba0b1"
"Berry Bright","C-1212","#9d8093"
"Majestic Plum","C-1213","#7f5f70"
"Purple Shadow","C-1214","#483743"
"Aimee","C-1215","#ede3de"
"Velvet Blush","C-1216","#e2d4d5"
"Odyssey Lilac","C-1217","#d6c5ca"
"Desire√©","C-1218","#c4adb8"
"Play Time","C-1219","#b49ba8"
"Charming Violet","C-1220","#8d7280"
"Grape Soda","C-1221","#543d46"
"Ostrich Tail","C-1222","#e8dee3"
"Fragrant Snowbell","C-1223","#d5c4d2"
"Velour","C-1224","#b9a5bd"
"Imagine That","C-1225","#927a96"
"Vivid Vision","C-1226","#5e4b61"
"Petunia Patty","C-1227","#4a3a48"
"Eleanor Ann","C-1228","#3e343b"
"Crescent Moon","C-1229","#ede7e7"
"Hosta Flower","C-1230","#eae0e6"
"Flowers of May","C-1231","#e2d5e4"
"Plum Cake","1232","#cfbdda"
"Grape's Treasure","C-1233","#bdaccd"
"Yolanda","C-1234","#a18fb8"
"Sunset Serenade","C-1235","#574165"
"Easter Bunny","C-1236","#ebe3e8"
"Fairytale","C-1237","#e4d9e7"
"Plum's the Word","C-1238","#dacbe4"
"Drifting Dream","C-1239","#cbbae0"
"Grape Illusion","C-1240","#b2a4d3"
"Gorgeous Hydrangea","C-1241","#a293c9"
"When Red Met Blue","C-1242","#564274"
"White Bud","C-1243","#e2dee5"
"Perfection","C-1244","#d7d3e1"
"Purple Purity","C-1245","#c9c5dd"
"May Mist","C-1246","#9e9bc4"
"Velvet Crest","C-1247","#8f8eb9"
"Purple Spire","C-1248","#706c9b"
"True Romance","C-1249","#4a4268"
"Mountain's Majesty","C-1250","#d7cfe0"
"Lavender Bliss","C-1251","#cec0da"
"Petunia Trail","C-1252","#b6aecc"
"Purple Vision","C-1253","#a09ac6"
"Purple Haze","C-1254","#9b94c3"
"Plum Preserve","C-1255","#7c70a9"
"Voldemort","C-1256","#4d426b"
"Sweet Flower","C-1257","#e2e2e8"
"Eyeshadow","C-1258","#d9d9e8"
"Pretty Posie","C-1259","#bcbce2"
"Childish Wonder","C-1260","#a4a6d4"
"Baily Bells","C-1261","#8a8dc7"
"Medieval","C-1262","#686aae"
"Altar of Heaven","C-1263","#4a477e"
"White Shoulders","C-1264","#f1efe9"
"Penelope","C-1265","#e2e1e7"
"Casa del Mar","C-1266","#cacde3"
"Spoiled Rotten","C-1267","#b6bce2"
"Mood Mode","C-1268","#7f8cc7"
"Wind Star","C-1269","#6a73b6"
"Hot Sauna","C-1270","#3c3973"
"Angel Kiss","C-1271","#eae9e4"
"Wildflower Prairie","C-1272","#cbcee0"
"Genevieve","C-1273","#bac2dc"
"High Style","C-1274","#a7afd4"
"Velvet Robe","C-1275","#939cca"
"Regal Azure","C-1276","#6a74ad"
"Fresh Take","C-1277","#515992"
"He Loves Me","C-1278","#e0dbe0"
"Lilac Luster","C-1279","#d4cbda"
"Collensia","C-1280","#beb7cb"
"Butterfly Bush","C-1281","#a29fb6"
"Lavender Spectacle","C-1282","#9491ab"
"Grapes of Wrath","C-1283","#65617c"
"Jazlyn","C-1284","#453f50"
"Lavender Pizzazz","C-1285","#e7e0e2"
"Orchid Fragrance","C-1286","#c7bfcd"
"Violet Crush","C-1287","#b2acbe"
"Lilac Blossom","C-1288","#9891a7"
"Violet Vibes","C-1289","#877e96"
"Dancing in the Spring","C-1290","#7b7288"
"Plum Perfect","C-1291","#4e4353"
"Violet Pearl","C-1292","#e1d8e2"
"Lavender Scent","C-1293","#d9d3dd"
"Gypsy Caravan","C-1294","#d0c8d5"
"Violet Beauty","C-1295","#b9b1c7"
"Royal Proclamation","C-1296","#a89eba"
"Queen of Sheba","C-1297","#807497"
"Soul Train","C-1298","#57455c"
"Winged Victory","C-1299","#ece4e0"
"Lavender Bikini","C-1300","#e6d9d8"
"Heather Hill","C-1301","#bbafb9"
"Cut Heather","C-1302","#9d909c"
"Iced Orchard","C-1303","#8d7d87"
"Victorian Violet","C-1304","#7a6975"
"Royal Velvet","C-1305","#4f3c4b"
"Clytemnestra","C-1306","#e7e0dc"
"Stardust Ballroom","C-1307","#d9ccd1"
"So Dainty","C-1308","#cbbec7"
"Velvet Dawn","C-1309","#bbaeba"
"Gypsy's Gown","C-1310","#a496a6"
"Southern Belle","C-1311","#7b6b7a"
"My Place or Yours?","C-1312","#4e434c"
"Desired Dawn","C-1313","#dad7d9"
"Calamities","C-1314","#cdccd1"
"Savoy","C-1315","#bfbdc4"
"Buffed Plum","C-1316","#afafb9"
"Dusky Mood","C-1317","#979aa7"
"Overlook","C-1318","#686c7a"
"Blackwater","C-1319","#535561"
"Beetroot","C-1320","#644349"
"Madder","C-1321","#764f52"
"Covered Bridge","C-1322","#6b3f3f"
"Alden Till","C-1323","#7d4f4b"
"Flowering Chestnut","C-1324","#875657"
"Roseland","C-1325","#926566"
"Shaker Red","C-1326","#76423e"
"Codman Claret","C-1327","#8b3f3f"
"Stagecoach","C-1328","#9a4541"
"Richardson Brick","C-1329","#834a45"
"Redrock Canyon","C-1330","#98514a"
"Cogswell Cedar","C-1331","#8e554b"
"Clementine","C-1332","#cd6953"
"India Trade","C-1333","#dda25f"
"Pumpkin","C-1334","#ba7843"
"Andover Cream","C-1335","#f9f0d3"
"Pale Organza","C-1336","#fae8b7"
"Emma","C-1337","#f2e6b8"
"Lady Banksia","C-1338","#fce4a7"
"Jonquil","C-1339","#fbda9e"
"Asian Jute","C-1340","#d5ba90"
"Georgian Yellow","C-1341","#cf994e"
"Goldenrod","C-1342","#d9b554"
"Curry","C-1343","#c79e37"
"Farmhouse Ochre","C-1344","#b7833f"
"English Bartlett","C-1345","#a37646"
"Gable Green","C-1346","#b49a4d"
"Danish Pine","C-1347","#b59767"
"Canyon Gold","C-1348","#a68d65"
"Barrett Quince","C-1349","#f1cfb0"
"York Bisque","C-1350","#efd5c3"
"Lyman Camellia","C-1351","#e1c6b7"
"Woodstock Rose","C-1352","#e4c7b2"
"Tailor's Buff","C-1353","#ddc2a8"
"Blonde Lace","C-1354","#d1b094"
"Mountain Laurel","C-1355","#cfa996"
"Rundlet Peach","C-1356","#cfaa92"
"Tudor Ice","C-1357","#bac7c8"
"Appleton","C-1358","#b1c5c4"
"Lucinda","C-1359","#a4bab6"
"Bulfinch Blue","C-1360","#93afb4"
"Emily","C-1361","#a7ccdd"
"Citadel Blue","C-1362","#9ba7a9"
"Meetinghouse Blue","C-1363","#769cab"
"Lexington Blue","C-1364","#7d9091"
"Standish Blue","C-1365","#829497"
"Portsmouth Blue","C-1366","#5e7275"
"Rocky Hill","C-1367","#587a89"
"Winter Harbor","C-1368","#5f727d"
"Saxon Blue","C-1369","#455966"
"Robin's Egg","C-1370","#67add9"
"Glacier Bay","C-1371","#005c95"
"China Aster","C-1372","#494e61"
"Tory Blue","C-1373","#336e8c"
"Bold Bolection","C-1374","#286474"
"Biloxi Blue","C-1375","#0574b5"
"Bowen Blue","C-1376","#246ca6"
"Seal Blue","C-1377","#495764"
"Newport Indigo","C-1378","#363f63"
"Volute","C-1379","#495b5f"
"Asher Benjamin","C-1380","#45575e"
"Muted Mulberry","C-1381","#67626e"
"Concord Grape","C-1382","#513e49"
"Plum Island","C-1383","#4a4050"
"Beauport Aubergine","C-1384","#523f43"
"Amelia","C-1385","#bfccc2"
"Hawthorne","C-1386","#c7d2bc"
"Elise","C-1387","#d3d4b6"
"Cottage Green","C-1388","#a7c4b8"
"Historic Morning Dew","C-1389","#aeb7aa"
"Melville","C-1390","#90a79c"
"Coral Springs","C-1391","#a9cead"
"Bristol Green","C-1392","#84a392"
"Longfellow","C-1393","#90b0a2"
"Viscaya","C-1394","#809f97"
"Venetian Glass","C-1395","#98ad87"
"Green Bonnet","C-1396","#8bb490"
"Wainscot Green","C-1397","#9d9e85"
"Whispering Willow","C-1398","#8d9980"
"Brookside","C-1399","#5c7563"
"Veranda Blue","C-1400","#67b2ad"
"Grasshopper","C-1401","#5e7f60"
"Blue Winged Teal","C-1402","#00827c"
"Grassy Meadow","C-1403","#368268"
"Phillips Green","C-1404","#008f7f"
"Boardman","C-1405","#747761"
"Warren Tavern","C-1406","#6a6650"
"Hazelwood","C-1407","#5d6a61"
"Newbury Moss","C-1408","#606552"
"Picholine","C-1409","#576854"
"Amish Green","C-1410","#405e50"
"Baize","C-1411","#4b5445"
"Gedney Green","C-1412","#43544f"
"Pointed Fir","C-1413","#575d55"
"Brattle Spruce","C-1414","#454743"
"Winter Balsam","C-1415","#35494a"
"Moss Glen","C-1416","#4e4c45"
"Sayward Pine","C-1417","#3a3c3d"
"Jewett White","C-1418","#e4dbc7"
"Plymouth Beige","C-1419","#d7cebf"
"Wild Oats","C-1420","#e8d8c1"
"Yarmouth Oyster","C-1421","#d9cdb3"
"Parsnip","C-1422","#c9c1af"
"Langdon Dove","C-1423","#b4aa99"
"Jackson Antique","C-1424","#bebaa9"
"Phelps Putty","C-1425","#c0bbab"
"Bayberry Wax","C-1426","#b4aa8a"
"Sandy Bluff","C-1427","#a89d85"
"Flaxen Field","C-1428","#b7a583"
"Rain Barrel","C-1429","#a39688"
"Pettingill Sage","C-1430","#867f6a"
"Wooly Thyme","C-1431","#8d7c63"
"Burnished Pewter","C-1432","#7a7468"
"Milkweed","C-1433","#8a7f69"
"Pitch Pine","C-1434","#7b7666"
"Sturgis Gray","C-1435","#57554f"
"Nankeen","C-1436","#b29b80"
"Winter Meadow","C-1437","#ab9986"
"Coastal Sand","C-1438","#c6a883"
"Britches","C-1439","#9c8e74"
"Toffee","C-1440","#a1845e"
"Ginger Root","C-1441","#9c8260"
"Maple","C-1442","#b68e71"
"Bean Pot","C-1443","#8d6f56"
"Palomino","C-1444","#937a62"
"Portobello","C-1445","#7d7061"
"Tankard Gray","C-1446","#7c7364"
"Hitching Post","C-1447","#82705f"
"Cummings Oak","C-1448","#685b47"
"Brownstone","C-1449","#775745"
"Otis Madeira","C-1450","#60423e"
"Liberty","C-1451","#875d52"
"Burnt Umber","C-1452","#7d5c4e"
"Hickory Nut","C-1453","#75604c"
"Tyson Taupe","C-1454","#716358"
"Wooden Nutmeg","C-1455","#735c51"
"Bargeboard Brown","C-1456","#67544c"
"Rawhide","C-1457","#61554e"
"Chocolate","C-1458","#4e413c"
"Quincy Granite","C-1459","#b4b4ad"
"Vinal Haven","C-1460","#acb2ae"
"Fieldstone","C-1461","#7c7b75"
"Gropius Gray","C-1462","#63615d"
"Polished Pewter","C-1463","#646869"
"Vermont Slate","C-1464","#495259"
"Iris Impact","K-0"," #683c68 "
"Happy Hyacinth","K-1"," #b376b3 "
"Japanese Lilac","K-2"," #c593c8 "
"Very Violet","K-3"," #d2a8d4 "
"Micaela Abril","K-4"," #e8c0e3 "
"Lilac Lady","K-5"," #eed1e9 "
"Purple Peace","K-6"," #f2e1ec "
"Light Lavender","K-7"," #f3eeee "
"Midnight Affair","K-8"," #483d4c "
"Jubilation","K-9"," #75677f "
"Pandora's Purple","K-10"," #8a7c93 "
"Italian Iris","K-11"," #b0a4b9 "
"Wisteria Wish","K-12"," #c9b8cb "
"Last of the Lilacs","K-13"," #d5c7d6 "
"Lavender Laugh","K-14"," #e3d9e1 "
"Lilac Frost","K-15"," #efeaeb "
"Royal Rajah","K-16"," #583f64 "
"Regal Jewel","K-17"," #8c75a2 "
"Lilac Garden","K-18"," #a693bc "
"Teresa's True Color","K-19"," #c2b0d1 "
"Lavender Lilac","K-20"," #d3c1dd "
"Spring Crocus","K-21"," #e4d9e8 "
"Pale Pansy","K-22"," #ebe3eb "
"Lilac Lass","K-23"," #efe9ec "
"Iris Illusion","K-24"," #583e7b "
"Royal Raul","K-25"," #8771b2 "
"Lavender Legend","K-26"," #a998cd "
"Purple Possibility","K-27"," #baaad8 "
"Pansy Potpourri","K-28"," #d0c0e5 "
"Violetville","K-29"," #ddd1eb "
"Fancy Pansy","K-30"," #e6deee "
"Lavender Splash","K-31"," #ece7ee "
"Dark Triumph","K-32"," #4d406b "
"Blooming Lilac","K-33"," #8173ab "
"Hermosa","K-34"," #a198c6 "
"Gateway to Paradise","K-35"," #a79fca "
"Lilac Lake","K-36"," #bbb3d1 "
"Evocative Antonia","K-37"," #cdc3dc "
"Carefree Breeze","K-38"," #dbd3e5 "
"Greek Goddess","K-39"," #ede9ef "
"Queen Victoria","K-40"," #46404d "
"Purple Pansies","K-41"," #6b6678 "
"Garden Beauty","K-42"," #8d899c "
"Lap of Luxury","K-43"," #aba7b7 "
"Hyacinth Haze","K-44"," #c2b9c7 "
"Shy Violet","K-45"," #d0cad4 "
"Easter Party","K-46"," #ddd8de "
"Lilac Breeze","K-47"," #eae7e8 "
"Royal Treatment","K-48"," #443e50 "
"Vintage Velvet","K-49"," #6b6681 "
"Suzette","K-50"," #7c7791 "
"Barrymore","K-51"," #9a96b0 "
"Luster Blue","K-52"," #a7a4bb "
"Province","K-53"," #c2bbcf "
"Frosty Glaze","K-54"," #d5d0dd "
"Fancy That","K-55"," #e3dee5 "
"Rare Orchid","K-56"," #4b4169 "
"Plum Berry","K-57"," #75709e "
"Grape Gathering","K-58"," #8481ae "
"Royal Glimmer","K-59"," #9794be "
"Lined with Lilacs","K-60"," #a5a1c9 "
"Pick of the Patch","K-61"," #ccc8e2 "
"Pastel Princess","K-62"," #dad7e7 "
"Tentative Dawn","K-63"," #e4e2ea "
"Petulant Pat","K-64"," #50498a "
"Exotic Beauty","K-65"," #6d6db1 "
"Adora","K-66"," #9092cb "
"Petal Soft","K-67"," #aaabda "
"Peak of Perfection","K-68"," #c0c0e6 "
"Flora Vista","K-69"," #cccdea "
"Little Cutie","K-70"," #dbdced "
"Natural Beauty","K-71"," #e5e5ee "
"Georgian Court","K-72"," #3e3a74 "
"Purple Wave","K-73"," #6a74b7 "
"Florette","K-74"," #8692cc "
"Roswell","K-75"," #a2a9d9 "
"Berry Blush","K-76"," #bbc0e6 "
"Beautiful Berry","K-77"," #d0d4ea "
"Edge of Dawn","K-78"," #e4e6ee "
"Alicia","K-79"," #f1f1ef "
"Grand Grape","K-80"," #3b465a "
"Mountain Vale","K-81"," #646b8f "
"Premiere Purple","K-82"," #747c9f "
"King's Court","K-83"," #8991b2 "
"Purple Paradise","K-84"," #a1a6c4 "
"Violet Vista","K-85"," #babed7 "
"Little Grapette","K-86"," #d4d6e4 "
"Loyalist","K-87"," #e8e9ec "
"Pantry Plum","K-88"," #3d3f4c "
"Flirty Fran","K-89"," #5c6379 "
"Pale Orchid","K-90"," #7e889f "
"Purpley Puff","K-91"," #9ea6b9 "
"Favorite Things","K-92"," #b2b9ca "
"Kecia","K-93"," #c5cad6 "
"Romance in Bloom","K-94"," #d8dce3 "
"Flower Girl","K-95"," #e4e6e9 "
"Evening Magic","K-96"," #343c79 "
"Blue Bounty","K-97"," #506fb3 "
"Royal Regatta","K-98"," #7694ce "
"Prince Charming","K-99"," #98afdc "
"Morning Sky","K-100"," #acc1e6 "
"Breezy Blue","K-101"," #c8d7ed "
"Moondancing","K-102"," #dde5ef "
"Icy Blue","K-103"," #edefef "
"Evening in Paris","K-104"," #254280 "
"Harbor Blue","K-105"," #5b79aa "
"South Port","K-106"," #7d98c4 "
"Washed Indigo","K-107"," #98afd3 "
"Scuba Blue","K-108"," #a7bdde "
"By the Bay","K-109"," #b4c7e2 "
"Blue Dawn","K-110"," #cad6e8 "
"Blue Brush Stroke","K-111"," #e3e7ea "
"Night on the Town","K-112"," #30405a "
"Blue Monday","K-113"," #476a8f "
"Postcard Perfect","K-114"," #6e91b3 "
"Far Horizons","K-115"," #86a4c2 "
"Blissful Blue","K-116"," #a4bfd9 "
"Sail Away","K-117"," #b9cfe1 "
"Summer Sky","K-118"," #cbdbe7 "
"Jet Stream","K-119"," #e5eced "
"Blue Moon Bay","K-120"," #34435b "
"Pleasant Lake","K-121"," #4c6b8b "
"Sea of Marma","K-122"," #587797 "
"Piece of the Sky","K-123"," #6b8aa9 "
"Beecher Falls","K-124"," #91acc4 "
"Quiet Refuge","K-125"," #aec6da "
"Precious Dew Drop","K-126"," #cbdae5 "
"June Breeze","K-127"," #e1e8ea "
"Cascade Twilight","K-128"," #224b8f "
"Soothing Sapphire","K-129"," #297bc1 "
"Breathtaking Blue","K-130"," #569ad7 "
"City of Atlantis","K-131"," #6ca8de "
"Blue Sky","K-132"," #8ec1e9 "
"Young Boy Blue","K-133"," #abd1ee "
"Prairie Day","K-134"," #c8e0ef "
"Calypso Breeze","K-135"," #e4eeef "
"Prairie Night","K-136"," #244667 "
"Wakeby Beach","K-137"," #3e7da8 "
"Bird's Egg Blue","K-138"," #6198c0 "
"Gaugin's Blue","K-139"," #87b4d4 "
"Make a Splash","K-140"," #98c2df "
"Blooming Blue","K-141"," #bbd7e7 "
"Bird Bath Blue","K-142"," #d7e6ec "
"Spring Dew","K-143"," #e2edee "
"Blue By You","K-144"," #064f77 "
"Hidden Springs","K-145"," #1a84b2 "
"Bonaventure","K-146"," #4a9cc7 "
"Cascade Blue","K-147"," #7bb8d9 "
"Lupe's Lake","K-148"," #86c3e4 "
"Sky Watch","K-149"," #a6d3e9 "
"High Spirits","K-150"," #c9e4ee "
"Dreamy Space","K-151"," #daebef "
"Blazer Blue","K-152"," #243a52 "
"Blue Suede Shoes","K-153"," #40677e "
"Storm Blue Sky","K-154"," #618aa3 "
"Thunder Bay","K-155"," #7ba0b7 "
"Dresden Falls","K-156"," #95bbcf "
"Oh Boy!","K-157"," #a3c4d6 "
"Swirling Water","K-158"," #bad2df "
"Phantom Lake","K-159"," #dbe7ea "
"Puerto Deseado","K-160"," #303d44 "
"Dusk Blue","K-161"," #506f7b "
"Breezy Indigo","K-162"," #7493a0 "
"Maracay Bay","K-163"," #94afba "
"Exotic Port","K-164"," #a7c0c9 "
"Hatteras Haze","K-165"," #b8d0d7 "
"Sierra Spring","K-166"," #c9dade "
"Cloud-wisped Sky","K-167"," #dee8e8 "
"Citadel Blue","K-168"," #00547b "
"Old Port","K-169"," #008eb8 "
"True Sky Blue","K-170"," #26a5cb "
"Sunrise River","K-171"," #56b5d6 "
"Paradise Bay","K-172"," #7bc9e4 "
"New Day Sky","K-173"," #9fd7e9 "
"Simply Heaven ","K-174"," #c5e6ed "
"Whispery Breeze","K-175"," #e0eeed "
"Under the Sea","K-176"," #34545e "
"Ocean Blues","K-177"," #497786 "
"Wonderful World","K-178"," #6d99a9 "
"Tropical Sea","K-179"," #93b6c3 "
"Gift of the Sea","K-180"," #a2c5d0 "
"Seaside Pleasure","K-181"," #b9d4db "
"Caribbean Sky","K-182"," #d6e4e5 "
"Fair Winds","K-183"," #eaefec "
"Night Edition","K-184"," #1b485d "
"Puerto Mio","K-185"," #0089a6 "
"Patch of Blue","K-186"," #4caac4 "
"Skyway","K-187"," #76bed3 "
"Joyful Morning","K-188"," #8acdde "
"Walking on Air","K-189"," #a7d9e6 "
"Bright Vision","K-190"," #bfe3e9 "
"Gypsy Wind","K-191"," #d1e9ec "
"Sea of Midnight","K-192"," #005c7b "
"Navajo Turquoise","K-193"," #0094aa "
"Bountiful Blue","K-194"," #1cadc2 "
"Swan Lake","K-195"," #6ac5d5 "
"Ocean Park","K-196"," #7cd0de "
"Fantasy Flight","K-197"," #9cdbe4 "
"Inner Peace","K-198"," #c6e9ec "
"Odessa","K-199"," #e1f1ee "
"Caribbean Dream","K-200"," #006067 "
"Aqua Marine","K-201"," #088e95 "
"Brookside","K-202"," #4aa9b2 "
"Aquavit","K-203"," #7ac3ca "
"Pleasant View","K-204"," #8bd1d6 "
"Christopher Coast","K-205"," #a7dddf "
"Swim Team","K-206"," #bfe5e5 "
"Crystal River","K-207"," #d1ebea "
"Green Mountain Falls","K-208"," #254b50 "
"Time for Teal","K-209"," #38757b "
"Teal Lake","K-210"," #629ca3 "
"Turquoise Trick","K-211"," #7fb0b6 "
"Coastal View","K-212"," #93c6c9 "
"Aegean Accent","K-213"," #bcdede "
"Essence of the Sea","K-214"," #d0e7e4 "
"Bay Breeze","K-215"," #ddede9 "
"Woodland Springs","K-216"," #204749 "
"Mandalay Bay","K-217"," #4c7474 "
"Teal Tease","K-218"," #6b9597 "
"Acapulco Aqua","K-219"," #82a9aa "
"Teal Twilight","K-220"," #9ec6c3 "
"Seaside Accents","K-221"," #b6d5d1 "
"Iced Teal","K-222"," #c9e0dd "
"Bay Cruise","K-223"," #e2eae6 "
"Mountain Mist","K-224"," #0e535a "
"Tropical Teal","K-225"," #3c8583 "
"Peaceful Pond","K-226"," #5b9e9b "
"Kentucky Estate","K-227"," #92c4c3 "
"Fair Farmington","K-228"," #a2d2d0 "
"Nature's Theme","K-229"," #badfdb "
"Blue Green Gem","K-230"," #dcece8 "
"Meadow Mist","K-231"," #e6f1ec "
"Turquoise Trinket","K-232"," #006668 "
"Soothing Song","K-233"," #00a2a0 "
"Cool Turquoise","K-234"," #06b8b9 "
"Oceanside Paradise","K-235"," #6bcecf "
"Turquoise Treat","K-236"," #7fdad9 "
"Aqua Infusion","K-237"," #a5e4e2 "
"Baby Aqua","K-238"," #bfeae6 "
"Tender Touch","K-239"," #d1efea "
"Emerald Accent","K-240"," #006d5f "
"So Jaded","K-241"," #00a79d "
"Alexandra Valley","K-242"," #00bcb5 "
"May Day","K-243"," #5bcdc7 "
"Glorious Garden","K-244"," #7ddbd4 "
"Aged Aegean","K-245"," #a4e6e0 "
"Harington","K-246"," #bfede6 "
"Spa Springs","K-247"," #d0f0e9 "
"Enchanted Evergreen","K-248"," #006059 "
"Time to Grow","K-249"," #2d8e84 "
"Picnic Haven","K-250"," #5aada6 "
"Meadow Green","K-251"," #7fc2bb "
"Kylemore","K-252"," #9cd9d0 "
"Mild Mallard","K-253"," #a8dfd6 "
"Prairie Princess","K-254"," #c0e7e0 "
"Glorianna","K-255"," #d1ede6 "
"Country Meadow","K-256"," #174e46 "
"Emerald Valley","K-257"," #3b8272 "
"Aged Jade","K-258"," #62a699 "
"Green Grace","K-259"," #82bdb1 "
"Kodiak Valley","K-260"," #96d0c3 "
"Irish Lass","K-261"," #addbcf "
"Summer's Secret","K-262"," #bfe4da "
"Mystic Glow","K-263"," #d0ebe2 "
"Shamrock Green","K-264"," #007057 "
"Emerald Acres","K-265"," #00a283 "
"Jolt of Jade","K-266"," #55c0a9 "
"My Garden Party","K-267"," #75ceba "
"Irish Isle","K-268"," #87dbc7 "
"Jardin Jewel","K-269"," #a8e7d7 "
"Teal Twist","K-270"," #c6ecde "
"Garden Sprite","K-271"," #e2f1e6 "
"Woodland Fern","K-272"," #2a574c "
"Jasmine Jazz","K-273"," #49866e "
"Gardening Girl","K-274"," #6ca793 "
"Laurel Village","K-275"," #86bba8 "
"Fantasy Isle","K-276"," #9fd3bf "
"Mermaid Magic","K-277"," #b5decd "
"Spring Folly","K-278"," #d2eadd "
"Song of Summer","K-279"," #dceee4 "
"Center Field","K-280"," #008b56 "
"Peaceful Thyme","K-281"," #00b080 "
"Day in the Garden","K-282"," #49c49c "
"Esmerelda","K-283"," #7ed8b9 "
"Summer Sonata","K-284"," #91e3c9 "
"Glen Haven","K-285"," #abead5 "
"Garden Soft Green","K-286"," #d3f0e4 "
"Spring Splendor","K-287"," #e5f2e9 "
"The Back Nine","K-288"," #236843 "
"Garden Leaf","K-289"," #598f71 "
"Tarragon Tease","K-290"," #6da489 "
"Pioneer Park","K-291"," #91c0a9 "
"Garden Greenery","K-292"," #a9d6bf "
"Spring Meadow","K-293"," #c2e3d1 "
"Island Spirit","K-294"," #d3eadb "
"Dream of Green","K-295"," #def0e4 "
"Forever Green","K-296"," #1f7d43 "
"Summer Sumac","K-297"," #48a469 "
"Garden Variety","K-298"," #66bb8a "
"Sage Brush Place","K-299"," #8dd0a9 "
"Green Pastures","K-300"," #9de0bd "
"Phillip's Field","K-301"," #b0e5c9 "
"Subtle Splendor","K-302"," #cfeeda "
"Rites of Spring","K-303"," #e1f1e4 "
"Tall Timber","K-304"," #4c6c4c "
"Woodland Sage","K-305"," #658e6c "
"Lakeside Pine","K-306"," #82a98c "
"Aged Sage","K-307"," #9fc3a9 "
"Pinetree Trail","K-308"," #b2d4ba "
"Whisper of Pine","K-309"," #c9e2ce "
"Welcome Spring","K-310"," #d8e9d9 "
"Soft Mint","K-311"," #e3efe2 "
"Jolly Holly","K-312"," #2aa238 "
"Elmvale","K-313"," #69c365 "
"Amazon Trail","K-314"," #8bd385 "
"Wild Weeds","K-315"," #aee2a8 "
"Althorp Park","K-316"," #bde9b9 "
"Spring Leaves","K-317"," #d1efc9 "
"Flowing Green","K-318"," #e2f2db "
"Prelude to Summer","K-319"," #e9f3e2 "
"Wilderness Retreat","K-320"," #5ab32c "
"Hidden Hills","K-321"," #87cb61 "
"Frog Prince","K-322"," #a0dc85 "
"Sage Sensation","K-323"," #bce5a1 "
"Green Light","K-324"," #cbecb5 "
"Grassy Path","K-325"," #e4f2d2 "
"Spring Sonnet","K-326"," #ebf3db "
"Misty Meadow","K-327"," #f0f4e4 "
"Lily Pad Place","K-328"," #5e903e "
"Green Jeans","K-329"," #80b063 "
"Grand Valley","K-330"," #96c383 "
"Garden Stroll","K-331"," #b8d8a4 "
"Lincoln Park","K-332"," #c4e3b5 "
"Echo of Spring","K-333"," #d4ebc7 "
"Budding Leaf","K-334"," #e5f1da "
"Green Republic","K-335"," #eaf2e1 "
"Dark Drama","K-336"," #537640 "
"Jungle Birds","K-337"," #789963 "
"Little Green Frog","K-338"," #9ab78b "
"Quiet Kiwi","K-339"," #b8cfac "
"East of Eden","K-340"," #c9ddbd "
"Springfield","K-341"," #d5e6cb "
"Nature's Palette","K-342"," #e1edd8 "
"Green Peace","K-343"," #e9f0e0 "
"Woodland Park","K-344"," #647146 "
"Forest Ranger","K-345"," #808f67 "
"Cedar Lake","K-346"," #8f9d73 "
"Majestic Mountain","K-347"," #9dad88 "
"Spanish Moss","K-348"," #afbd9b "
"Light Loden","K-349"," #c9d7b7 "
"Villa Grove","K-350"," #d7e1c8 "
"Gardener's Delight","K-351"," #e3e9d5 "
"Latest Look","K-352"," #77a534 "
"Sour Apple","K-353"," #9abf59 "
"Lick of Lime","K-354"," #b1d07d "
"Snappy Green","K-355"," #c7de9c "
"Point Pleasant Heights","K-356"," #d8eab6 "
"Glory of Spring","K-357"," #e6f0cc "
"Kiwi Kiss","K-358"," #ecf2d6 "
"Spring Promise","K-359"," #f0f3de "
"Limerick Trick","K-360"," #7e8947 "
"Jean's Greens","K-361"," #8d9a5b "
"Spring Ahead","K-362"," #a9b57d "
"English Countryside","K-363"," #c1cb9a "
"Green of Spring","K-364"," #cedaac "
"Pick of the Meadow","K-365"," #d7e1b9 "
"Glimpse of Spring","K-366"," #e7ecd1 "
"New Green","K-367"," #ecefdb "
"Luscious Lime","K-368"," #77973a "
"Green Apple Peels","K-369"," #97b35d "
"Limeade","K-370"," #aec77e "
"Spring Has Sprung","K-371"," #c3d699 "
"Loire Valley","K-372"," #d3e5b2 "
"Green Acres","K-373"," #dceabf "
"Perennial Path","K-374"," #e6efcf "
"Soft Fern","K-375"," #ecf1d8 "
"Sporting Green","K-376"," #a1be1a "
"Burst of Lime","K-377"," #afd54f "
"Fresh Lettuce","K-378"," #c8e17b "
"Peeled Pistacchio","K-379"," #dbeba1 "
"Chelsea Garden","K-380"," #e5f1b7 "
"Spring Glen","K-381"," #ebf1c5 "
"Joy of Nature","K-382"," #f0f4d4 "
"Soft Spring","K-383"," #f3f5de "
"Parisan Park","K-384"," #97a631 "
"Jive Clive","K-385"," #aebc58 "
"Alligator Alley","K-386"," #c8d27e "
"Spring Garden Walk","K-387"," #d5dd96 "
"Sparkling Spring","K-388"," #e4eab3 "
"Spring Bounty","K-389"," #e8edbe "
"Soft Shamrock","K-390"," #eff1cd "
"Burst of Spring","K-391"," #f2f2d6 "
"Sour Lime","K-392"," #c8d62d "
"Wow","K-393"," #d4dd4c "
"Lime Ricky","K-394"," #d6e36f "
"Neon Lights","K-395"," #dce787 "
"Fresh Sprout","K-396"," #dfe7a0 "
"Green Mile","K-397"," #eaefc0 "
"Chipper Tint","K-398"," #eeefc9 "
"Green Whisp","K-399"," #f3f4d9 "
"Tuscany Hillside","K-400"," #707145 "
"Point Verde","K-401"," #888b5d "
"Aged Avocado","K-402"," #9b9e71 "
"Portsmouth Olive","K-403"," #aaad86 "
"Golden Shores","K-404"," #babd9a "
"Golden Chartreuse","K-405"," #ced1ac "
"Spring Frolic","K-406"," #e0e2c7 "
"A New Leaf","K-407"," #e8e9d4 "
"Cedar Edge","K-408"," #7c7947 "
"Aged Olive","K-409"," #8c8a5b "
"Retro Avocado","K-410"," #9a9764 "
"Mossy Log","K-411"," #a8a77b "
"Jungle Cane","K-412"," #bdbc93 "
"Hillsmere","K-413"," #d2d2a9 "
"Villa Nova","K-414"," #e2e0c2 "
"Arbor Field","K-415"," #e9e8d0 "
"Spring Fancy","K-416"," #959143 "
"Halls of Ivy","K-417"," #a29f54 "
"Sweet Celery","K-418"," #b0ac62 "
"Young Green","K-419"," #bbba77 "
"Frontenac Hills","K-420"," #cdcb91 "
"Spring Farm","K-421"," #dcdcaa "
"Sunny Knoll","K-422"," #e9e8c2 "
"White Marsh","K-423"," #eeedd0 "
"National Forest","K-424"," #9b9b39 "
"Terra Verde","K-425"," #bfb95c "
"Italian Olive","K-426"," #d2cc7a "
"Garden Promenade","K-427"," #d7d288 "
"Meadow Marsh","K-428"," #e1dd9e "
"Sprig of Sage","K-429"," #ede8b5 "
"Provincial Garden","K-430"," #f0edc4 "
"Spirit Island","K-431"," #f3f0d0 "
"Miss Marigold","K-432"," #cdbc09 "
"Sun Bright","K-433"," #e9d959 "
"Bold Gold","K-434"," #ecdf7a "
"Golden Treasure","K-435"," #f2ea9c "
"Sun Fun","K-436"," #faf2b8 "
"Gold Gleam","K-437"," #f8f3c5 "
"Golden Season","K-438"," #f7f4d8 "
"Summer Fun","K-439"," #f6f4e1 "
"Ornamental Grass","K-440"," #a09238 "
"Garden Element","K-441"," #bbac59 "
"Avalon","K-442"," #d2c680 "
"Divine Vine","K-443"," #ded49a "
"Meadowland","K-444"," #ebe4b4 "
"Harmony Hills","K-445"," #f3eecb "
"Kindred Spirit","K-446"," #f3efd4 "
"Angel Kiss","K-447"," #f5f3df "
"Veradale","K-448"," #7a7139 "
"Olive Oil","K-449"," #a0955d "
"Sheffield","K-450"," #b3a772 "
"Bamboo Shoot","K-451"," #c1b78a "
"Gold Mountain","K-452"," #cfc89f "
"Banana Cream","K-453"," #e0d8b4 "
"Pale Papyrus","K-454"," #e8e2c4 "
"Windswept Sails","K-455"," #f0edda "
"The Open Range","K-456"," #baa736 "
"September Sun","K-457"," #d0be55 "
"Australian Outlook","K-458"," #e0d27d "
"Goldiluxe","K-459"," #ebde99 "
"Honey Heaven","K-460"," #f3eab3 "
"Happy Honey","K-461"," #f4efc8 "
"Natural Linen","K-462"," #f5f1d4 "
"Thickened Cream","K-463"," #f4f2dd "
"Under the Sun","K-464"," #ffd704 "
"Rajah Gold","K-465"," #ffe449 "
"Summer Yellow","K-466"," #ffeb7a "
"Lemon Burst","K-467"," #feee91 "
"Rise and Shine","K-468"," #faf2b3 "
"Sunshiny","K-469"," #f9f3c4 "
"Sunny Companion","K-470"," #f7f3d1 "
"Summer Style","K-471"," #f7f5dc "
"Golden Ray","K-472"," #ffcc00 "
"Sunflower Petal","K-473"," #ffda40 "
"Country Sun","K-474"," #ffe372 "
"Saffron Smile","K-475"," #ffec95 "
"Lemon Rose","K-476"," #fcf1b7 "
"Sunny Sanibel","K-477"," #f9f0c3 "
"Shining Bright","K-478"," #f8f4d8 "
"Soft Honey","K-479"," #f7f5e1 "
"Golden Rattan","K-480"," #bc9b32 "
"Slip into Sunset","K-481"," #cdae4e "
"The Outback","K-482"," #dbbc61 "
"Honey Mustard","K-483"," #ead38f "
"Sea Oats","K-484"," #f1e0a5 "
"Sunny Disposition","K-485"," #f4e7b8 "
"Yuma Sand","K-486"," #f9f2cf "
"Irish Linen","K-487"," #f8f3da "
"Gold Strike","K-488"," #a98840 "
"Botanica Gold","K-489"," #bc9d58 "
"Sunshine Yellow","K-490"," #c5a863 "
"Star Fire","K-491"," #d2b87b "
"Pale Pollen","K-492"," #e2cc9a "
"Sun Glory","K-493"," #ecdbad "
"French Sonnet","K-494"," #f1e4bf "
"Pale Ivory","K-495"," #f3ecd4 "
"Devonshire","K-496"," #f2ba2b "
"Sunland Park","K-497"," #f9d154 "
"Tons of Sun","K-498"," #fbdc75 "
"Sunlit Sand","K-499"," #fde38d "
"Cream Custard","K-500"," #fdf0b5 "
"Autumn Valley","K-501"," #fcf2be "
"Spring Fever","K-502"," #faf3cd "
"Lynne Acres","K-503"," #f8f4d9 "
"Dried Mustard","K-504"," #eab41e "
"Somerton","K-505"," #f6ca51 "
"Mayan Maize","K-506"," #f9d877 "
"Southern Exposure","K-507"," #fce59c "
"Senegal Sun","K-508"," #fbedb3 "
"Fun in the Sun","K-509"," #fbf1c6 "
"Vanilla Almond","K-510"," #f9f3d3 "
"Evening Moon","K-511"," #f8f4dd "
"Inca Gold","K-512"," #ffc300 "
"Golden Girl","K-513"," #ffd23b "
"Ski Valley","K-514"," #ffe175 "
"Solid Gold","K-515"," #ffe898 "
"Golden Aura","K-516"," #ffeeb1 "
"Sundrenched","K-517"," #fcf0c0 "
"Liquid Light","K-518"," #faf3d4 "
"Firefly Flicker","K-519"," #f7f5e4 "
"Golden Autumn","K-520"," #f0a90a "
"Antique Gold","K-521"," #f8ba38 "
"Burnished Sun","K-522"," #ffcc61 "
"Hawaiian Honey","K-523"," #ffdb8c "
"Sommerset","K-524"," #ffe7a7 "
"Wild Honey","K-525"," #ffedba "
"Sprinkled with Summer","K-526"," #fdf0ca "
"Lunar Luxury","K-527"," #fbf2d6 "
"Field Gear","K-528"," #d29c31 "
"Serengeti Song","K-529"," #e1b150 "
"Sari Suit","K-530"," #efc674 "
"Creased Khaki","K-531"," #f8d897 "
"Natural Raffia","K-532"," #fbe4ab "
"Home and Hearth","K-533"," #faebbf "
"Shredded Wheat","K-534"," #f8f0d6 "
"Washed Canvas","K-535"," #f7f4e6 "
"Chapultepec","K-536"," #ca933e "
"Great Gaucho","K-537"," #dba755 "
"West Warwick","K-538"," #e8bb73 "
"Hacienda Clay","K-539"," #f0c989 "
"Sea of Sand","K-540"," #fadeaa "
"Clean Canvas","K-541"," #fbe9c3 "
"Magnolia Bloom","K-542"," #f9f0da "
"Moon Magic","K-543"," #f7f3e6 "
"Bright Lily","K-544"," #ffb400 "
"Goldfinch","K-545"," #ffc82b "
"Bright Fires","K-546"," #ffd668 "
"Tigger's Tail","K-547"," #ffe28f "
"Bee Balm","K-548"," #ffeaa7 "
"Tangerine Twist","K-549"," #ffedba "
"Cornmeal","K-550"," #fcf0ca "
"Buttered Up","K-551"," #f9f4df "
"Florida Orange","K-552"," #ffaa00 "
"Firefly Glow","K-553"," #ffba40 "
"Orange Spark","K-554"," #ffc65a "
"Dreamsicle","K-555"," #ffd98d "
"Fairy Glitter","K-556"," #ffe7ad "
"Sparkle Tint","K-557"," #feecbf "
"Tinkerbell Trail ","K-558"," #fceec8 "
"Apricot Mousse","K-559"," #faf1d7 "
"Monarch Wing","K-560"," #ff9a05 "
"Pumpkin Harvest","K-561"," #ffb239 "
"Autumn's Charm","K-562"," #ffc465 "
"Summer Sherbert","K-563"," #ffd280 "
"Elberta Peaches","K-564"," #ffe1a2 "
"Zahria","K-565"," #fdedc3 "
"Apricotta","K-566"," #fbf0d0 "
"Vanilla View","K-567"," #f9f2dc "
"Mandarin Grove","K-568"," #cb8135 "
"Autumn Beauty","K-569"," #e09c52 "
"Seville Orange","K-570"," #f0b87a "
"Citrus Sherbert","K-571"," #f8c791 "
"Coral Beach","K-572"," #fedcac "
"Such a Peach","K-573"," #fce3be "
"Rave Rachel","K-574"," #f9edd4 "
"Soft Shoulders","K-575"," #f7f2e5 "
"Haley's Comet","K-576"," #fd8323 "
"Tangelo Anna","K-577"," #ffa348 "
"Sweet Michelle","K-578"," #ffb76a "
"Mirasol Paula","K-579"," #ffd096 "
"Ariana","K-580"," #ffdeab "
"Proud Mary","K-581"," #fee7c0 "
"Quiche Lorraine","K-582"," #fcedcf "
"Christi Cream","K-583"," #f9efd9 "
"Bergamot Orange","K-584"," #d9863a "
"Amber Autumn","K-585"," #e99d56 "
"Sirena Sun","K-586"," #f2b276 "
"Baltic Amber","K-587"," #fcc996 "
"Amber Moon","K-588"," #ffd8ab "
"Moonlight Beach","K-589"," #fee1bc "
"Cumberland Cream","K-590"," #fae9cf "
"Moon Maiden","K-591"," #faf0de "
"Bright Bittersweet","K-592"," #e87434 "
"Autumn Splendor","K-593"," #fe9150 "
"Coral Canyon","K-594"," #ffaa76 "
"Sunset Beach","K-595"," #ffc599 "
"Melon Sorbet","K-596"," #ffd6af "
"Peach Rose","K-597"," #ffe3c6 "
"Simply Sunset","K-598"," #fcead3 "
"Villa Nor","K-599"," #f9f1e1 "
"Deep Spice","K-600"," #d26b33 "
"Cimarron Trail","K-601"," #eb905b "
"Moroccan Spice","K-602"," #f5a779 "
"Fawn Farrah","K-603"," #fabb93 "
"Dunhill","K-604"," #ffd2b0 "
"Bashful Beige","K-605"," #fedcc1 "
"Pale Dawn","K-606"," #fbead8 "
"Thistle Down","K-607"," #f7f2e6 "
"Sunbaked Earth","K-608"," #ae6241 "
"Tuscan Terracotta","K-609"," #d07c50 "
"Beach Treasure","K-610"," #e39d77 "
"Sun-warmed Tile","K-611"," #f0b798 "
"Orange Essence","K-612"," #f6c9aa "
"Peach Beach","K-613"," #f9d4b8 "
"Toes in the Sand","K-614"," #f9dfc8 "
"Milk Shake","K-615"," #fae6d5 "
"Copper Moon","K-616"," #af633e "
"Timeworn Terracotta","K-617"," #bc734b "
"Sunset Mesa","K-618"," #d4916e "
"Coral Coast","K-619"," #e0a380 "
"Salmon River","K-620"," #f2c19f "
"Australian Apricot","K-621"," #f6d0b3 "
"Coral Cloud","K-622"," #f9e1cb "
"African Ivory","K-623"," #f7ecde "
"Hot Shot","K-624"," #ed6136 "
"Mathew's Fire","K-625"," #fa8658 "
"Orange You Glad","K-626"," #fea17d "
"Orange Nectar","K-627"," #ffbb9d "
"Mango Tango","K-628"," #ffcfb5 "
"Luminaria","K-629"," #ffdec8 "
"Peach Cashmere","K-630"," #fde9d9 "
"Peach Complexion","K-631"," #f8eee2 "
"Persimmon","K-632"," #be4e3d "
"Coral Cove","K-633"," #e17d63 "
"Rosy Coral","K-634"," #f09d8a "
"Shade of Shell","K-635"," #f8b5a4 "
"Young Girl","K-636"," #fec8b7 "
"Mussel Shell","K-637"," #fed6c8 "
"Path of Petals","K-638"," #fde4d9 "
"First Love","K-639"," #fbeae1 "
"Campfire Blaze","K-640"," #e64e3a "
"Australian Coral","K-641"," #f67c6c "
"Adonis Glow","K-642"," #fb988f "
"Perfect Touch","K-643"," #ffb2aa "
"Deco Shell","K-644"," #ffccc4 "
"Rose Hips","K-645"," #ffd8d0 "
"Sherry Cream","K-646"," #fde3db "
"Gossamer","K-647"," #f9ede6 "
"Grand Duke","K-648"," #cb5345 "
"Fancy Nancy","K-649"," #e87f79 "
"Blossom Park","K-650"," #f29897 "
"Her Majesty","K-651"," #fab4b2 "
"Rose Point","K-652"," #ffc9c7 "
"Bloomsbury","K-653"," #ffd1cd "
"Morningside","K-654"," #fee1de "
"Devon Dawn","K-655"," #faebe8 "
"Salsa del Sol","K-656"," #df4338 "
"Gabriel's Gift","K-657"," #f37773 "
"Peaceful Princess","K-658"," #fa9594 "
"Patient Pink","K-659"," #ffaaaa "
"Spring Rose","K-660"," #ffc7c5 "
"Pink Perfection","K-661"," #ffd8d5 "
"My Sweatheart","K-662"," #fde0dd "
"Willow Creek","K-663"," #f9eee9 "
"Scarlet Sumac","K-664"," #b34b42 "
"May Fair","K-665"," #cd6766 "
"Sweet Amelia","K-666"," #dd8489 "
"Pink Carnation","K-667"," #eea5a7 "
"Desert Bloom","K-668"," #f8b8b9 "
"Dulce Crystal","K-669"," #fcc3c6 "
"Pouf of Pink","K-670"," #fcd7d6 "
"Pale Perfection","K-671"," #f9e9e6 "
"Red Baron","K-672"," #be2535 "
"Lady Love","K-673"," #e06a78 "
"Wild Heather","K-674"," #ef8d9d "
"Chelsea Rose","K-675"," #faaab6 "
"Ballet Slippers","K-676"," #fdbbc5 "
"Calique","K-677"," #fecbd2 "
"Sweet Memories","K-678"," #fedce1 "
"Pink Mist","K-679"," #fce5e7 "
"Painter's Red","K-680"," #cf252b "
"P.J.'s","K-681"," #f2728a "
"Pink Posey","K-682"," #f88fa7 "
"Climbing Rose","K-683"," #feafc2 "
"Chenille Spread","K-684"," #ffc2d0 "
"Fuzzy Slippers","K-685"," #ffd6de "
"Beth's Smile","K-686"," #fce4e7 "
"Winged Angel","K-687"," #f9efed "
"Prado Red","K-688"," #7f3e42 "
"Rose Queen","K-689"," #a76567 "
"Mauve Medley","K-690"," #b47477 "
"Vintage Rose","K-691"," #ca9499 "
"Spring Cheer","K-692"," #daabb1 "
"Minute Mauve","K-693"," #eac0c3 "
"Berry Good","K-694"," #f3d7d8 "
"Pale Petals","K-695"," #f5e7e4 "
"Fine Wine ","K-696"," #813545 "
"Wild Berry","K-697"," #b66972 "
"Melita","K-698"," #c87f87 "
"Wild Scottish Rose","K-699"," #d28e9a "
"Sweet Heart","K-700"," #e6aeb6 "
"Briar Rose","K-701"," #f2c6cb "
"Primrose Cottage","K-702"," #f8dcde "
"Blush of Spring","K-703"," #f8ecea "
"Jay's New Toy","K-704"," #a0293d "
"Lipstick Pink","K-705"," #be5e6b "
"Rosey Bouquet","K-706"," #da8c9b "
"Susan's Smile","K-707"," #e4a0ae "
"Party Pink","K-708"," #f1b7c3 "
"Blossom Beauty","K-709"," #f5c6cf "
"Go Girl!","K-710"," #f7d5da "
"Sweet Illusions","K-711"," #f7e0e3 "
"Francesca","K-712"," #9f253d "
"Rich Desires","K-713"," #e06793 "
"Karen's Kiss","K-714"," #ed8db5 "
"Budding Rose","K-715"," #f5afcb "
"Josie's Joy","K-716"," #f9bfd7 "
"Rose Rhapsody","K-717"," #fad3e2 "
"First Dawn","K-718"," #fbdee7 "
"Pale Blush","K-719"," #f9ebed "
"It's the Berries","K-720"," #932944 "
"Raisa","K-721"," #bb6b8c "
"Euphoric Rose","K-722"," #d993b1 "
"Baby Yourself","K-723"," #e3aec5 "
"Rose Camilla","K-724"," #f5c0d3 "
"Baby Blush","K-725"," #f7d1de "
"Sweet Roses","K-726"," #f8dee6 "
"Pink Ice","K-727"," #f9eeee "
"Fine Burgundy","K-728"," #863a5e "
"The Marquis","K-729"," #b97093 "
"Santa Rosa","K-730"," #c582a3 "
"Heirloom Rose","K-731"," #ddaac5 "
"Roses in the Snow","K-732"," #edc2d7 "
"Smidgen of Cloud","K-733"," #f1d0de "
"Sheridan","K-734"," #f5dee6 "
"Prettiest Pale","K-735"," #f7e8ec "
"Country Cranberry","K-736"," #6b3450 "
"Earth Fired Red","K-737"," #b66da4 "
"Autumn Sedum","K-738"," #ce94c3 "
"French Rose","K-739"," #dba8d1 "
"Rosarian","K-740"," #ebbfdf "
"Cabbage Rose","K-741"," #efc9e3 "
"Spring Petals","K-742"," #f4d9eb "
"Rosy View","K-743"," #f4e3ec "
"So Merlot","K-744"," #513249 "
"Orchard Plum","K-745"," #87657a "
"Beguiling Blossom","K-746"," #92778a "
"Lady Like","K-747"," #a48b9f "
"Light Rosa","K-748"," #c1acbb "
"Pink Peace","K-749"," #d7bfcb "
"Sweet and Sassy","K-750"," #ead9de "
"Daybreak Mood","K-751"," #f4edec "
"Autumn Plum","K-752"," #513b4b "
"Lady Carlyle","K-753"," #7f6e78 "
"Rosabella","K-754"," #94838d "
"Lida Rose","K-755"," #a495a1 "
"Apple Blossom Time","K-756"," #c1b4bd "
"Pretty Princess","K-757"," #d6c7cc "
"Placid Pink","K-758"," #e8ddde "
"Magical Mourn","K-759"," #eee7e6 "
"Dark Berry","K-760"," #3f343a "
"Plum Island","K-761"," #7b6e73 "
"Lavender Rose","K-762"," #93878b "
"Heather Ridge","K-763"," #aea4a9 "
"Romantic Light","K-764"," #beb5b9 "
"Easter Egg","K-765"," #d3c8c9 "
"Plum Proud","K-766"," #e0d7d7 "
"Grape Expectations","K-767"," #ece6e3 "
"Evening Empress","K-768"," #433c3c "
"Zuli","K-769"," #5d585b "
"Last Light","K-770"," #6f6b6f "
"Girgitta","K-771"," #87868b "
"Heather Harmony","K-772"," #a3a1a5 "
"Pashmina","K-773"," #bbb7b8 "
"Sweet Musette","K-774"," #d9d7d6 "
"Iced Silver","K-775"," #eae8e5 "
"In the Dark","K-776"," #36373c "
"Five O'Clock Shadow","K-777"," #5a5c64 "
"Gray Whale Cove","K-778"," #6d7079 "
"Shadow Mountain","K-779"," #7f848e "
"Bethel Corner","K-780"," #a3a7af "
"October Sky","K-781"," #bbbbc0 "
"White Palace","K-782"," #d4d4d5 "
"Billowing Clouds","K-783"," #dfdedf "
"Kitty Kitty","K-784"," #282728 "
"Smokey Hearth","K-785"," #575d65 "
"Made in the Shade","K-786"," #6b727a "
"Madison Grey","K-787"," #959da5 "
"Dolphin Dance","K-788"," #aeb3b8 "
"Where there is Smoke","K-789"," #caced0 "
"Heirloom Silver","K-790"," #e3e5e4 "
"Mercury","K-791"," #f0f0eb "
"New Uniform","K-792"," #49484c "
"Blue Lake","K-793"," #57626b "
"Romantic Mood","K-794"," #646f79 "
"Mirador","K-795"," #748490 "
"Brookview","K-796"," #8e9ca6 "
"Bali Blue","K-797"," #a1b4bf "
"Quiet Sentiment","K-798"," #c2cdd2 "
"Moonlight Blue","K-799"," #d9dee0 "
"In the Navy","K-800"," #313b45 "
"Blazing Sky","K-801"," #495d6b "
"Tucker's Toy","K-802"," #6e8393 "
"Blue Horizon","K-803"," #8da2b0 "
"Grand Bay","K-804"," #9fb4c1 "
"Sky's the Limit","K-805"," #b6c7d0 "
"Clear to See","K-806"," #d0dade "
"Snippet of Blue","K-807"," #e3e8e8 "
"Contessa's Cape","K-808"," #383a39 "
"Charcoal Shadow","K-809"," #565b5d "
"Grafton Grey","K-810"," #63686a "
"Stone Age","K-811"," #81878a "
"Cold Steel","K-812"," #9ea4a6 "
"Prairie Smoke","K-813"," #babdbc "
"Grey Mare","K-814"," #d0d3d1 "
"Quick Silver","K-815"," #e7e7e3 "
"Carbon Copy","K-816"," #3c3731 "
"Dark Shadows","K-817"," #5f5d5a "
"Cast in Stone","K-818"," #858483 "
"Diamond Heights","K-819"," #a1a1a0 "
"Platinum Plate","K-820"," #b8b7b2 "
"Silver Queen","K-821"," #cac8c4 "
"Ice Age","K-822"," #d8d6d1 "
"Snowflake Confetti","K-823"," #e4e2dd "
"Opening Night","K-824"," #42423e "
"Great Graphite","K-825"," #5e5f5d "
"Shadow Dance","K-826"," #6e6f6d "
"Grey Matters","K-827"," #838584 "
"Titanic Grey","K-828"," #a1a4a3 "
"Zephyr","K-829"," #bbbab6 "
"Fading Fog","K-830"," #cbcbc7 "
"Whispering Smoke","K-831"," #d8d8d4 "
"Midnight in the Tropics","K-832"," #3f4341 "
"Shady Place","K-833"," #58615f "
"Roman Stone","K-834"," #6a7271 "
"Gothic Grey","K-835"," #7e8788 "
"Raw Steel","K-836"," #9aa3a3 "
"Wintry Sky","K-837"," #b2b9b6 "
"Grey Mist","K-838"," #bfc5c0 "
"First Frost","K-839"," #dbded9 "
"Dark Moon","K-840"," #4a4b44 "
"Castlemare","K-841"," #60635b "
"Burnished Pewter","K-842"," #6f726a "
"Slippery Shale","K-843"," #848882 "
"Pussy Willow","K-844"," #9b9f99 "
"Hi Ho Silver","K-845"," #b9bab1 "
"Winter Way","K-846"," #c6c7be "
"Siberian Snowflake","K-847"," #dcdcd4 "
"Moonless Sky","K-848"," #3a4040 "
"Wrapped in Twilight","K-849"," #5d6b6b "
"Rio Bravo","K-850"," #6f7c7c "
"Pools of Blue","K-851"," #859495 "
"Waterby","K-852"," #a0adad "
"Quiet Cove","K-853"," #bcc7c3 "
"Dancing Bubbles","K-854"," #c7d1cd "
"Whispering Waterfall","K-855"," #d7ddd9 "
"Cape Royal","K-856"," #294344 "
"Under Water World","K-857"," #5a716d "
"Forest Falls","K-858"," #7f9796 "
"Mystic Lake","K-859"," #9fb4b2 "
"Sea Dreams","K-860"," #b1c6c1 "
"Misty Harbor","K-861"," #c4d6d0 "
"Ocean Cliffs","K-862"," #dce5e0 "
"Water Spirit","K-863"," #e8ece6 "
"Opera Evening","K-864"," #495146 "
"Logan Lake","K-865"," #626f63 "
"Green Shadow","K-866"," #768477 "
"River Rhythm","K-867"," #89978d "
"Artful Green","K-868"," #a0ada3 "
"Rain Mist","K-869"," #bdc8bc "
"London Fog","K-870"," #d7ded4 "
"Spirit Wind","K-871"," #ebede5 "
"Glade Creek","K-872"," #515f44 "
"Spruce Spring","K-873"," #6c8064 "
"Maine Mist","K-874"," #7b8e71 "
"Green Silence","K-875"," #92a58d "
"When Twilight Falls","K-876"," #a7b9a2 "
"Eucalyptus Leaf","K-877"," #b9cbb4 "
"Tudor Grove","K-878"," #d1decc "
"Spinney Mountain","K-879"," #e7ece0 "
"Irish Moss","K-880"," #505646 "
"Glen Ivy","K-881"," #687060 "
"Valley Vista","K-882"," #777f6e "
"Majestic Evergreen","K-883"," #858f80 "
"Hidden Ravine","K-884"," #a2ab9d "
"Gardening Trend","K-885"," #bcc4b5 "
"Wild Grass","K-886"," #d0d6c8 "
"Ridgefield","K-887"," #dee2d6 "
"Clearfield","K-888"," #585c49 "
"Spring's Eve","K-889"," #6c715e "
"Maid of the Mist","K-890"," #8c9280 "
"Pineview","K-891"," #969c8a "
"Song of Nature","K-892"," #abb09e "
"Fernwood","K-893"," #c1c5b1 "
"Vintage Find","K-894"," #cfd2c1 "
"Sage Tinged","K-895"," #e6e7da "
"Ladies' Night","K-896"," #5a6045 "
"Green Dusk","K-897"," #747d62 "
"Port Alice","K-898"," #878f73 "
"Woodland Waterfall","K-899"," #9ea78f "
"Dream Weaver","K-900"," #b0b8a2 "
"Water Magic","K-901"," #c4ccb3 "
"Mystical Mist","K-902"," #dbe0ce "
"Glacier Valley","K-903"," #edeee2 "
"Evergreen Trail","K-904"," #616b49 "
"Old Growth Forest","K-905"," #71805e "
"Buchanan Gardens","K-906"," #808e6b "
"Silver Mound","K-907"," #8f9d80 "
"Lamb's Ear","K-908"," #adb99e "
"Foresta","K-909"," #c4d0b5 "
"Fraser Lake","K-910"," #d0dac2 "
"Hyde Park","K-911"," #dfe5d3 "
"Fortune Leaves","K-912"," #595847 "
"Hampstead","K-913"," #6c6b5a "
"French Clay","K-914"," #8b8c7d "
"Rock Wall","K-915"," #989889 "
"Marble Quarry","K-916"," #abac9d "
"Dillard","K-917"," #c4c2b1 "
"Wishing Star","K-918"," #dad8ca "
"Glacier Ridge","K-919"," #ebe9df "
"Bravo Brown","K-920"," #4b4639 "
"Rock of Ages","K-921"," #6f6a5d "
"Rolling Stone","K-922"," #787466 "
"Garden Bench","K-923"," #8b897e "
"Ashford","K-924"," #a9a79d "
"Silver Spree","K-925"," #c2bdb0 "
"Pewter Moon","K-926"," #d8d4ca "
"White Delight","K-927"," #ebe8e0 "
"Pilot Rock","K-928"," #5c5242 "
"Castle Dale","K-929"," #6f675c "
"Hidcote Manor","K-930"," #837b6f "
"Granite Cliff","K-931"," #948e85 "
"Zanzibar","K-932"," #b2a99e "
"Weathered White","K-933"," #d5cdc0 "
"Silver Plume","K-934"," #dfd9ce "
"Sierra Blanca","K-935"," #f0eee5 "
"Mocha Mousse","K-936"," #665847 "
"CrËme de Caramel","K-937"," #7a6b57 "
"Tropical Tan","K-938"," #998c7a "
"Bristol Beige","K-939"," #b1a694 "
"Bamboo Beach","K-940"," #cabca8 "
"Sail Cloth ","K-941"," #cec2af "
"Travertine Trail","K-942"," #e1d9ca "
"Bridal Wreath","K-943"," #e8e2d6 "
"Stone Wall","K-944"," #615846 "
"Carlton Clay","K-945"," #726959 "
"Rockvale","K-946"," #847b6a "
"Utility Wear","K-947"," #989081 "
"Homespun Linen","K-948"," #b3ac9e "
"Star Light","K-949"," #cac1b1 "
"Desert Palm","K-950"," #d8d0c2 "
"Savana Oaks","K-951"," #e3dcd0 "
"Norwegian Wood","K-952"," #50493b "
"Fair Fieldstone","K-953"," #72695c "
"Greyswood","K-954"," #847b6d "
"Wild Mushroom","K-955"," #a8a196 "
"Apollodorous","K-956"," #c7bfb2 "
"Grey Ghost","K-957"," #d3cbbf "
"Sierra Snow","K-958"," #ded8ce "
"White Now!","K-959"," #eae6de "
"Woven Willow","K-960"," #726845 "
"Manchester Mood","K-961"," #827d60 "
"Sandalwood Tan","K-962"," #918b6e "
"Head for the Beach","K-963"," #a19d84 "
"Beach Bum","K-964"," #cbc5ab "
"Sand Castle","K-965"," #d6d0b9 "
"Creamy Natural","K-966"," #ebe8d9 "
"Pale Face","K-967"," #f2f0e6 "
"Olive Grove","K-968"," #61543e "
"African Plain","K-969"," #928266 "
"Highland Grass","K-970"," #a19276 "
"Westover Hills","K-971"," #b0a38c "
"Baja Beach","K-972"," #c8bda9 "
"Bleached Burl","K-973"," #e2d9c6 "
"Meadow Day","K-974"," #e7e0d1 "
"Campiello","K-975"," #f0ebe0 "
"Brown Mountain","K-976"," #8e7742 "
"Sandhurst","K-977"," #a48d59 "
"Barefoot Beach","K-978"," #b29a67 "
"Happy Camper","K-979"," #beaa7d "
"Western Wear","K-980"," #d2c098 "
"Dustry Trail","K-981"," #e2d1a9 "
"Barely Dawn","K-982"," #f0e6cb "
"Dover Tint","K-983"," #f3ecd8 "
"Cozy Cabin","K-984"," #826b42 "
"Woodriff","K-985"," #a0895c "
"Soft Moccasin","K-986"," #b39c6f "
"Serengeti Safari","K-987"," #bda882 "
"Pale Portabella","K-988"," #d3c2a0 "
"Tropical Straw","K-989"," #e2d3b2 "
"Organic Cotton","K-990"," #eee4cc "
"Cottage White","K-991"," #f2ead8 "
"Golden Mist","K-992"," #9b733c "
"Golden Prairie","K-993"," #b38c52 "
"Sheer Exposure","K-994"," #bb955c "
"Balsam Brown","K-995"," #cca978 "
"Ferncliffe","K-996"," #dec197 "
"Skin Light","K-997"," #ecd3a9 "
"Aged Parchment","K-998"," #f2e1c1 "
"Cloud of Cream","K-999"," #f4ead0 "
"Royal Crown","K-1000"," #91714a "
"Mexican Hills","K-1001"," #a3855c "
"Gold Promise","K-1002"," #b5986e "
"Victorian Gold","K-1003"," #bfa37f "
"Star of the Garden","K-1004"," #d4be9f "
"Simply Tan","K-1005"," #e3d1b1 "
"Limestone Ridge","K-1006"," #ecddc3 "
"Golden Pastel","K-1007"," #f0e5d0 "
"Carmel Candy","K-1008"," #906b42 "
"Caramel Mountain","K-1009"," #a27d56 "
"Tumble Tan","K-1010"," #b08e67 "
"Bernard Beach","K-1011"," #bea17f "
"Washed Khaki","K-1012"," #d3b798 "
"Timothy Tan","K-1013"," #e3cbac "
"Stilwell Beige","K-1014"," #ebd9be "
"Oat Straw","K-1015"," #f2e5d1 "
"Latte Please","K-1016"," #775b41 "
"Dig It","K-1017"," #886c53 "
"Pocahontas","K-1018"," #a48c75 "
"Swiss Cream","K-1019"," #bea893 "
"Rocio","K-1020"," #d4bea6 "
"Heritage Hills","K-1021"," #dcc7b1 "
"Tender Tan","K-1022"," #e6d6c3 "
"Whisper of White","K-1023"," #ede0d1 "
"Fallen Leaf","K-1024"," #9f6e41 "
"African Desert","K-1025"," #ae8157 "
"Supreme Bean","K-1026"," #cba37e "
"Brownstone","K-1027"," #ddbc9b "
"Legato Lane","K-1028"," #ebcfad "
"Palace Hill ","K-1029"," #eed6b8 "
"Julesberg","K-1030"," #f3e1c8 "
"Navarro","K-1031"," #f5e8d5 "
"Pinecone Path","K-1032"," #835d3d "
"Wildwood Bay","K-1033"," #a07959 "
"Rustic Charm","K-1034"," #b18b68 "
"Earthy Tan","K-1035"," #be9b7e "
"Early Tan","K-1036"," #d3b399 "
"Regina Beach","K-1037"," #e7ceb3 "
"Dune Walk","K-1038"," #ebd6be "
"Sandollar Beach","K-1039"," #f3e8d8 "
"Mochaccino","K-1040"," #886144 "
"Burnished Caramel","K-1041"," #997354 "
"Benetello","K-1042"," #a68265 "
"Country Life","K-1043"," #b39277 "
"Soft Buckskin","K-1044"," #ceb097 "
"Sandunia","K-1045"," #dfc4a9 "
"Baked Biscuit","K-1046"," #e8d2bb "
"Bare Bone","K-1047"," #f0e3d3 "
"Western Pursuit","K-1048"," #7c5539 "
"Maple Sugar","K-1049"," #977055 "
"Carmel Valley","K-1050"," #a88266 "
"Sandy's Shores","K-1051"," #b18e76 "
"Sands of Time","K-1052"," #cbab95 "
"Big on Beige ","K-1053"," #ddc0a8 "
"Fair Ivory","K-1054"," #ebd7c4 "
"Bare Essential","K-1055"," #f2e9dc "
"Warrior King","K-1056"," #a06339 "
"Chamois Shirt","K-1057"," #b57950 "
"Vizcaino Desert","K-1058"," #ce9771 "
"Fresh Sawdust","K-1059"," #e1b392 "
"Beachville","K-1060"," #eec7a5 "
"Taffy Surprise","K-1061"," #f1cfb0 "
"Beach Walk","K-1062"," #f5dbc1 "
"Crystal Beach","K-1063"," #f6ebdb "
"Soul of the Earth","K-1064"," #714c3b "
"Terrific Tan","K-1065"," #a37255 "
"Brighton Beach","K-1066"," #b58669 "
"Southwest Sand","K-1067"," #c2977e "
"Beauty and the Beach","K-1068"," #d1a992 "
"Face of Innocence","K-1069"," #e1bfa5 "
"Sunwashed Beach","K-1070"," #f0dbc8 "
"Moongaze","K-1071"," #f4e5d6 "
"Truffle Trouble","K-1072"," #9f4d38 "
"Rustic Hills","K-1073"," #a96348 "
"Spice Island","K-1074"," #c1816b "
"Copperfield","K-1075"," #d8a08b "
"Ancient Inca","K-1076"," #e7b69e "
"Doug's Dale","K-1077"," #e9b9a3 "
"Tangier Tan","K-1078"," #f1ccb9 "
"Mariah","K-1079"," #f6dfd0 "
"Old Brick","K-1080"," #8a4e37 "
"Fox Wood","K-1081"," #a5644d "
"Copper Coast","K-1082"," #b4745e "
"Rustic Pottery","K-1083"," #cb9583 "
"Sunbaked Clay","K-1084"," #d9a797 "
"Wasaga Beach","K-1085"," #e6bba8 "
"In the Buff","K-1086"," #f2d4c5 "
"Kensington","K-1087"," #f6e7dd "
"Majestic Ridge","K-1088"," #8b3c2a "
"Pebblestone Clay","K-1089"," #af6049 "
"Prairie Island","K-1090"," #c57c69 "
"Rocky Cliff","K-1091"," #dc9886 "
"Timber Ridge","K-1092"," #eaac96 "
"Stoney Creek","K-1093"," #f3c8b6 "
"Fresh Air","K-1094"," #f8e0d4 "
"Abbey Lane","K-1095"," #f6ede3 "
"Spice Variety","K-1096"," #693834 "
"Southwest Spirit","K-1097"," #935a4b "
"Point Sienna","K-1098"," #a46c5d "
"Topaz Tease","K-1099"," #c39388 "
"Warm Sands","K-1100"," #d7a99b "
"Parma","K-1101"," #e2baae "
"Almond Kiss","K-1102"," #eaccc0 "
"Bleached Ivory ","K-1103"," #f1d9cf "
"Bistro Brown","K-1104"," #654737 "
"Mocha Java","K-1105"," #7f5f51 "
"Pale Palamino","K-1106"," #997a6c "
"Reuben Ridge","K-1107"," #a88c81 "
"Stream Stone","K-1108"," #baa096 "
"Sandstorm","K-1109"," #cfb6a9 "
"Beach Bound","K-1110"," #ddc6bb "
"Beige Bluff","K-1111"," #ece0d7 "
"Jeff's Java","K-1112"," #523c32 "
"Light Roast","K-1113"," #715a50 "
"Mocha CafÈ","K-1114"," #8a7268 "
"Open Road","K-1115"," #ac9992 "
"Dancing Deer","K-1116"," #c2afa5 "
"Roanoke","K-1117"," #cdbbb1 "
"Pale Starlet","K-1118"," #dbcbc2 "
"Turkish Towel","K-1119"," #ece1d9 "
"Autumn's Bronze","K-1120"," #8a3d36 "
"Penny Lane","K-1121"," #a55144 "
"Ginger Jar","K-1122"," #b5665b "
"Cinnamon Rose","K-1123"," #cf857b "
"Tuscan Trail","K-1124"," #ebada1 "
"Coral Bells","K-1125"," #f2bfb4 "
"Rogue Bluff","K-1126"," #f7d8ce "
"Castleford","K-1127"," #f6e9e2 "
"Wendy Way","K-1128"," #682f34 "
"Chocolate Cherry","K-1129"," #825757 "
"Roshen Ridge","K-1130"," #987475 "
"Taryn Hills","K-1131"," #b59595 "
"Demetrio","K-1132"," #ccaba9 "
"Chambord Charm","K-1133"," #d9bebc "
"Mohican Mist","K-1134"," #e5cdca "
"Soft Sunrise","K-1135"," #ecdbd8 "
"Cheerful Cherry","K-1136"," #783c3f "
"Spring Bliss","K-1137"," #8d6266 "
"Darius Dawn","K-1138"," #a77f87 "
"Pampered Pink","K-1139"," #c09da4 "
"Spring Thing","K-1140"," #d6b2b6 "
"Think About It","K-1141"," #e1c4c6 "
"Prelude to Pink","K-1142"," #ecd7d7 "
"Pillow Talk","K-1143"," #f1e2e1 "
"Very Berry","K-1144"," #723747 "
"Rosey Glow","K-1145"," #9f6a73 "
"Rose Antiqua","K-1146"," #b78792 "
"Noah's Ark","K-1147"," #d1a7b1 "
"Laureate","K-1148"," #e4bcc3 "
"Spring Sprig","K-1149"," #ebcacf "
"Pearl Pink","K-1150"," #f0d6d7 "
"Arctic Lights","K-1151"," #f4e1e1 "
"Wine Country","K-1152"," #794550 "
"Mi Amor","K-1153"," #936168 "
"Merry Meredith","K-1154"," #ad7f89 "
"Cosmos Kiss","K-1155"," #c69fa7 "
"Shrub Rose","K-1156"," #d6b3ba "
"Andrea's Anticipation","K-1157"," #dcbbc1 "
"Easterville","K-1158"," #ead2d7 "
"Soft Shell","K-1159"," #f3e6e5 "
"Dame Margaret","K-1160"," #553f39 "
"Powderhorn Manor","K-1161"," #6c5652 "
"Rave Raisin","K-1162"," #857271 "
"Luberon","K-1163"," #a49191 "
"Toasted Rose","K-1164"," #bda9a5 "
"Mauve Star","K-1165"," #cdbbb7 "
"Natalia","K-1166"," #dbccc7 "
"Soothing Spring","K-1167"," #ebe2df "
"Wrightsford","K-1168"," #463730 "
"Mohawk Valley","K-1169"," #705f57 "
"Toasted Taupe","K-1170"," #7d6b62 "
"Utopia","K-1171"," #90817b "
"Gypsum Gap","K-1172"," #a99c96 "
"Castellina","K-1173"," #c5b7ad "
"Avorio","K-1174"," #d4c8c0 "
"Miguel Angel","K-1175"," #dfd5cd "
"Coffee Connoisseur","K-1176"," #5e4e3f "
"Evening Shade","K-1177"," #736557 "
"Woodbridge","K-1178"," #88796b "
"Old English Castle","K-1179"," #978b80 "
"Kelmscott","K-1180"," #b1a69b "
"Master Manuel","K-1181"," #c7bbad "
"Olympic Circle","K-1182"," #dbd1c5 "
"Lamb's Wool","K-1183"," #e8e2d9 "
"Shady Side","K-1184"," #5f4a39 "
"Brown Town","K-1185"," #7e6b5c "
"Java 'n Cream","K-1186"," #927f70 "
"Faded Beige","K-1187"," #a29285 "
"Taupe View","K-1188"," #b4a599 "
"Beige Rage","K-1189"," #cbbbac "
"Pink Fluff","K-1190"," #ded3c7 "
"Mountain Peak","K-1191"," #eee7de "
"Cranberry Craze","K-1192"," #604a38 "
"Cameroon Bay","K-1193"," #7b6656 "
"Antigua Rose","K-1194"," #988577 "
"Ashbury","K-1195"," #b19f91 "
"Beach Party","K-1196"," #c7b5a4 "
"Walnut Cream","K-1197"," #d5c6b7 "
"Canton Cotton","K-1198"," #e2d6c8 "
"Southern Sand","K-1199"," #e9dfd4 "
"Cancun Gold","K-1200"," #d9bb24 "
"Mustard Field","K-1201"," #d2b11d "
"Cha Cha","K-1202"," #eec400 "
"Sporty Yellow","K-1203"," #fdd31d "
"Lemon Ole'","K-1204"," #ffcf00 "
"End of the Rainbow","K-1205"," #bf9334 "
"Curry Flurry","K-1206"," #da9e19 "
"Gold Trinket","K-1207"," #bf8d38 "
"Bright'n Shiny","K-1208"," #ffb700 "
"Gilded Vision","K-1209"," #ffa521 "
"Glorious Sunset","K-1210"," #f89026 "
"Glowing Ember","K-1211"," #e87931 "
"L'Orange","K-1212"," #e3622f "
"Light My Fire","K-1213"," #f86f29 "
"Montana Dust","K-1214"," #e64e2b "
"High Society","K-1215"," #aa4832 "
"China Rouge","K-1216"," #c44538 "
"Leaf Rust","K-1217"," #a0392f "
"Boing!","K-1218"," #dd402e "
"Red Red","K-1219"," #c4342d "
"Lipstick Pencil","K-1220"," #bd2e32 "
"Rosie O'Dell","K-1221"," #c13d44 "
"American Rose","K-1222"," #952d3a "
"Red Alert","K-1223"," #ab2e46 "
"Red Blush","K-1224"," #a93851 "
"Merlot Magic","K-1225"," #ae3d55 "
"Red Raisin","K-1226"," #64403f "
"Dark Cherry Tart","K-1227"," #6e3940 "
"Bright Burgundy","K-1228"," #803740 "
"Raspberry Crush","K-1229"," #80444c "
"Teahouse Rose","K-1230"," #933851 "
"Valentine's Kiss","K-1231"," #ae3162 "
"Dark Burgundy Wine","K-1232"," #8e3155 "
"Plumbago","K-1233"," #593843 "
"Cherry Bon Bon","K-1234"," #663149 "
"Gailberry","K-1235"," #753656 "
"Fools' Fuscia","K-1236"," #8e3463 "
"Grape Riot","K-1237"," #94437c "
"Lavender Suede","K-1238"," #713b5e "
"Floral Paradise","K-1239"," #693d67 "
"Passion's Plea","K-1240"," #583b64 "
"Sailor's Eyes","K-1241"," #394778 "
"Royal Wave","K-1242"," #38405d "
"Midnight Interlude","K-1243"," #30466b "
"Inky Sea","K-1244"," #274b71 "
"Wavy Navy","K-1245"," #005488 "
"Ahoy! Blue","K-1246"," #006c92 "
"Teal Shadow","K-1247"," #21526c "
"Great Blue Green","K-1248"," #006c80 "
"Sophisticated Teal","K-1249"," #244954 "
"Turquoise Ocean","K-1250"," #245a61 "
"Deep Sea Dream","K-1251"," #205258 "
"Deep Loden Green","K-1252"," #305e51 "
"Glory Green","K-1253"," #386651 "
"Emerald Lights","K-1254"," #096845 "
"Hill and Vale","K-1255"," #0e7046 "
"Shamrock Charm","K-1256"," #476849 "
"Fair Lady Kelly","K-1257"," #538742 "
"Lots of Lime","K-1258"," #63b125 "
"Baby Sprout","K-1259"," #6c8b44 "
"Swan Wing","K-1260"," #f5f2e6 "
"Genna","K-1261"," #f5f2e8 "
"Beyond Pale","K-1262"," #f6f3e9 "
"Country Cotton","K-1263"," #f4f1ea "
"Soap Suds","K-1264"," #f5f3ea "
"Apple White","K-1265"," #f3f2ea "
"Bridal Bouquet","K-1266"," #f0ece8 "
"Birch Bay","K-1267"," #eceee9 "
"White Mountain","K-1268"," #e8e9e1 "
"Crystal Peak","K-1269"," #edf2ec "
"Sheer Ice","K-1270"," #e6ede9 "
"White Echo","K-1271"," #edf4ec "
"Seagull Point","K-1272"," #e9f2ea "
"Aqua Silence","K-1273"," #e0f0ed "
"White Bisque","K-1274"," #e2f0e8 "
"Mint Taffy","K-1275"," #e8f3e8 "
"Aurora Splendor","K-1276"," #e8f2e8 "
"Waterfall Mist","K-1277"," #ecf2ea "
"Elegant Satin","K-1278"," #eef4ea "
"Mint Essence","K-1279"," #eff3e6 "
"Little Flower","K-1280"," #f5f2e1 "
"Pat O'Butter","K-1281"," #f4f2e6 "
"Angel Cloud","K-1282"," #f5f1e4 "
"Ivory Turret","K-1283"," #f5f2e4 "
"Amberling","K-1284"," #f8f3e3 "
"Almond Sugar","K-1285"," #f9f3e1 "
"Amazing Grace","K-1286"," #efe8d4 "
"Homemade Biscuit","K-1287"," #f1e8cd "
"Arizona Heat","K-1288"," #e8dbc3 "
"Milk Paint","K-1289"," #eee4cc "
"Lovely Lace","K-1290"," #efe7d0 "
"Beige Daze","K-1291"," #f2ecda "
"Buff Bluff","K-1292"," #f3edda "
"It's A Cream","K-1293"," #f3efe1 "
"Dubai Sand","K-1294"," #eae3d1 "
"Pebble Bluff","K-1295"," #f4eddf "
"Bare Necessity","K-1296"," #ebe3d6 "
"Apricot Blush","K-1297"," #f6eee0 "
"Pinky","K-1298"," #faeee5 "
"Whitefair","K-1299"," #f5f0e4 "
"Sunbleached Shell","K-1300"," #f7efe3 "
"Magic Mica","K-1301"," #f5eee7 "
"Champagne Mist","K-1302"," #f7f3e9 "
"Barely There","K-1303"," #f7f2e8 "
"Victorian Cameo","K-1304"," #f7f1ea "
"Palace Gown","K-1305"," #f7f3eb "
"Neutral Ground","K-1306"," #f3ede2 "
"Sandpiper Place","K-1307"," #f5f1e5 "
"Egg White","K-1308"," #f1eee2 "
"Pressed Linen","K-1309"," #f7f3e8 "
"Beige Tower","K-1310"," #f4f0e5 "
"Cream Pie","K-1311"," #f7f5ec "
"Pristine Linen","K-1312"," #f1f0e5 "
"Drifted Sand","K-1313"," #f6f5ea "
"Pale Sisal","K-1314"," #f7f5eb "
"Almost Ivory","K-1315"," #f5f2e7 "
"Papier Blanc","K-1316"," #f1ede3 "
"White Silence","K-1317"," #f0ede3 "
"Dream Nights","K-1318"," #eae6d9 "
"Soft Sesame","K-1319"," #eeeade "